Fecha,TLALPAN,BENITOJUAREZ,AZCAPOTZALCO,GUSTAVOAMADERO,CUAHUTEMOC,IZTACALCO,VENUSTIANOCARRANZA,MIGUELHIDALGO,ALVAROOBREGON,TLAHUAC,CUAJIMALPA,COYOACAN,IZTAPALAPA
01/01/2020,,1.4,1.5,,,1.7,2.1,1.2,1.1,2.0,0.7000000000000001,1.0,0.95
02/01/2020,,0.4,1.1,,,1.0,0.6,0.8,0.2,0.2,0.2,0.2,0.44999999999999996
03/01/2020,0.4,0.6,1.4,,,1.2,1.7,0.8,0.6,0.6,0.45,0.6,1.0499999999999998
04/01/2020,0.7,0.6,0.9,,,0.7,0.7,0.9,0.8,0.4,0.45,0.65,0.8500000000000001
05/01/2020,0.5,1.7,1.3,,,2.2,0.8,1.7,0.7,1.2,1.1,1.15,1.6
06/01/2020,1.2,1.3,2.6,,,2.0,2.6,2.3,1.1,1.5,1.4,1.6,2.35
07/01/2020,0.5,1.5,1.8,,,3.1,2.3,0.6,0.6,1.8,0.55,1.5499999999999998,2.5
08/01/2020,0.8,0.8,1.1,,,1.3,1.3,0.7,0.8,0.8,1.05,0.9,1.2000000000000002
09/01/2020,0.6,1.1,2.6,,,2.6,2.6,1.9,1.8,2.2,1.1,1.1,3.7
10/01/2020,0.4,1.7,2.5,,,1.6,3.1,1.1,0.9,1.5,0.4,1.1,4.0
11/01/2020,0.4,1.2,1.1,,,0.9,1.9,1.1,0.8,1.5,0.55,1.0,1.2
12/01/2020,0.8,0.9,1.2,,,1.2,1.5,0.9,0.6,1.5,0.75,1.0,0.7
13/01/2020,0.7,1.7,3.1,,,2.6,2.0,1.8,0.9,1.3,0.75,1.6,2.8499999999999996
14/01/2020,0.6,1.6,1.9,,1.3,0.9,2.3,1.8,0.6,2.7,1.05,1.5499999999999998,1.5499999999999998
15/01/2020,0.7,1.5,1.7,,1.3,1.8,1.4,1.9,1.0,1.3,0.6,1.2,1.85
16/01/2020,0.4,0.9,0.9,,0.8,1.2,1.2,0.9,0.7,0.7,0.6499999999999999,0.7,0.75
17/01/2020,0.4,1.5,1.8,,1.4,1.4,1.2,1.2,1.0,1.2,0.95,1.2000000000000002,1.7
18/01/2020,0.6,1.9,1.3,,1.3,2.1,1.8,1.6,0.9,1.0,0.6499999999999999,1.05,1.75
19/01/2020,0.3,0.3,0.4,,0.4,0.4,0.6,0.3,0.2,0.4,0.3,0.45,0.35
20/01/2020,0.6,0.7,0.7,,0.6,0.9,1.1,0.7,1.0,1.1,0.6,1.15,1.1
21/01/2020,0.6,1.7,1.3,,0.8,2.8,1.5,0.9,0.7,1.5,0.9,1.25,1.3
22/01/2020,0.5,1.9,3.1,,1.3,2.7,2.0,3.1,1.2,1.5,0.55,1.6,1.8
23/01/2020,0.5,1.2,2.5,,1.1,2.0,1.9,1.2,1.5,1.1,0.45,1.65,1.5
24/01/2020,0.5,0.7,1.1,,0.9,1.1,1.0,0.9,0.6,1.7,0.7,0.95,1.0
25/01/2020,0.5,1.1,1.5,,1.1,1.7,1.5,0.8,0.9,0.8,0.8,1.25,1.6
26/01/2020,0.4,0.9,1.3,,0.7,1.6,,0.9,0.5,0.9,0.6,0.8500000000000001,0.9
27/01/2020,0.6,1.6,2.0,,1.4,1.7,,1.3,0.9,1.7,0.5,1.3,1.2
28/01/2020,0.3,1.5,3.0,,1.2,1.5,,2.1,1.0,1.6,0.6,1.4,1.5
29/01/2020,0.6,1.7,1.1,,0.8,1.9,,1.3,0.8,1.9,1.15,1.55,2.1
30/01/2020,0.7,1.3,2.7,,1.4,2.6,,1.4,1.1,0.7,0.6499999999999999,0.9,0.7
31/01/2020,0.2,0.9,1.7,,1.2,1.4,,0.7,0.6,1.2,0.45,1.1,0.7
01/02/2020,,0.6,0.7,,0.7,1.4,,0.7,0.6,0.8,0.7,1.0,0.9
02/02/2020,,0.9,1.7,,0.9,1.4,,1.1,0.7,1.5,0.8500000000000001,1.1,1.4
03/02/2020,,1.1,1.0,,0.9,1.7,,0.9,0.5,0.7,0.35,0.6,1.6
04/02/2020,,0.3,3.1,,0.8,0.8,,1.1,1.2,0.4,0.7,0.75,0.3
05/02/2020,,0.6,0.8,,0.8,0.6,,1.3,0.3,0.2,0.25,0.35,0.45
06/02/2020,,0.9,1.0,,0.8,1.1,,1.0,0.5,0.8,0.7,0.7,0.6000000000000001
07/02/2020,,2.1,2.2,,2.4,1.8,2.3,2.4,2.0,1.6,0.9500000000000001,1.75,2.5
08/02/2020,,1.0,1.8,,1.2,1.4,1.3,1.4,0.7,1.3,0.8,0.6499999999999999,2.15
09/02/2020,,0.9,1.0,,1.2,0.9,1.6,0.8,0.5,1.0,0.4,0.75,1.5
10/02/2020,,1.6,2.4,,1.8,2.2,2.0,,1.0,1.5,0.85,1.05,2.5999999999999996
11/02/2020,,1.6,1.8,,1.8,2.4,2.0,2.4,1.2,2.1,1.1,1.2,2.85
12/02/2020,,0.9,0.8,,0.5,1.1,2.3,0.8,0.8,1.1,0.35,0.9500000000000001,1.5
13/02/2020,,1.6,1.8,,1.2,0.9,0.6,1.1,1.1,2.1,0.95,0.8,1.5
14/02/2020,,1.9,1.2,,1.8,1.4,1.8,1.4,1.0,2.3,1.0,1.45,1.3
15/02/2020,,1.3,1.3,,0.8,,1.5,1.0,0.7,1.2,0.8,0.8,1.25
16/02/2020,,1.0,0.8,,1.2,,1.1,1.3,0.5,1.4,0.5,0.8,1.6
17/02/2020,,1.3,1.6,,1.7,,1.8,2.6,1.4,1.1,0.7,1.3,2.7
18/02/2020,,1.4,1.8,,1.4,,1.8,1.8,1.7,2.4,1.15,1.65,2.7
19/02/2020,,1.8,2.3,,1.7,,1.8,2.3,1.1,0.6,0.9500000000000001,1.55,2.6500000000000004
20/02/2020,,1.2,1.5,,1.4,,0.9,1.4,0.8,1.2,0.8999999999999999,1.2000000000000002,1.15
21/02/2020,,0.3,0.5,,0.4,0.4,0.8,0.5,0.4,0.5,0.5,0.35,0.6499999999999999
22/02/2020,,0.8,1.0,,1.0,1.0,0.8,1.1,0.6,0.6,0.9,0.6,1.05
23/02/2020,,0.8,1.1,,1.5,1.3,1.5,1.1,0.7,0.9,0.45,0.8,1.25
24/02/2020,,1.3,1.5,,1.2,1.6,2.0,1.5,0.7,1.2,0.85,1.15,2.25
25/02/2020,,1.5,2.2,,1.0,1.0,1.9,1.3,0.6,1.2,0.5,0.8,1.85
26/02/2020,,0.6,0.7,,0.6,1.5,1.3,0.7,0.6,2.0,0.7,0.8500000000000001,1.15
27/02/2020,,0.9,1.3,,1.0,0.7,0.9,1.3,1.0,0.9,0.9,1.0,0.9
28/02/2020,,1.5,1.3,,1.0,1.8,1.4,0.7,0.6,1.2,0.8999999999999999,1.0,1.05
29/02/2020,,0.9,1.2,,0.9,0.8,0.9,1.2,0.5,1.2,1.0,0.8,0.95
01/03/2020,,0.8,1.5,,0.9,0.9,1.3,1.3,0.5,1.0,0.5,0.75,1.5499999999999998
02/03/2020,0.4,1.0,3.5,,0.7,1.4,2.1,0.4,0.7,1.0,0.4,0.7,1.6500000000000001
03/03/2020,0.4,1.3,2.1,,0.9,0.9,2.6,1.3,0.9,1.3,0.3,1.1,1.95
04/03/2020,0.3,1.2,1.2,,0.7,1.2,1.1,1.2,0.4,0.6,0.3,0.8,0.9
05/03/2020,0.7,1.7,1.6,,0.7,1.5,1.4,1.0,0.7,1.6,0.7,1.05,1.65
06/03/2020,0.6,0.5,0.6,,0.5,0.6,0.6,0.6,0.5,0.6,0.5,0.6499999999999999,0.55
07/03/2020,0.5,0.6,0.7,,0.7,0.6,0.6,0.7,0.6,1.0,0.6,0.7,0.6
08/03/2020,0.5,0.8,0.9,,0.6,0.7,0.7,0.8,0.6,0.7,0.8,0.7,1.0
09/03/2020,0.7,0.9,1.3,,0.7,0.6,0.9,1.2,0.7,0.8,0.6,0.75,0.95
10/03/2020,0.5,0.9,0.7,,0.9,0.8,0.9,0.8,0.8,0.8,0.7,0.65,0.45
11/03/2020,0.8,1.2,1.5,,1.4,1.1,1.3,1.5,1.0,0.8,0.9,1.05,0.9
12/03/2020,0.5,1.6,2.3,,1.3,1.2,1.9,2.0,0.7,1.2,0.6,1.1,2.2
13/03/2020,0.4,1.1,1.7,,1.2,1.6,1.4,1.0,1.0,0.9,0.2,1.05,2.0
14/03/2020,0.3,0.7,0.6,,0.5,0.6,0.6,1.3,0.4,0.9,0.4,0.45,1.4
15/03/2020,0.4,0.7,0.5,,0.5,0.8,0.6,0.3,0.6,0.6,0.4,0.55,0.9500000000000001
16/03/2020,0.4,0.6,0.7,,0.6,0.6,0.7,0.4,0.3,0.5,0.3,0.55,0.55
17/03/2020,0.4,0.8,1.2,,1.4,1.2,1.1,0.7,0.5,1.1,1.2,0.65,1.7000000000000002
18/03/2020,0.3,1.6,2.1,,1.5,1.8,1.4,1.4,0.5,1.8,1.3,0.8500000000000001,1.85
19/03/2020,0.3,1.1,1.6,,0.7,1.4,1.9,1.1,0.7,1.1,0.55,0.85,1.6500000000000001
20/03/2020,0.4,1.3,1.2,,1.8,2.4,1.5,1.6,0.5,1.0,0.5,0.9,1.0
21/03/2020,0.5,0.4,0.6,,0.4,0.7,0.5,0.3,0.4,0.8,0.3,0.5,0.95
22/03/2020,0.6,0.9,0.7,,0.7,0.9,0.7,0.8,0.4,1.0,0.4,0.6,0.7
23/03/2020,0.5,0.7,1.1,,0.9,1.3,1.3,0.9,0.4,1.0,0.45,0.5,1.5499999999999998
24/03/2020,0.7,1.2,1.4,,1.4,1.6,1.4,1.8,0.7,0.9,0.65,0.9,1.4
25/03/2020,0.5,0.5,1.2,,0.6,1.0,1.0,0.7,0.6,1.1,0.44999999999999996,0.6,1.65
26/03/2020,0.6,0.8,1.4,,0.9,1.5,1.4,0.7,0.6,1.0,0.35,0.8,1.5
27/03/2020,0.7,0.9,1.2,,0.8,1.2,1.0,0.8,0.7,1.0,0.6,0.7,1.6
28/03/2020,0.6,1.0,0.9,,0.8,0.9,1.0,1.0,0.7,1.3,0.55,1.1,1.3
29/03/2020,0.4,0.4,0.4,,0.3,0.3,0.5,0.3,0.3,1.2,0.3,0.7,0.55
30/03/2020,0.5,0.6,0.9,,0.5,0.7,0.8,0.5,0.4,1.0,0.5,0.7,0.6499999999999999
31/03/2020,0.4,0.8,0.7,,0.8,0.8,0.8,1.1,0.6,0.6,0.55,0.8,0.8
01/04/2020,0.3,0.4,0.6,,0.5,0.6,0.5,0.6,0.4,0.6,0.45,0.4,0.65
02/04/2020,0.3,0.5,0.6,,0.6,0.7,0.6,0.6,0.4,0.6,0.35,0.7,0.75
03/04/2020,0.5,0.7,0.9,,0.7,0.8,0.8,0.7,0.4,1.1,0.4,0.6,1.0
04/04/2020,0.2,0.4,0.9,,0.4,0.9,0.7,0.7,0.4,0.6,0.4,0.7,1.0
05/04/2020,0.4,0.6,0.8,,0.6,0.7,0.8,0.7,0.4,0.6,0.5,0.5,0.85
06/04/2020,0.4,0.7,1.0,,0.7,0.9,1.0,0.6,0.5,0.8,0.5,0.6,1.0
07/04/2020,0.4,0.6,0.7,,0.6,0.6,0.5,0.5,0.2,0.6,0.3,0.6,0.9
08/04/2020,0.2,0.8,0.7,,0.8,0.8,1.1,1.0,0.3,1.4,0.4,1.0,1.2
09/04/2020,0.4,0.8,0.8,,0.8,0.9,0.7,0.5,0.7,0.5,0.6499999999999999,0.6,0.8500000000000001
10/04/2020,0.3,0.7,0.8,,0.5,0.8,0.9,0.6,0.3,0.5,0.2,0.5,1.25
11/04/2020,0.3,0.6,0.9,,0.5,0.7,1.1,0.4,0.2,0.9,0.2,0.6,0.95
12/04/2020,0.3,0.7,0.6,,0.6,1.1,0.8,0.5,0.3,0.3,0.2,0.4,0.3
13/04/2020,0.2,0.9,1.1,,0.5,0.6,0.9,0.8,0.5,0.9,0.4,0.6,1.3
14/04/2020,0.5,0.7,1.3,,0.6,1.0,0.9,1.0,0.5,1.0,0.6,0.6,1.0
15/04/2020,0.4,0.7,0.7,,0.6,0.8,0.7,0.6,0.5,0.5,0.4,0.9,0.55
16/04/2020,0.4,0.8,1.0,,0.7,0.7,0.9,0.4,0.4,0.5,0.35,0.5,0.55
17/04/2020,0.5,0.6,0.8,,0.5,0.7,0.6,0.8,0.8,0.7,0.35,0.7,0.7
18/04/2020,0.5,0.7,1.0,,0.5,0.7,0.8,0.8,0.6,0.6,0.6,1.1,1.0
19/04/2020,0.5,0.6,0.5,,0.5,0.7,0.7,0.4,0.5,0.4,0.4,0.8,0.8999999999999999
20/04/2020,0.4,0.7,1.4,,0.6,1.0,0.9,0.9,0.3,0.8,0.5,0.8,1.15
21/04/2020,0.3,0.8,1.0,,0.5,0.8,0.8,0.7,0.3,0.7,0.35,0.5,1.2999999999999998
22/04/2020,0.3,0.5,1.4,,0.9,1.5,1.7,0.8,0.5,0.5,0.35,0.7,0.95
23/04/2020,0.3,0.5,1.5,,0.5,0.7,1.1,0.7,0.4,0.7,0.3,0.6,0.8500000000000001
24/04/2020,0.5,0.6,0.8,,0.5,0.8,0.7,0.6,0.6,0.8,0.7,0.7,0.85
25/04/2020,0.4,0.7,1.1,,1.0,1.2,1.3,1.0,0.5,0.6,0.45,0.8,0.85
26/04/2020,0.3,0.2,0.3,,0.2,0.3,0.5,0.2,0.2,0.4,0.3,0.3,0.35
27/04/2020,0.3,0.4,0.5,,0.5,0.5,0.5,0.4,0.3,0.4,0.35,0.7,0.35
28/04/2020,0.4,0.6,0.9,,0.7,0.9,1.0,0.6,0.5,0.9,0.35,0.8,1.0
29/04/2020,0.4,0.6,1.1,,0.8,0.6,0.8,0.7,0.5,0.5,0.30000000000000004,1.0,0.9
30/04/2020,0.4,0.4,0.5,,0.4,0.4,0.4,0.6,0.4,0.4,0.45,0.4,0.35
01/05/2020,0.4,0.5,0.6,,0.7,0.7,0.8,0.4,0.4,0.4,0.4,0.5,0.8999999999999999
02/05/2020,0.5,0.8,0.7,,0.9,0.7,1.0,0.7,0.6,1.1,0.55,0.8,1.1
03/05/2020,0.4,0.6,0.6,,0.7,0.7,0.5,0.6,0.4,0.6,0.4,0.6,0.7
04/05/2020,0.4,0.8,1.1,,0.8,0.8,0.9,0.7,0.4,0.7,0.35,0.4,0.7
05/05/2020,0.4,0.6,0.7,,0.6,0.7,0.8,0.5,0.4,0.4,0.4,0.6,0.5
06/05/2020,0.3,0.4,0.6,,0.4,0.4,0.6,0.3,0.3,0.6,0.30000000000000004,0.6,0.5
07/05/2020,0.4,0.3,0.6,,0.5,0.7,0.5,0.5,0.5,0.4,0.35,0.4,0.5
08/05/2020,0.3,0.6,1.0,,0.7,0.9,1.3,0.7,0.5,0.5,0.4,0.6,0.75
09/05/2020,0.3,0.5,0.4,,0.5,0.5,0.5,0.5,0.4,0.4,0.35,0.6,0.5
10/05/2020,0.2,0.4,0.3,,0.4,0.4,0.3,0.3,0.2,0.3,0.3,0.3,0.35
11/05/2020,0.3,0.6,0.6,,0.5,0.6,0.5,0.6,0.4,0.7,0.45,0.5,0.55
12/05/2020,0.2,0.6,1.1,,0.9,1.1,1.8,1.0,0.4,1.2,0.6499999999999999,0.8,1.1
13/05/2020,0.2,0.7,1.3,,0.9,0.7,0.8,1.1,0.4,0.8,0.4,0.6,0.95
14/05/2020,0.2,0.7,0.9,,0.7,0.9,1.7,0.6,0.6,0.7,0.35,0.8,1.5
15/05/2020,0.2,0.8,1.1,,0.7,0.6,1.6,0.6,0.7,0.8,0.4,0.7,1.0
16/05/2020,0.2,0.4,0.8,,0.6,0.6,0.8,0.6,0.3,0.7,0.2,0.7,0.7
17/05/2020,0.3,0.5,0.4,,0.8,0.5,1.0,0.6,0.3,1.1,0.35,0.7,1.0
18/05/2020,0.3,0.4,0.6,,0.6,0.6,0.8,0.7,0.3,0.7,0.35,0.6,0.5
19/05/2020,0.5,0.6,0.9,,0.6,0.7,0.7,0.9,,0.9,0.35,0.5,0.9
20/05/2020,0.5,0.6,1.1,,0.8,1.3,1.0,0.8,,0.6,0.45,0.8,1.05
21/05/2020,0.6,1.0,1.3,,0.9,1.2,1.2,1.3,0.8,0.9,0.6499999999999999,1.1,1.15
22/05/2020,0.5,0.9,1.2,,0.9,1.2,1.8,0.7,0.6,0.9,0.4,1.3,1.0
23/05/2020,0.3,0.8,1.1,,1.0,1.0,1.1,1.1,0.4,0.7,0.35,0.9,0.65
24/05/2020,0.3,0.5,0.6,,0.4,0.7,0.9,0.4,0.2,0.5,0.3,0.5,0.5
25/05/2020,0.2,0.8,1.6,,0.8,0.7,1.1,0.9,0.8,0.8,0.3,0.7,0.7
26/05/2020,0.4,0.7,1.4,,0.8,0.8,0.9,1.1,0.5,0.6,0.5,0.9,1.0
27/05/2020,0.5,0.8,1.1,,0.7,0.9,0.9,0.8,0.6,1.1,0.6,0.7,0.9
28/05/2020,0.4,0.6,0.7,,0.6,1.0,1.0,0.6,0.5,0.5,0.45,0.8,1.0
29/05/2020,0.4,0.8,0.7,,0.6,1.1,0.7,0.7,0.6,0.5,0.7,0.8,0.8
30/05/2020,0.4,0.4,0.3,,0.5,0.3,0.4,0.3,0.2,0.3,0.25,0.4,0.2
31/05/2020,0.3,0.3,0.4,,0.3,0.3,0.3,0.4,0.3,0.3,0.35,0.4,0.2
01/06/2020,0.4,0.5,0.6,,0.7,0.7,0.7,0.4,0.3,0.5,0.4,0.6,0.7
02/06/2020,0.6,,0.7,,0.5,0.6,0.5,0.6,0.5,0.4,0.35,0.4,0.6
03/06/2020,0.2,,0.3,,0.2,0.3,0.4,0.3,0.2,0.2,0.2,0.2,0.2
04/06/2020,0.2,0.2,0.5,,0.4,0.4,0.7,0.5,0.3,0.5,0.25,0.5,0.7
05/06/2020,0.3,0.2,0.5,,0.3,0.3,0.7,0.3,0.2,0.3,0.25,0.4,0.4
06/06/2020,0.3,0.5,0.6,,0.4,0.4,0.3,0.5,0.4,0.5,0.4,0.3,0.4
07/06/2020,0.3,0.3,0.4,,0.3,0.4,0.3,0.3,0.3,0.2,0.25,0.2,0.3
08/06/2020,0.3,0.5,0.6,,0.7,0.9,0.1,0.4,0.3,0.3,0.35,0.3,1.2
09/06/2020,0.2,0.6,0.9,,0.6,1.0,0.9,0.9,0.5,0.9,0.4,0.6,0.7
10/06/2020,0.3,0.7,0.8,,0.5,1.3,1.3,0.8,0.5,0.7,0.45,0.8,1.1
11/06/2020,0.4,0.3,0.4,,0.2,0.4,0.5,0.4,0.3,0.4,0.3,0.2,0.3
12/06/2020,0.2,0.2,0.3,,0.3,0.4,0.4,0.3,0.3,0.3,0.2,0.3,0.3
13/06/2020,0.2,0.3,0.2,,0.3,0.3,0.4,0.2,0.4,0.2,0.25,0.3,0.3
14/06/2020,0.4,0.5,0.3,,0.4,0.5,0.4,0.3,0.3,0.3,0.3,0.4,0.3
15/06/2020,0.5,0.5,0.5,,0.4,0.6,0.5,0.4,0.4,0.4,0.35,0.5,0.5
16/06/2020,0.5,0.7,0.7,,0.7,0.6,0.6,0.8,0.4,0.3,0.55,0.5,0.5
17/06/2020,0.5,0.7,0.7,,0.7,0.8,0.8,0.6,0.6,0.4,0.45,,0.4
18/06/2020,0.4,0.6,0.6,,0.7,0.8,0.7,0.7,0.4,0.8,0.4,,0.4
19/06/2020,0.3,0.5,0.5,,0.4,0.5,0.5,0.5,0.3,0.8,0.3,,0.5
20/06/2020,0.3,0.4,0.5,,0.5,0.5,0.8,0.4,,0.5,0.25,0.5,0.5
21/06/2020,0.5,0.8,0.8,,0.7,0.7,0.8,0.7,,0.7,0.45,0.5,1.0
22/06/2020,0.7,0.9,0.9,,0.9,0.8,1.0,0.9,,0.5,0.65,0.7,0.8
23/06/2020,0.4,0.6,0.8,,0.9,0.9,1.6,1.0,,1.1,0.55,0.6,0.8
24/06/2020,0.5,0.4,0.6,,0.6,0.5,0.6,0.7,0.4,0.6,0.45,0.3,0.5
25/06/2020,0.4,0.7,0.6,,0.5,0.8,0.6,0.5,0.5,0.6,0.35,0.5,0.6
26/06/2020,0.5,0.6,0.6,,0.6,0.7,0.7,0.7,0.4,0.5,0.4,0.6,0.8
27/06/2020,0.4,0.7,0.5,,0.5,0.7,0.5,0.5,0.3,1.2,0.35,0.5,0.6
28/06/2020,0.4,0.3,0.5,,0.5,0.4,0.6,0.5,0.4,0.5,0.35,0.35,0.3
29/06/2020,0.4,0.9,0.8,,0.8,0.7,0.7,0.6,0.4,0.7,0.5,0.65,0.6
30/06/2020,0.4,0.6,0.8,,0.5,0.8,1.2,0.6,0.3,0.6,0.45,0.6000000000000001,0.7
01/07/2020,0.4,0.5,1.0,,0.5,0.6,0.8,0.7,0.5,0.5,0.5,0.55,0.3
02/07/2020,0.5,0.5,0.4,,0.3,0.6,0.6,0.7,0.5,0.5,0.4,0.5,0.4
03/07/2020,0.3,0.4,0.4,,0.3,0.3,0.5,0.5,0.3,0.6,0.3,0.3,0.4
04/07/2020,0.3,0.3,0.4,,0.3,0.4,0.6,0.5,0.3,0.5,0.3,0.4,0.4
05/07/2020,0.2,,0.5,,0.4,0.7,0.5,0.7,0.3,0.3,0.4,0.6499999999999999,0.7
06/07/2020,0.4,,1.1,,0.8,1.3,0.9,0.7,0.6,0.5,0.5,0.6499999999999999,0.6
07/07/2020,0.3,0.6,0.7,,0.7,0.7,0.6,0.8,0.5,0.6,0.6499999999999999,0.6,0.7
08/07/2020,0.5,0.6,0.8,,0.7,1.2,0.7,0.6,0.5,0.5,0.45,0.5,0.9
09/07/2020,0.6,0.7,0.9,,0.8,0.7,0.9,1.1,0.7,1.0,0.6,0.75,0.7
10/07/2020,0.4,1.0,1.2,,1.1,1.7,1.4,1.2,0.6,0.9,0.45,0.95,1.15
11/07/2020,0.3,0.4,0.3,,0.2,0.5,0.5,0.4,0.3,0.4,0.3,0.35,0.44999999999999996
12/07/2020,0.3,0.3,0.7,,0.3,0.4,0.4,0.5,0.3,0.4,0.25,0.4,0.7
13/07/2020,0.5,0.9,1.1,,0.7,1.0,0.8,1.1,0.6,1.2,0.45,0.6499999999999999,0.95
14/07/2020,0.4,0.6,1.2,,0.7,0.8,0.8,0.8,0.5,1.1,0.55,0.65,0.95
15/07/2020,0.5,0.6,0.9,,0.6,0.9,0.9,0.7,0.5,0.7,0.5,0.6,1.05
16/07/2020,0.4,0.4,1.0,,0.4,0.6,0.6,0.6,0.5,1.3,0.5,0.7,0.95
17/07/2020,0.4,0.4,0.6,,0.5,0.7,0.5,0.6,0.5,0.4,0.55,0.5,0.55
18/07/2020,0.4,0.5,0.5,,0.6,0.9,0.8,0.6,0.3,0.5,0.35,0.45,0.6499999999999999
19/07/2020,0.4,0.5,0.6,,0.5,1.5,0.6,0.8,,1.0,0.4,0.65,0.95
20/07/2020,0.7,0.7,0.9,,0.7,0.9,0.6,0.9,,0.7,0.6,0.75,0.9500000000000001
21/07/2020,0.4,0.6,0.6,,0.7,1.0,0.6,0.7,,1.3,0.5,0.6499999999999999,1.05
22/07/2020,0.3,0.5,0.8,,0.6,0.7,0.5,0.9,,,0.5,0.55,0.9
23/07/2020,0.4,0.5,0.4,,0.4,1.1,0.5,0.5,,0.7,0.4,0.5,0.5
24/07/2020,0.3,0.4,0.6,,0.4,0.5,0.6,0.6,,0.4,0.4,0.55,0.55
25/07/2020,0.4,0.5,0.4,,0.4,0.6,0.5,0.7,,0.5,0.4,0.45,0.8
26/07/2020,0.7,1.2,1.1,,0.8,2.0,0.9,0.7,,0.8,0.8,0.65,0.75
27/07/2020,0.6,0.7,1.1,,1.0,0.9,1.1,1.3,,0.8,0.4,0.55,0.5
28/07/2020,0.5,0.6,0.8,,0.5,0.7,0.4,0.7,,0.6,0.6,0.45,0.5
29/07/2020,0.9,0.9,0.8,,0.8,0.9,0.7,0.8,0.8,0.7,0.6,0.6499999999999999,0.9
30/07/2020,0.5,0.7,0.8,,0.6,1.1,0.9,0.7,0.4,0.8,0.5,0.75,0.8
31/07/2020,0.4,0.6,0.6,,0.5,0.9,0.8,0.8,0.4,0.6,0.4,0.45,1.15
01/08/2020,0.5,0.5,0.8,,0.6,1.1,0.9,1.0,0.5,0.9,0.4,0.6499999999999999,1.05
02/08/2020,0.4,,0.5,,0.5,0.5,0.7,0.7,0.3,1.0,0.4,0.7,0.8999999999999999
03/08/2020,0.7,,1.1,,0.9,0.8,0.8,0.9,0.6,1.1,0.6,0.6499999999999999,0.6499999999999999
04/08/2020,0.6,,1.0,,0.7,0.7,1.0,1.0,0.6,1.1,0.5,0.75,1.1
05/08/2020,0.9,,0.4,,0.4,0.6,0.6,0.5,0.4,0.7,0.3,0.45,0.55
06/08/2020,0.3,,0.6,,0.5,0.7,0.8,0.4,0.6,0.7,0.4,0.55,0.75
07/08/2020,0.3,0.3,0.5,,0.3,0.4,0.9,0.3,0.3,0.5,0.2,0.3,0.55
08/08/2020,0.3,0.2,0.3,,0.3,,0.5,0.3,0.3,0.4,0.3,0.25,0.4
09/08/2020,0.4,0.3,0.5,,0.4,,0.5,0.5,0.4,0.4,0.5,0.45,0.75
10/08/2020,0.6,0.5,1.0,,0.5,,1.2,0.6,0.5,0.7,0.5,0.75,0.9
11/08/2020,0.3,0.4,0.6,,0.6,,0.5,0.6,0.5,0.7,0.5,0.6,0.75
12/08/2020,0.3,0.5,1.0,,0.4,,1.0,0.7,0.5,0.5,0.5,0.45,0.6499999999999999
13/08/2020,,0.6,0.8,,,,1.0,0.6,0.5,0.6,0.7,0.55,0.75
14/08/2020,,0.8,0.9,,,,1.3,0.6,0.6,0.7,0.4,0.65,0.95
15/08/2020,,0.7,0.7,,,,1.1,,0.4,1.1,0.5,0.75,0.9
16/08/2020,,0.3,0.4,,,,0.6,,0.3,0.4,0.4,0.4,0.45
17/08/2020,,0.4,0.7,,,,0.8,,0.4,0.5,0.3,0.4,0.7
18/08/2020,,0.3,0.5,,,,0.8,,0.3,0.5,0.3,0.4,0.6499999999999999
19/08/2020,,0.8,0.5,,,,0.7,,0.6,0.7,0.5,0.6,0.75
20/08/2020,,0.8,0.5,,,,0.9,,0.6,0.5,0.5,0.55,0.75
21/08/2020,,0.4,0.5,,,,1.0,,0.5,0.7,0.5,0.5,1.0
22/08/2020,,0.7,0.6,,,,0.8,,0.3,1.7,0.1,0.7,0.85
23/08/2020,,0.2,0.1,,,,0.4,,0.2,0.3,0.2,0.3,0.35
24/08/2020,,0.4,0.5,,,,0.6,,0.4,0.4,0.4,0.4,0.6499999999999999
25/08/2020,,0.3,0.3,,,,0.6,,0.4,0.4,0.3,0.3,0.6
26/08/2020,,0.4,0.6,,,,0.8,,0.5,0.8,0.4,0.6,0.8
27/08/2020,,0.3,0.6,,,,0.7,,0.6,0.6,0.6,0.45,0.6
28/08/2020,,0.8,0.9,,,,1.1,,0.5,0.9,0.6,0.8,0.9500000000000001
29/08/2020,,0.6,0.5,,,,0.5,,0.5,0.6,0.5,0.55,0.9
30/08/2020,,0.4,0.5,,,,0.6,,0.4,0.4,0.5,0.45,0.35
31/08/2020,,0.6,1.2,,,,0.8,,0.4,0.8,0.5,0.55,0.75
01/09/2020,,0.6,1.1,,,,1.2,,0.6,0.6,0.5,0.55,1.1
02/09/2020,,0.8,1.1,,,,1.1,,0.5,0.8,0.4,0.6499999999999999,1.25
03/09/2020,,0.5,0.6,,,,0.8,,0.4,1.0,0.5,0.55,0.75
04/09/2020,,0.2,0.3,,,,0.6,,0.3,0.3,0.2,0.2,0.2
05/09/2020,,0.5,0.3,,,,0.6,,0.4,0.6,0.4,0.5,1.1
06/09/2020,,0.2,0.2,,,,0.5,,0.2,0.6,0.2,0.25,0.35
07/09/2020,,0.4,0.5,,,,0.6,,0.4,0.7,0.3,0.6,0.5
08/09/2020,,0.6,0.7,,,,0.7,,0.5,1.0,0.6,0.55,0.8
09/09/2020,,0.9,1.1,,,,0.7,,0.5,1.7,0.5,0.75,0.95
10/09/2020,,0.7,0.7,,,,1.0,,0.5,0.4,0.4,0.5,1.2
11/09/2020,,0.5,0.6,,,,0.9,,0.3,0.5,0.2,0.4,0.75
12/09/2020,,0.4,0.7,,,,0.5,0.5,0.3,0.5,0.4,0.35,0.44999999999999996
13/09/2020,,0.2,0.3,,,,0.4,0.3,0.1,0.4,0.2,0.44999999999999996,0.4
14/09/2020,,0.7,1.0,,,,1.1,0.8,0.4,0.6,0.4,0.5,1.1
15/09/2020,,0.5,0.5,,,,0.7,0.5,0.4,0.3,0.3,0.55,0.5
16/09/2020,,0.2,0.2,,,,0.3,0.3,0.4,0.3,0.3,0.25,0.35
17/09/2020,,0.5,0.6,,,,0.8,0.5,0.4,0.6,0.3,0.55,0.55
18/09/2020,,0.9,0.4,,,,1.1,0.4,0.5,0.7,0.4,0.55,0.8500000000000001
19/09/2020,,0.7,0.8,,,,0.8,0.5,0.3,0.7,0.4,0.55,1.0
20/09/2020,,0.4,0.5,,,,0.4,0.4,0.3,0.8,0.3,0.45,0.6
21/09/2020,,0.8,0.9,,,,0.7,0.6,0.5,0.7,0.5,0.6499999999999999,0.8500000000000001
22/09/2020,,1.1,1.0,,,,1.1,1.0,0.8,1.1,0.6,0.6000000000000001,0.95
23/09/2020,,1.0,1.2,,,,1.0,1.2,0.5,0.8,0.4,0.8500000000000001,1.05
24/09/2020,,0.6,0.7,,,,0.8,0.6,0.5,0.8,0.6,0.6499999999999999,0.95
25/09/2020,,0.7,1.3,,,,0.3,,0.7,0.7,0.6,0.6499999999999999,0.8
26/09/2020,,0.9,1.1,,,,,,0.5,1.4,0.6,0.75,1.15
27/09/2020,,1.0,1.0,,,,,,0.6,1.3,0.4,0.75,1.35
28/09/2020,,1.2,1.2,,,,,,0.7,0.7,0.4,0.8,1.75
29/09/2020,,0.3,0.3,,,,,,0.4,0.4,0.2,0.3,0.5
30/09/2020,,0.6,0.7,,,,,0.5,0.5,0.7,0.6,0.55,0.55
01/10/2020,,1.3,1.0,,,,1.2,0.9,1.0,0.8,0.7,1.05,0.8
02/10/2020,,0.4,0.5,,,,0.8,0.4,0.4,0.7,0.5,0.7000000000000001,0.6
03/10/2020,,0.3,0.3,,,,0.3,0.4,0.3,0.5,0.4,0.4,0.30000000000000004
04/10/2020,,0.3,0.2,,,,0.5,0.4,0.3,0.3,0.2,0.4,0.25
05/10/2020,,0.4,0.7,,,,0.8,0.5,0.6,0.7,0.5,0.7,0.95
06/10/2020,,1.2,1.1,,,,0.9,1.3,0.8,1.0,0.8,1.1,0.8
07/10/2020,,1.1,1.4,,,,1.2,,0.6,1.9,0.5,1.15,1.0
08/10/2020,,1.1,1.3,,,,0.9,,0.8,0.7,0.6,0.75,1.1
09/10/2020,,1.3,0.8,,,,1.0,1.1,0.5,1.6,0.6,0.8,0.8
10/10/2020,,0.7,1.1,,,,0.9,1.3,0.4,0.9,0.6,0.6,1.3
11/10/2020,,0.6,0.4,,,,1.5,0.9,0.5,0.6,0.5,0.6,0.8
12/10/2020,,0.9,1.7,,,,1.4,1.3,0.6,0.6,0.7,0.6,1.25
13/10/2020,,0.9,0.8,,,,1.0,0.6,0.4,0.9,,0.6000000000000001,0.95
14/10/2020,,0.5,0.6,,,,0.8,0.6,0.5,0.7,,0.5,0.65
15/10/2020,,1.3,1.4,,,,1.2,1.2,0.7,0.9,,0.8999999999999999,1.2
16/10/2020,,0.5,0.6,,,,1.3,0.4,0.3,0.4,,0.75,1.0499999999999998
17/10/2020,,0.4,0.6,,,,0.9,0.4,0.4,0.7,,0.45,0.55
18/10/2020,,1.1,1.0,,,,1.0,1.4,0.6,1.0,,0.8500000000000001,0.8500000000000001
19/10/2020,,1.5,1.2,,,,1.1,1.0,1.0,0.7,,1.1,0.9
20/10/2020,,0.7,0.9,,,,0.8,0.5,0.4,0.5,,0.6,0.6499999999999999
21/10/2020,,0.5,0.8,,,,0.8,0.5,0.3,0.7,,0.5,0.5
22/10/2020,,1.1,1.1,,,,0.6,1.2,0.7,0.7,,0.8,0.8
23/10/2020,,1.2,1.6,,,,1.5,1.3,0.9,1.2,,0.85,1.9
24/10/2020,,1.5,1.2,,,,1.7,2.2,1.0,2.1,,1.0,1.2000000000000002
25/10/2020,,0.6,0.6,,,,0.9,0.8,0.5,0.8,,0.65,1.25
26/10/2020,,1.1,1.2,,,,1.5,1.5,1.0,0.9,,0.9500000000000001,1.7
27/10/2020,,1.2,1.4,,,,1.5,1.0,0.8,1.1,,0.85,1.35
28/10/2020,,1.1,1.0,,,,1.1,1.6,0.6,0.9,,0.75,1.15
29/10/2020,,0.9,1.2,,,,1.2,0.9,0.6,0.9,,0.7,1.4
30/10/2020,,0.6,0.4,,,,0.5,0.5,0.5,0.6,,0.35,0.44999999999999996
31/10/2020,,0.6,0.6,,,,0.8,0.7,0.4,0.6,,0.5,0.6
01/11/2020,,0.8,0.4,,,,0.8,0.5,0.4,1.1,,0.55,0.45
02/11/2020,,0.2,0.3,,,,0.2,0.2,0.2,0.2,,0.1,0.25
03/11/2020,,0.3,0.4,,,,0.4,0.3,0.5,0.7,,0.35,0.5
04/11/2020,,0.8,0.6,,,,0.7,0.5,0.7,0.7,,0.7,0.8
05/11/2020,,0.5,0.7,,,,0.6,0.6,0.6,0.7,,0.5,0.6499999999999999
06/11/2020,,1.3,1.9,,,,0.9,1.1,0.8,0.7,,0.55,0.6
07/11/2020,,0.6,1.3,,,,0.8,0.9,0.9,1.1,0.9,0.7,1.2000000000000002
08/11/2020,,0.7,1.3,,,,1.1,1.0,0.8,1.1,0.6,0.8,1.45
09/11/2020,,1.2,0.9,,,,1.5,1.5,0.9,0.7,0.8,0.8500000000000001,1.3
10/11/2020,,1.1,1.2,,,,0.9,1.7,0.9,1.1,0.8,0.9,1.35
11/11/2020,,1.0,1.6,,,,1.9,1.4,0.9,0.9,1.0,0.9,1.7999999999999998
12/11/2020,,0.9,1.8,,,,1.4,1.4,1.0,1.2,1.0,1.0,1.3
13/11/2020,,1.8,1.6,,,,1.3,1.5,0.7,1.4,0.9,0.6499999999999999,1.9500000000000002
14/11/2020,,0.7,0.8,,,,1.4,1.7,1.1,1.2,0.9,0.95,1.6500000000000001
15/11/2020,,1.4,0.7,,,,2.0,0.8,0.7,1.0,0.5,0.75,1.55
16/11/2020,,0.2,0.5,,,,0.6,0.3,0.2,0.4,0.3,0.3,0.55
17/11/2020,,0.3,0.4,,,,0.7,0.3,0.3,0.4,0.2,0.30000000000000004,0.45
18/11/2020,,0.4,0.6,,,,0.9,0.4,0.4,0.6,0.3,0.35,0.6
19/11/2020,,0.3,0.9,,,,1.1,0.5,0.8,0.9,0.8,0.6000000000000001,0.95
20/11/2020,,0.7,1.0,,,,1.3,0.7,0.7,0.5,0.8,0.6,1.2
21/11/2020,,0.2,0.3,,,,0.6,0.2,0.2,0.4,0.3,0.25,0.55
22/11/2020,,0.6,0.3,,,,0.6,0.2,0.5,0.3,0.4,0.6,0.5
23/11/2020,,0.5,0.8,,,,0.9,0.5,0.7,1.1,0.8,1.2,1.15
24/11/2020,,1.2,1.9,,,,1.5,1.7,1.1,1.2,0.9,1.4,2.2
25/11/2020,,1.0,2.2,,,,1.8,2.2,0.9,1.2,0.7,1.0,2.25
26/11/2020,,1.0,2.1,,,,2.1,1.2,1.0,1.2,0.8,1.2,2.0
27/11/2020,,1.1,1.9,,,,1.6,1.5,0.8,1.9,1.3,1.5,2.25
28/11/2020,,1.7,1.8,,,,1.7,1.6,0.9,1.2,0.8,1.0,2.95
29/11/2020,,1.2,1.1,,,,1.5,1.2,0.8,1.0,0.7,1.1,1.7000000000000002
30/11/2020,,0.5,0.6,,,,0.8,0.5,0.5,0.9,0.7,0.55,0.75
01/12/2020,,1.3,1.0,,,,1.2,1.2,0.9,0.8,0.8,1.1,1.0
02/12/2020,,0.8,0.9,,,,0.8,0.7,0.5,1.0,0.3,0.55,1.05
03/12/2020,,1.0,1.2,,,,1.4,1.4,0.8,0.6,0.2,0.6499999999999999,1.9
04/12/2020,,1.4,2.3,,,,1.8,1.7,1.1,1.0,0.5,1.15,1.85
05/12/2020,,1.5,2.2,,,,2.3,1.8,1.0,0.8,0.5,0.75,1.05
06/12/2020,,0.8,,,,,1.3,1.5,0.5,0.9,0.4,0.7,1.35
07/12/2020,,0.6,,,,,1.0,0.6,0.7,0.6,1.0,0.6,0.6
08/12/2020,,1.1,0.8,,,,1.1,1.5,0.7,0.3,0.6,0.9,1.1
09/12/2020,,1.1,0.7,,,,0.9,1.0,0.7,1.0,0.6,0.6,1.05
10/12/2020,,1.6,1.4,,,,1.4,1.8,1.0,2.0,0.4,0.9,2.15
11/12/2020,,0.7,2.8,,,,1.1,2.0,0.8,1.1,0.5,0.8,1.75
12/12/2020,,1.4,1.8,,,,1.3,1.2,1.1,0.8,0.5,0.9,1.65
13/12/2020,,0.9,1.6,,,,1.8,1.1,0.8,1.1,0.4,0.75,1.5
14/12/2020,,0.9,0.8,,,,0.7,1.0,1.0,0.7,0.5,0.8,1.1
15/12/2020,,1.2,1.7,,,,0.9,1.3,0.8,0.9,0.5,0.75,1.5
16/12/2020,,1.0,1.6,,,,1.4,1.7,0.7,1.1,0.6,0.8500000000000001,1.5499999999999998
17/12/2020,,1.1,1.2,,,,1.2,0.6,0.6,1.5,0.7,0.85,1.35
18/12/2020,,0.9,2.1,,,,1.3,1.2,0.9,1.2,0.5,0.8500000000000001,1.95
19/12/2020,,1.0,1.3,,,,1.5,1.5,0.9,1.0,0.7,0.95,1.85
20/12/2020,,0.9,0.8,,,,0.6,0.9,0.5,0.8,0.3,0.65,0.85
21/12/2020,,0.8,0.9,,,,0.9,0.9,0.7,0.9,0.6,0.7,0.95
22/12/2020,,1.3,1.5,,,,1.2,1.9,0.8,1.5,0.6,1.0,0.9
23/12/2020,,1.2,2.0,,,,1.5,1.4,1.0,1.0,0.7,0.9,2.0
24/12/2020,,1.8,1.7,,,,1.4,1.3,1.0,1.6,0.9,1.15,1.75
25/12/2020,,0.4,0.8,,,,0.5,0.9,0.5,1.0,0.6,0.65,0.95
26/12/2020,,0.8,1.3,,,,1.2,1.6,0.5,1.0,0.3,0.7,1.3
27/12/2020,,1.0,1.2,,,,1.3,1.0,0.8,1.3,0.6,1.0,1.65
28/12/2020,,1.4,1.6,,,,1.3,1.6,0.8,1.1,0.8,1.6500000000000001,2.0
29/12/2020,,1.3,1.4,,,,1.5,1.7,1.1,2.1,1.1,1.3,2.2
30/12/2020,,1.3,1.6,,,,2.7,1.4,0.7,0.7,0.6,0.75,1.0499999999999998
31/12/2020,,1.2,1.5,,,,0.6,1.3,1.0,,0.7,0.4,0.5
01/01/2021,,1.4,1.16,,,,1.46,0.98,1.41,1.05,0.46,0.91,0.99
02/01/2021,,1.2,2.49,,,,1.58,0.78,0.8,0.89,0.61,0.79,1.4249999999999998
03/01/2021,,1.08,2.37,,,,1.47,1.65,0.55,0.94,0.55,0.765,1.71
04/01/2021,,1.16,2.09,,,,1.9,1.37,1.01,1.18,0.78,1.175,2.305
05/01/2021,,1.25,2.09,,,,1.57,1.44,0.83,1.72,0.57,1.1,1.6400000000000001
06/01/2021,,1.45,1.91,,,,2.41,1.36,0.89,1.28,0.89,1.4049999999999998,2.2649999999999997
07/01/2021,,0.83,0.68,,,,0.73,0.57,0.59,0.84,0.56,0.9,0.74
08/01/2021,,1.04,1.35,,,,1.8,1.61,0.8,1.4,0.48,0.855,1.955
09/01/2021,,1.26,1.45,,,,1.21,1.47,0.67,1.4,0.73,0.885,1.3399999999999999
10/01/2021,,0.79,0.92,,,,0.79,0.75,0.58,0.9,0.26,0.585,0.905
11/01/2021,,0.89,1.54,,,,0.81,1.13,0.72,1.6,0.7,0.92,1.0950000000000002
12/01/2021,,0.69,1.88,,,,2.31,1.44,0.87,0.9,0.43,0.51,0.43000000000000005
13/01/2021,,1.51,1.48,,,,2.0,1.25,0.84,0.6,0.68,1.02,1.8800000000000001
14/01/2021,,1.35,1.34,,,,1.95,1.06,0.96,,0.52,1.2000000000000002,1.145
15/01/2021,,1.11,1.09,,,,2.12,1.54,0.58,1.25,0.73,0.9299999999999999,2.1399999999999997
16/01/2021,,1.11,0.76,,,,1.28,0.89,0.73,1.06,0.46,1.02,0.895
17/01/2021,,1.37,1.09,,,,1.41,1.16,0.69,1.0,0.4,1.125,1.81
18/01/2021,,1.58,1.69,,,,1.65,2.54,0.98,1.25,0.54,1.1099999999999999,2.46
19/01/2021,,1.31,1.72,,,,2.08,1.51,0.84,1.6,0.57,0.975,2.4250000000000003
20/01/2021,,1.34,0.55,,,,1.12,0.95,0.81,0.75,0.59,0.845,0.83
21/01/2021,,1.18,2.27,,,,1.55,1.52,0.67,1.45,0.49,0.7,1.78
22/01/2021,,1.17,2.74,,,,1.9,1.81,1.09,1.43,0.35,0.8049999999999999,3.84
23/01/2021,,0.95,1.82,,,,1.72,1.63,0.78,0.99,0.52,0.665,1.82
24/01/2021,,1.03,1.74,,,,1.23,0.96,0.72,1.14,0.44,0.73,1.9
25/01/2021,,1.16,2.11,,,,1.99,1.46,0.56,1.2,0.4,0.865,1.78
26/01/2021,,0.79,1.49,,,,1.36,1.59,,1.32,0.37,0.675,2.34
27/01/2021,,1.95,2.05,,,,2.51,1.93,,1.78,0.44,1.08,3.69
28/01/2021,,0.38,0.32,,,,0.63,0.42,0.41,0.4,0.3,0.28500000000000003,0.64
29/01/2021,,1.07,1.42,,,,1.57,1.05,0.73,1.42,0.64,0.76,1.23
30/01/2021,,1.76,1.74,,,,1.91,1.37,0.66,1.59,0.74,0.855,1.95
31/01/2021,,1.25,0.97,,,,1.44,1.31,0.73,1.25,0.39,0.765,1.29
01/02/2021,,0.32,0.28,,,,0.6,0.33,0.33,0.35,0.42,0.515,0.43
02/02/2021,,1.23,1.28,,,,0.97,1.3,1.22,0.6,0.81,1.3199999999999998,1.24
03/02/2021,,1.56,2.08,,,,1.52,1.58,0.93,0.83,0.75,1.115,2.91
04/02/2021,,1.47,2.84,,,,2.14,1.69,1.42,0.97,0.9,1.045,2.78
05/02/2021,,1.63,2.22,,,,2.8,1.87,1.25,1.23,0.72,1.34,2.84
06/02/2021,,0.92,1.49,,,,1.1,1.05,0.68,0.88,0.43,0.8200000000000001,2.62
07/02/2021,,0.85,0.64,,,,0.69,0.84,0.69,1.29,0.63,0.87,1.61
08/02/2021,,0.97,2.25,,,,1.23,1.28,0.51,1.14,0.43,0.855,2.37
09/02/2021,,0.89,1.37,,,,1.83,1.09,0.95,0.98,0.63,0.94,2.63
10/02/2021,,1.15,1.94,,,,2.02,1.06,0.72,0.68,0.72,0.845,1.74
11/02/2021,,1.04,2.29,,,,2.07,2.07,1.06,0.64,0.61,0.78,1.69
12/02/2021,,0.7,1.96,,,,1.79,1.47,0.67,1.37,0.6,0.785,1.08
13/02/2021,,0.77,1.08,,,,1.29,0.79,0.72,0.22,0.51,0.635,0.34
14/02/2021,,0.64,0.94,,,,0.72,0.71,0.86,0.31,0.58,0.605,0.99
15/02/2021,,1.34,1.46,,,,2.29,1.45,0.54,0.89,0.47,1.2850000000000001,2.22
16/02/2021,,1.49,1.89,,,,3.2,1.47,0.62,0.59,0.41,0.9099999999999999,3.15
17/02/2021,,0.81,0.92,,,,1.11,1.12,0.62,0.99,0.63,0.605,0.26
18/02/2021,,1.05,2.02,,,,2.36,1.54,1.29,1.12,0.73,0.72,2.01
19/02/2021,,1.22,1.04,,,,1.38,1.44,1.06,0.74,0.95,0.89,0.94
20/02/2021,,1.08,1.9,,,,1.06,1.81,0.74,0.77,0.6,0.895,1.93
21/02/2021,,0.8,1.06,,,,1.0,1.38,0.69,0.81,0.51,0.73,1.84
22/02/2021,,1.35,1.61,,,,1.19,1.89,0.75,0.99,0.56,0.9450000000000001,1.97
23/02/2021,,0.75,0.99,,,,0.64,0.95,0.74,1.03,0.72,0.815,1.31
24/02/2021,,0.78,1.79,,,,1.25,1.03,0.47,1.1,0.53,1.02,1.88
25/02/2021,,0.99,1.74,,,,1.33,1.25,0.73,1.27,1.25,0.835,1.94
26/02/2021,,1.02,1.79,,,,1.88,1.43,0.99,1.64,0.67,0.755,1.545
27/02/2021,,0.89,1.7,,,,1.56,1.21,0.79,0.92,0.48,0.8400000000000001,1.665
28/02/2021,,0.87,1.19,,,,1.01,0.97,0.54,0.69,0.4,0.685,1.9449999999999998
01/03/2021,,1.2,1.55,,,,1.55,1.58,0.59,0.79,0.49,0.87,1.8599999999999999
02/03/2021,,0.64,0.47,,,,0.74,0.7,0.43,0.87,0.52,0.475,0.9949999999999999
03/03/2021,,0.89,1.08,,,,0.88,0.94,0.45,1.34,0.44,0.8400000000000001,1.095
04/03/2021,,0.95,1.19,,,,1.31,1.23,0.65,1.23,,0.73,1.2799999999999998
05/03/2021,,0.81,1.89,,,,1.84,1.59,0.95,1.46,,0.7749999999999999,2.0300000000000002
06/03/2021,,0.73,0.7,,,,0.87,0.51,0.56,,,0.71,0.6699999999999999
07/03/2021,,0.86,0.77,,,,0.6,0.84,0.67,,,0.95,0.98
08/03/2021,,0.68,0.86,,,,0.89,1.02,0.77,,,0.755,1.05
09/03/2021,,0.75,0.67,,,,0.99,0.87,0.77,,,0.875,0.655
10/03/2021,,1.09,1.43,,,,1.57,2.05,0.8,,,0.97,2.2
11/03/2021,,1.18,2.81,,,,1.85,1.33,0.73,,0.63,1.135,1.81
12/03/2021,,1.04,2.15,,,,1.23,1.53,0.71,,0.74,0.905,1.535
13/03/2021,,0.9,1.4,,,,0.91,1.19,1.0,,0.84,0.8200000000000001,0.8
14/03/2021,,0.76,0.94,,,,1.18,0.97,0.65,,0.6,0.815,1.22
15/03/2021,,0.89,1.12,,,,0.76,0.88,0.67,,0.44,0.5800000000000001,0.96
16/03/2021,,1.27,1.74,,,,1.38,1.33,0.77,,0.45,1.04,1.6
17/03/2021,,0.99,1.54,,,,0.89,0.83,0.71,,0.51,0.92,0.895
18/03/2021,,0.39,0.55,,,,0.71,0.54,0.33,,0.43,0.27,0.635
19/03/2021,,0.76,1.0,,,,0.72,0.84,0.6,,0.74,0.655,0.8600000000000001
20/03/2021,,0.74,0.89,,,,0.85,0.76,0.45,,0.7,0.6699999999999999,0.875
21/03/2021,,0.8,0.79,,,,0.89,0.63,0.65,,0.63,0.745,1.19
22/03/2021,,0.69,1.33,,,,1.08,1.19,0.46,,0.47,0.76,1.075
23/03/2021,,0.76,1.35,,,,1.06,1.0,0.55,,0.28,0.785,1.5099999999999998
24/03/2021,,0.73,1.41,,,,0.98,1.45,0.42,,0.39,0.745,1.855
25/03/2021,,1.08,1.41,,,,1.22,1.1,0.6,,0.47,1.095,1.92
26/03/2021,,0.96,1.69,,,,1.86,1.27,0.83,,0.56,1.1,1.38
27/03/2021,,0.95,1.17,,,,1.31,1.8,0.65,1.3,,0.77,1.52
28/03/2021,,0.75,0.74,,,,0.99,1.3,0.52,1.0,,0.83,1.27
29/03/2021,,0.36,0.49,,,,0.48,0.58,0.47,0.58,,0.47,0.435
30/03/2021,,0.73,1.21,,,,1.03,1.36,0.63,0.82,,0.7,0.855
31/03/2021,,0.88,0.98,,,,1.25,1.34,0.76,0.85,0.46,0.905,1.1
01/04/2021,,0.1,0.16,,,,0.2,0.15,0.15,0.07,0.14,0.21000000000000002,0.18
02/04/2021,,0.13,0.13,,,,0.19,0.16,0.32,0.24,0.2,0.25,0.21000000000000002
03/04/2021,,0.4,0.32,,,,0.46,0.44,0.43,0.36,0.39,0.41000000000000003,0.33499999999999996
04/04/2021,,0.43,0.64,,,,0.59,0.54,0.52,0.78,0.65,0.5700000000000001,0.56
05/04/2021,,0.9,1.2,,,,0.87,0.95,0.71,0.67,0.8,0.89,1.075
06/04/2021,,1.01,0.92,,,,1.3,0.73,0.34,0.67,0.4,0.755,0.83
07/04/2021,,1.32,1.76,,,,1.27,1.48,0.63,0.9,0.73,0.8,1.28
08/04/2021,,1.09,1.98,,,,1.69,1.79,0.55,1.09,0.45,0.75,1.56
09/04/2021,,0.92,1.47,,,,1.58,0.84,0.79,1.12,0.58,0.755,1.47
10/04/2021,,0.73,1.25,,,,0.96,0.9,0.63,0.86,0.32,0.595,1.295
11/04/2021,,0.52,1.28,,,,1.46,1.14,0.67,0.71,0.31,0.555,1.5
12/04/2021,,1.44,2.83,,,,1.67,1.76,0.49,1.34,0.56,0.9550000000000001,1.3900000000000001
13/04/2021,,1.29,1.61,,,,1.58,1.55,0.89,1.28,0.52,0.885,1.9700000000000002
14/04/2021,,1.13,1.55,,,,1.8,1.36,0.98,0.89,0.95,1.1,1.325
15/04/2021,,0.8,1.85,,,,1.17,0.78,0.46,0.74,1.13,0.655,1.415
16/04/2021,,0.91,2.69,,,,1.71,1.37,0.82,0.94,0.61,0.875,1.36
17/04/2021,,1.7,2.41,,,,1.45,1.69,0.89,2.02,0.71,1.4100000000000001,2.34
18/04/2021,,0.85,0.84,,,,1.7,1.16,0.58,0.79,0.67,0.815,0.7799999999999999
19/04/2021,,1.24,1.89,,,,2.56,2.26,0.64,0.9,0.64,0.74,2.2199999999999998
20/04/2021,,1.33,1.75,,,,1.95,1.1,0.83,2.06,,1.075,1.96
21/04/2021,,0.92,2.09,,,,1.03,1.0,0.72,1.1,,1.165,1.125
22/04/2021,,1.45,1.3,,,,0.81,1.32,0.67,0.95,,0.73,1.03
23/04/2021,,1.39,1.95,,,,1.24,1.55,0.91,1.02,,0.99,1.2400000000000002
24/04/2021,,0.92,2.02,,,,1.34,1.55,0.74,1.39,,0.8500000000000001,1.505
25/04/2021,,0.4,0.44,,,,0.57,0.32,0.21,1.29,,0.67,0.755
26/04/2021,,0.96,0.4,,,,1.09,0.42,0.7,,,0.83,0.875
27/04/2021,,0.87,1.36,,,,0.79,0.89,0.64,,,0.665,1.205
28/04/2021,,0.64,1.88,,,,0.68,1.45,0.49,,,0.54,0.73
29/04/2021,,1.02,1.84,,,,1.37,1.59,0.66,,,0.92,1.2799999999999998
30/04/2021,,0.77,1.11,,,,0.93,0.96,0.62,,0.61,0.745,1.3199999999999998
01/05/2021,,0.7,1.11,,,,0.99,0.89,0.49,,0.43,0.615,1.195
02/05/2021,,0.85,1.01,,,,0.73,0.62,0.62,,0.39,0.45499999999999996,0.715
03/05/2021,,1.35,2.22,,,,2.05,1.43,0.46,,0.29,0.87,1.0499999999999998
04/05/2021,,0.62,1.79,,,,1.65,0.84,0.7,,0.41500000000000004,0.535,1.505
05/05/2021,,0.35,0.45,,,,0.73,0.44,,0.55,0.5,0.47,0.635
06/05/2021,,0.41,0.73,,,,0.99,0.41,,0.75,0.31,0.6000000000000001,0.6
07/05/2021,,0.27,0.49,,,,0.52,0.4,0.23,0.48,0.25,0.32,0.375
08/05/2021,,0.58,0.61,,,,0.44,0.68,0.35,0.35,0.405,0.435,0.63
09/05/2021,,0.56,0.72,,,,0.93,0.62,0.47,0.56,0.455,0.515,0.795
10/05/2021,,0.78,0.71,,,,0.89,0.93,0.43,0.7,0.785,0.53,0.78
11/05/2021,,0.75,0.99,,,,0.73,0.73,0.58,0.62,0.555,0.69,0.425
12/05/2021,,0.78,1.12,,,,0.95,1.01,0.61,0.3,0.7050000000000001,0.76,1.155
13/05/2021,,0.4,0.43,,,,0.77,0.45,0.32,0.6,0.32,0.44000000000000006,0.5549999999999999
14/05/2021,,0.5,0.55,,,0.6,0.71,0.46,0.52,1.1,0.41000000000000003,0.435,0.575
15/05/2021,,0.59,0.78,,,0.61,0.53,0.48,0.52,0.78,0.62,0.585,0.44
16/05/2021,,0.89,0.53,,,0.6,0.72,0.57,0.41,0.43,0.505,0.51,0.49
17/05/2021,,0.77,1.29,,,0.81,1.27,0.87,0.55,0.45,0.42,0.61,0.62
18/05/2021,,1.06,1.36,,,1.35,1.05,1.06,0.83,0.4,0.5900000000000001,0.79,1.575
19/05/2021,,1.05,1.69,,,1.38,1.7,1.41,0.93,0.71,0.495,1.145,0.595
20/05/2021,,0.96,0.19,,,1.68,1.95,0.87,0.53,0.49,0.445,0.86,1.2
21/05/2021,,0.7,1.23,,,0.78,0.63,0.8,0.4,1.17,0.58,0.62,1.095
22/05/2021,,0.71,0.38,,,,0.64,0.79,0.4,0.54,0.49,0.595,0.75
23/05/2021,,0.35,0.29,,,,0.4,0.33,0.34,0.31,0.355,0.42000000000000004,0.345
24/05/2021,,0.56,0.4,,,,0.63,0.55,0.47,0.44,0.41500000000000004,0.5,0.7949999999999999
25/05/2021,,1.02,0.84,,,1.01,1.13,0.73,0.5,0.96,0.615,0.77,1.1
26/05/2021,,0.87,0.71,,,1.01,0.9,0.54,0.51,0.64,0.635,0.76,0.64
27/05/2021,,0.64,0.58,,,0.96,0.73,0.76,0.52,0.36,0.45999999999999996,0.755,0.7
28/05/2021,,0.94,1.33,,,1.12,0.85,1.07,0.69,0.56,0.645,0.665,1.24
29/05/2021,,0.59,0.8,,,0.63,0.7,0.73,0.51,0.45,0.45999999999999996,0.485,0.8200000000000001
30/05/2021,,0.45,0.47,,,0.54,0.45,0.35,0.32,0.49,0.475,0.51,0.675
31/05/2021,,0.57,0.68,,,0.75,0.78,0.58,0.4,0.5,0.51,0.615,1.04
01/06/2021,,0.8,0.61,,,0.9,0.79,0.96,0.53,0.52,0.47,0.51,0.8
02/06/2021,,0.72,0.68,,,0.62,0.87,0.9,0.38,0.39,0.495,0.49,0.6
03/06/2021,,0.56,0.7,,,0.75,0.93,0.77,0.59,0.33,0.48,0.405,0.505
04/06/2021,,1.07,1.74,,,1.12,1.39,1.05,0.69,0.58,0.72,0.815,1.03
05/06/2021,,1.05,1.0,,,1.2,1.36,0.79,0.7,0.52,0.605,0.8,1.49
06/06/2021,,0.92,0.94,,,1.22,0.9,0.83,0.65,0.86,0.645,0.8899999999999999,0.9450000000000001
07/06/2021,,0.93,1.02,,,1.0,1.13,1.36,0.55,0.95,0.585,0.835,1.22
08/06/2021,,0.96,0.9,,,1.19,1.51,1.21,0.61,0.73,0.54,0.8,0.915
09/06/2021,,0.75,0.96,,,0.91,1.23,0.7,0.46,0.63,0.45,0.96,1.2349999999999999
10/06/2021,,0.32,0.46,,,0.51,0.82,0.4,0.38,0.51,0.32,0.645,0.79
11/06/2021,,0.51,0.59,,,0.84,0.82,0.62,0.49,0.47,0.44499999999999995,0.6100000000000001,0.605
12/06/2021,,0.79,0.52,,,0.82,0.86,0.43,0.68,0.53,0.53,0.6699999999999999,0.69
13/06/2021,,0.59,0.53,,,0.59,0.78,0.56,0.46,0.44,0.395,0.44,0.73
14/06/2021,,0.39,0.44,,,0.7,1.05,0.55,0.43,0.61,0.33499999999999996,0.55,0.765
15/06/2021,,0.2,0.53,,,0.38,0.73,0.37,0.23,0.39,0.255,0.245,0.6000000000000001
16/06/2021,,0.19,0.47,,,0.33,0.59,0.35,0.3,0.35,0.245,0.355,0.44
17/06/2021,,0.25,0.38,,,0.34,0.55,0.44,0.28,0.3,0.235,0.345,0.4
18/06/2021,,0.5,0.6,,,0.82,0.7,0.74,0.53,0.44,0.5,0.695,0.475
19/06/2021,,0.35,0.4,,,0.51,0.44,0.47,0.47,0.37,0.405,0.285,0.26
20/06/2021,,0.5,0.85,,,0.71,0.86,0.86,0.93,0.5,0.505,0.6100000000000001,0.39
21/06/2021,,1.04,1.42,,,1.11,1.09,1.65,0.74,0.5,0.935,0.745,1.41
22/06/2021,,1.01,1.19,,,1.19,1.44,1.61,1.03,0.96,0.64,0.665,0.84
23/06/2021,,0.94,0.94,,,0.96,0.84,1.08,0.56,0.54,0.645,0.595,0.73
24/06/2021,,0.68,1.03,,,0.82,1.14,1.35,0.54,0.57,0.6000000000000001,0.655,0.96
25/06/2021,,0.74,1.33,,,1.01,1.22,0.81,0.98,0.74,0.855,0.795,1.17
26/06/2021,,0.56,1.01,,,1.07,0.67,0.8,0.66,0.24,0.75,0.51,0.52
27/06/2021,,0.3,0.43,,,0.57,0.5,0.53,0.34,0.24,0.36,0.29500000000000004,0.2
28/06/2021,,0.63,0.83,,,0.91,0.76,0.71,0.54,0.27,0.54,0.37,0.84
29/06/2021,,0.67,0.92,,,1.14,1.05,0.71,0.59,1.24,0.47,0.5,1.23
30/06/2021,,0.8,0.85,,,0.91,1.09,0.62,0.66,0.64,0.425,0.5700000000000001,0.72
01/07/2021,,0.63,0.76,,,0.89,0.94,0.64,0.46,0.54,0.515,0.55,0.8
02/07/2021,,1.43,1.86,,,1.69,1.5,1.0,0.79,0.56,0.7350000000000001,0.86,0.93
03/07/2021,,0.81,1.1,,,0.85,1.16,0.96,0.66,0.51,1.0,0.655,0.95
04/07/2021,,1.34,1.07,,,1.78,1.69,1.18,0.9,0.86,1.145,1.0,2.04
05/07/2021,,1.04,1.63,,,1.11,1.55,1.27,0.68,0.73,0.7949999999999999,0.8600000000000001,1.33
06/07/2021,,1.16,1.71,,,1.97,1.7,1.56,0.97,0.68,0.805,0.98,1.38
07/07/2021,,1.25,1.86,,,1.6,1.64,1.66,1.02,0.93,0.925,0.99,
08/07/2021,,0.78,0.93,,,0.95,0.77,1.0,0.74,0.31,0.7649999999999999,0.5349999999999999,
09/07/2021,,0.88,1.06,,,0.98,0.95,0.86,0.67,0.41,0.615,0.5900000000000001,
10/07/2021,,1.05,0.76,,,1.28,1.48,1.12,0.5,0.59,0.62,0.6950000000000001,
11/07/2021,,0.52,0.44,,,0.8,0.59,0.61,0.44,0.68,0.56,0.58,
12/07/2021,,0.59,0.53,,,1.02,0.69,0.57,0.37,0.68,0.42000000000000004,0.62,
13/07/2021,,0.71,0.77,,,0.77,0.88,0.65,0.88,0.76,0.745,0.78,
14/07/2021,,0.53,0.76,,,0.72,0.86,0.62,0.44,0.68,0.36,0.5,
15/07/2021,,0.7,0.71,,,0.8,0.84,0.72,0.63,0.56,0.6799999999999999,0.56,
16/07/2021,,1.31,1.84,,,2.37,1.93,1.35,0.83,0.43,0.655,0.62,
17/07/2021,,0.52,1.0,,,1.06,0.79,0.55,0.34,1.2,0.51,0.645,
18/07/2021,,0.45,0.44,,,0.91,0.48,0.75,0.34,0.47,0.48,0.56,
19/07/2021,,0.53,0.57,,,0.73,0.62,0.63,0.64,1.16,0.53,0.8,
20/07/2021,,0.79,1.05,,,0.84,0.94,0.81,0.74,0.32,0.585,0.705,
21/07/2021,,0.59,0.76,,,1.19,0.95,0.57,0.6,,0.515,0.635,
22/07/2021,,0.88,0.97,,,0.74,0.91,0.88,0.68,,0.7749999999999999,0.835,
23/07/2021,,0.89,1.24,,,1.15,0.87,1.11,0.59,,0.565,0.8300000000000001,
24/07/2021,,0.72,0.89,,,1.22,0.75,1.09,0.35,,0.45499999999999996,0.475,
25/07/2021,,0.76,0.72,,,1.01,0.53,0.83,0.48,,0.545,0.725,
26/07/2021,,0.81,1.16,,,0.94,0.79,1.66,0.58,,0.8500000000000001,0.925,
27/07/2021,,0.79,1.76,,,1.08,1.21,1.81,0.72,,0.7949999999999999,0.835,0.96
28/07/2021,,0.84,0.54,,,0.99,1.19,0.49,0.66,,0.51,0.77,0.94
29/07/2021,,0.36,0.39,,,0.58,0.8,0.54,0.36,,0.405,0.53,0.9
30/07/2021,,0.97,0.96,,,1.01,0.85,0.63,0.47,,0.41500000000000004,0.925,0.6
31/07/2021,,1.03,1.36,,,1.4,1.37,1.02,0.47,,0.52,0.9199999999999999,0.98
01/08/2021,,0.88,1.27,,,1.17,0.97,1.06,0.48,,0.535,0.9299999999999999,1.175
02/08/2021,,0.88,1.71,,,1.2,1.3,0.85,0.66,,0.64,0.8200000000000001,1.355
03/08/2021,,0.82,0.72,,,1.03,0.81,0.89,0.56,,0.63,0.6299999999999999,0.75
04/08/2021,,0.72,0.72,,,0.99,0.76,0.84,0.54,,0.5349999999999999,0.51,0.805
05/08/2021,,0.61,0.81,,,0.9,1.04,0.61,0.56,,0.43,0.55,0.955
06/08/2021,,0.46,0.73,,,0.56,0.86,0.6,0.56,,0.55,0.455,0.775
07/08/2021,,0.4,0.56,,,0.5,0.92,0.72,0.43,,0.405,0.375,0.5449999999999999
08/08/2021,,0.84,1.18,,,1.23,0.94,0.93,0.69,,0.485,0.55,0.915
09/08/2021,,0.85,1.26,,,0.96,1.11,0.96,0.7,,0.76,0.865,1.1
10/08/2021,,0.88,1.06,,,1.15,1.11,0.79,0.38,,0.575,0.59,0.855
11/08/2021,,0.73,0.8,,,1.08,0.85,0.76,0.55,,0.55,0.5800000000000001,0.915
12/08/2021,,0.95,1.13,,,0.45,1.01,0.54,0.6,,0.41500000000000004,0.885,0.69
13/08/2021,,1.13,1.03,,,1.1,1.01,0.87,0.74,,0.44,0.855,1.35
14/08/2021,,0.59,0.95,,,0.67,0.96,0.73,0.33,,0.28500000000000003,0.465,0.89
15/08/2021,,0.31,0.17,,,0.48,0.49,0.3,0.21,,0.16999999999999998,0.3,0.71
16/08/2021,,0.37,0.48,,,0.49,0.66,0.43,0.28,,0.26,0.48,0.47
17/08/2021,,1.17,0.48,,,1.01,1.03,0.84,0.79,,0.5900000000000001,0.755,0.95
18/08/2021,,1.11,,,,0.85,1.08,1.39,0.54,,0.8500000000000001,0.69,1.97
19/08/2021,,0.68,,,,0.79,0.95,0.57,0.43,,0.445,0.605,0.79
20/08/2021,,0.41,,,,1.14,0.91,0.59,0.32,,0.535,0.575,0.94
21/08/2021,,0.93,,,,1.25,1.19,0.72,0.71,,0.51,0.8500000000000001,1.74
22/08/2021,,0.62,,,,0.71,0.63,0.54,0.41,,0.43,0.655,1.43
23/08/2021,,0.47,,,,0.61,0.7,0.58,0.39,,0.35,0.595,0.72
24/08/2021,,0.65,,,,0.54,0.62,0.53,0.53,,0.51,0.375,0.55
25/08/2021,,0.31,0.43,,,0.42,0.67,0.42,0.35,,0.31,0.32,0.8
26/08/2021,,0.34,0.46,,,0.54,0.83,0.4,0.32,,0.275,0.355,0.66
27/08/2021,,0.96,1.08,,,1.23,1.09,1.02,0.59,,0.615,0.7849999999999999,1.3
28/08/2021,,0.55,0.73,,,0.69,0.65,0.56,0.43,,0.5800000000000001,0.46499999999999997,0.34
29/08/2021,,0.81,0.96,,,1.19,0.95,0.79,0.82,,0.78,0.9099999999999999,1.05
30/08/2021,,1.19,1.36,,,1.63,1.41,0.91,0.84,,0.655,1.055,1.59
31/08/2021,,0.84,1.73,,,1.77,1.32,0.9,0.78,,0.645,0.7,1.05
01/09/2021,,1.27,1.0,,,1.35,1.29,1.05,1.03,,1.125,0.665,1.41
02/09/2021,,0.76,1.03,,,1.42,1.18,0.82,0.81,,0.69,0.72,0.9299999999999999
03/09/2021,,1.08,1.0,,,1.59,1.32,1.0,0.83,,0.685,0.8,1.165
04/09/2021,,0.49,0.74,,,0.72,0.69,0.58,0.59,,0.44,0.5700000000000001,0.6599999999999999
05/09/2021,,0.4,0.73,,,0.52,0.59,0.68,0.29,,0.46,0.455,0.47
06/09/2021,,0.86,0.78,,,0.81,0.84,0.86,0.62,,0.645,0.53,0.62
07/09/2021,,0.96,1.04,,,0.8,1.2,0.92,0.6,,0.68,0.6799999999999999,0.8300000000000001
08/09/2021,,0.77,1.58,,,1.6,1.19,0.99,0.56,0.43,0.92,0.77,1.155
09/09/2021,,0.32,0.78,,,0.61,0.99,0.69,0.45,0.6,0.36,0.58,1.06
10/09/2021,,0.52,0.51,,,0.39,0.44,0.44,0.35,0.34,0.4,0.35,0.45499999999999996
11/09/2021,,0.33,0.41,,,0.33,0.78,0.24,0.26,0.34,0.29,0.2,0.495
12/09/2021,,0.33,0.37,,,0.51,0.44,0.2,0.33,0.3,0.43,0.28500000000000003,0.335
13/09/2021,,0.71,0.71,,,0.68,0.4,0.57,0.76,0.49,0.55,0.69,0.53
14/09/2021,,0.55,1.16,,,0.75,0.95,0.68,0.56,0.63,0.75,0.38,0.385
15/09/2021,,1.09,1.14,,,0.99,1.16,1.17,0.78,0.81,0.76,0.915,1.4549999999999998
16/09/2021,,1.0,1.1,,,1.14,0.85,0.72,0.63,0.78,0.6,0.875,0.79
17/09/2021,,0.69,0.92,,,0.69,0.81,0.58,0.55,0.69,0.585,0.745,0.985
18/09/2021,,0.32,0.52,,,0.39,0.68,0.45,0.29,0.51,0.29500000000000004,0.345,0.7949999999999999
19/09/2021,,0.32,0.72,,,0.67,0.71,0.45,0.29,0.6,0.38,0.36,0.69
20/09/2021,,1.12,1.12,,,1.25,0.9,1.53,0.68,1.26,0.74,0.76,1.145
21/09/2021,,0.89,1.53,,,1.14,0.98,0.81,0.55,1.09,0.685,0.875,1.175
22/09/2021,,0.29,0.46,,,0.39,0.9,0.5,0.29,0.38,0.25,0.33999999999999997,0.7150000000000001
23/09/2021,,0.29,1.24,,,0.41,0.96,0.75,0.78,0.55,0.36,0.795,0.655
24/09/2021,,0.42,0.72,,,0.85,0.85,0.61,0.47,0.71,0.44,0.665,0.78
25/09/2021,,0.47,0.7,,,0.73,0.92,0.58,0.53,0.59,0.49,0.675,0.625
26/09/2021,,0.25,0.4,,,0.53,0.49,0.42,0.23,0.49,0.45499999999999996,0.41,0.455
27/09/2021,,1.11,1.29,,,0.71,1.01,0.97,0.85,0.82,0.7,0.72,1.31
28/09/2021,,0.99,1.59,,,1.09,1.06,1.22,0.6,1.02,0.925,0.85,0.895
29/09/2021,,1.67,1.57,,,0.81,1.11,1.01,0.68,1.19,0.915,0.9550000000000001,1.125
30/09/2021,,1.09,1.36,,,1.36,0.93,0.77,0.72,0.59,1.12,0.9450000000000001,1.22
01/10/2021,,1.55,1.21,,,1.16,1.16,1.4,1.08,0.92,1.085,1.505,0.63
02/10/2021,,1.1,0.98,,,1.02,1.34,1.87,0.64,1.18,0.7150000000000001,1.06,1.79
03/10/2021,,0.39,0.38,,,0.44,0.71,0.47,0.3,0.33,0.35,0.41500000000000004,1.54
04/10/2021,,0.64,0.41,,,0.72,0.65,0.49,0.45,0.46,0.345,0.545,0.55
05/10/2021,,0.56,0.51,,,0.52,0.57,0.46,0.53,0.41,0.31,0.385,0.5800000000000001
06/10/2021,,0.76,0.81,,,0.85,0.77,0.52,0.64,0.71,0.535,0.69,0.685
07/10/2021,,0.79,1.08,,,0.95,0.92,0.74,0.79,0.76,0.725,0.8200000000000001,0.81
08/10/2021,,0.87,1.2,,,1.23,1.67,0.8,0.71,0.68,0.62,0.65,1.345
09/10/2021,,0.48,0.48,,,0.91,0.88,0.45,0.62,0.56,0.475,0.63,0.775
10/10/2021,,0.76,0.92,,,1.27,1.18,1.1,0.63,0.63,0.61,0.56,0.96
11/10/2021,,1.06,1.03,,,1.42,1.81,1.16,1.26,1.21,0.94,0.82,2.03
12/10/2021,,0.97,1.58,,,1.02,1.24,1.43,0.66,1.5,0.9099999999999999,0.91,1.9049999999999998
13/10/2021,,1.21,1.21,,,1.27,1.52,1.56,1.11,1.39,0.625,0.85,1.6349999999999998
14/10/2021,,1.66,1.95,,,1.55,2.15,1.69,0.93,1.37,0.935,1.14,2.485
15/10/2021,,1.58,1.7,,,1.22,1.38,1.27,0.92,1.12,0.8500000000000001,0.92,1.42
16/10/2021,,0.22,0.3,,,0.27,0.61,0.42,0.28,,0.325,0.26,0.535
17/10/2021,,0.31,0.29,,,0.42,0.36,0.36,0.33,,0.3,0.32,0.455
18/10/2021,,1.13,1.1,,,1.02,0.81,0.96,0.79,,0.7649999999999999,1.02,1.03
19/10/2021,,1.56,1.11,,,1.32,1.31,1.07,0.79,,0.6599999999999999,1.12,1.125
20/10/2021,,1.38,0.93,,,,1.05,1.09,1.0,,0.765,1.27,1.3599999999999999
21/10/2021,,0.75,0.34,,,,0.74,0.54,0.54,,0.46499999999999997,0.55,0.96
22/10/2021,,0.43,0.41,,,,0.83,0.52,0.49,0.6,0.345,0.6,0.7050000000000001
23/10/2021,,0.58,0.63,,,,0.79,0.76,0.46,0.58,0.6299999999999999,0.71,0.48
24/10/2021,,0.55,0.99,,,,0.78,0.64,0.38,0.43,0.5,0.64,0.775
25/10/2021,,1.72,1.85,,,,1.49,1.93,1.17,0.77,1.17,1.12,2.24
26/10/2021,,1.85,2.7,,,,1.93,1.97,0.92,0.82,0.625,1.68,2.33
27/10/2021,,1.51,1.71,,,,1.14,1.24,0.97,0.81,0.61,0.89,1.7650000000000001
28/10/2021,,1.49,1.62,,,,1.58,0.98,0.95,1.04,0.84,0.97,1.5099999999999998
29/10/2021,,1.56,1.57,,,,0.93,0.88,1.17,1.23,0.7649999999999999,1.3,1.2750000000000001
30/10/2021,,1.14,1.14,,,,1.11,1.19,0.85,0.82,0.775,0.9299999999999999,1.015
31/10/2021,,1.15,1.0,,,,1.37,1.18,0.56,1.4,0.52,1.105,1.1400000000000001
01/11/2021,,0.67,0.75,,,,1.17,0.4,0.62,1.16,0.76,0.7050000000000001,1.0050000000000001
02/11/2021,,0.87,0.74,,,,0.98,0.88,0.71,1.1,0.67,0.78,0.74
03/11/2021,,1.06,1.28,,,,1.29,1.75,0.75,0.77,1.37,1.14,1.625
04/11/2021,,0.92,0.99,,,,1.76,1.41,0.92,0.89,0.83,0.925,0.895
05/11/2021,,0.84,0.99,,,,1.14,0.8,0.78,0.54,0.56,0.685,0.895
06/11/2021,,1.04,0.71,,,,0.98,0.88,0.53,1.13,0.96,0.735,0.95
07/11/2021,,0.86,0.55,,,,0.55,0.66,0.4,0.64,0.41,0.45,0.625
08/11/2021,,0.9,1.02,,,,0.76,0.97,0.65,1.35,0.8,0.785,0.745
09/11/2021,,0.88,0.92,,,,0.94,1.05,0.74,1.2,0.87,0.82,0.83
10/11/2021,,1.16,1.43,,,,1.44,,0.84,1.56,1.04,0.79,1.5150000000000001
11/11/2021,,1.14,1.64,,,,1.71,,1.22,1.09,0.5900000000000001,0.975,1.79
12/11/2021,,0.27,0.76,,,,0.88,0.85,0.4,0.74,0.43000000000000005,0.65,1.09
13/11/2021,,0.17,0.32,,,,0.58,0.26,0.35,0.36,0.27,0.255,0.5800000000000001
14/11/2021,,0.54,0.45,,,,0.62,0.79,0.46,0.56,0.815,0.5,0.655
15/11/2021,,0.86,0.67,,,,0.53,0.89,0.6,0.5,0.355,0.675,0.6799999999999999
16/11/2021,,1.42,1.33,,,,0.9,1.34,0.49,1.2,0.765,0.7849999999999999,1.335
17/11/2021,,1.25,1.7,,,,1.18,1.1,1.13,1.05,0.8049999999999999,0.855,1.645
18/11/2021,,1.58,1.76,,,,1.53,1.74,0.84,0.85,0.795,0.9450000000000001,1.69
19/11/2021,,0.37,0.51,,,0.43,0.68,0.44,0.42,0.52,0.33,0.45499999999999996,0.49
20/11/2021,,0.52,0.49,,,0.76,0.4,0.56,0.56,0.55,0.835,0.53,0.58
21/11/2021,,0.72,0.55,,,1.41,0.62,0.79,0.46,1.05,0.585,0.55,1.02
22/11/2021,,0.51,0.45,,,0.79,0.77,0.52,0.33,0.54,0.32499999999999996,0.56,0.7
23/11/2021,,1.25,0.7,,,1.11,0.76,0.65,0.71,0.66,0.72,0.8049999999999999,0.565
24/11/2021,,1.19,1.16,,,1.27,1.58,1.07,0.7,0.91,0.73,0.9500000000000001,1.4500000000000002
25/11/2021,,1.34,1.77,,,1.6,1.69,0.96,1.01,1.62,1.0150000000000001,1.11,1.795
26/11/2021,,0.56,0.85,,,0.68,0.94,0.96,0.7,0.72,1.24,0.41000000000000003,0.74
27/11/2021,,1.02,1.19,,,1.49,1.2,1.11,0.97,0.98,1.045,0.825,1.115
28/11/2021,,0.88,1.44,,,1.64,1.33,1.3,0.86,0.94,0.55,0.855,2.6
29/11/2021,,0.73,1.39,,,1.07,1.0,0.88,0.69,0.62,0.765,0.565,0.96
30/11/2021,,1.32,1.3,,,1.25,1.39,1.31,0.99,1.07,1.1800000000000002,1.045,1.67
01/12/2021,,1.4,1.62,,,1.5,1.6,1.73,0.91,1.43,0.91,1.06,2.135
02/12/2021,,2.34,1.58,,,2.67,1.95,1.89,0.53,0.88,0.87,1.315,1.825
03/12/2021,,1.34,1.4,,,1.17,1.42,1.83,0.92,2.08,1.125,1.335,1.345
04/12/2021,,,1.38,,,1.73,1.03,1.27,,1.99,0.86,1.03,1.3900000000000001
05/12/2021,,0.86,1.83,,,2.34,1.62,1.93,,1.03,0.83,0.72,1.73
06/12/2021,,1.16,2.11,,,1.62,2.08,2.13,,1.51,1.455,0.875,2.54
07/12/2021,,1.52,1.79,,,1.88,1.47,1.66,,1.74,1.06,1.125,2.05
08/12/2021,,1.67,2.3,,,2.73,2.1,2.0,,2.02,0.97,1.17,3.1100000000000003
09/12/2021,,2.36,2.49,,,2.07,2.34,1.63,,1.59,1.175,1.56,2.875
10/12/2021,,1.7,2.05,,,2.25,2.25,2.02,,1.39,0.6699999999999999,1.175,2.12
11/12/2021,,1.26,1.99,,,2.08,2.02,1.53,,1.45,0.69,0.95,2.325
12/12/2021,,1.22,0.93,,,1.28,1.22,1.1,,0.92,1.06,0.635,0.965
13/12/2021,,1.1,1.63,,,1.58,1.29,1.39,,1.97,0.95,0.835,1.6500000000000001
14/12/2021,,1.03,0.96,,,1.32,1.68,1.73,,1.76,0.94,1.125,1.04
15/12/2021,,1.15,1.49,,,1.44,1.35,1.35,,1.45,1.1,1.135,1.6400000000000001
16/12/2021,,1.62,1.74,,,1.96,1.74,1.83,,0.97,0.89,1.145,2.2350000000000003
17/12/2021,,1.49,1.97,,,2.0,1.91,1.98,,1.3,0.725,0.88,2.53
18/12/2021,,2.32,2.39,,,1.82,1.77,1.22,,1.94,0.6699999999999999,1.01,1.875
19/12/2021,,1.37,1.33,,,2.04,1.88,0.87,,1.43,0.69,1.35,2.12
20/12/2021,,1.93,2.59,,,2.25,1.82,0.96,,1.43,1.005,1.03,1.8450000000000002
21/12/2021,,1.78,2.04,,,1.74,1.43,1.86,,1.31,1.0499999999999998,1.06,1.62
22/12/2021,,2.44,1.97,,,3.13,3.61,1.58,,2.25,1.005,1.1,3.1100000000000003
23/12/2021,,1.89,2.43,,,2.58,3.32,2.2,,2.01,1.02,1.37,2.98
24/12/2021,,2.11,2.02,,,3.75,2.56,2.47,,2.6,0.7949999999999999,1.38,3.7350000000000003
25/12/2021,,1.85,1.46,,,2.62,2.16,1.6,,1.81,0.5599999999999999,1.11,2.84
26/12/2021,,1.89,1.27,,,2.21,1.85,1.3,,1.24,0.97,1.08,2.17
27/12/2021,,1.36,2.2,,,1.74,2.71,1.66,,1.02,0.78,1.44,1.8
28/12/2021,,1.26,1.64,,,1.43,1.9,1.5,,1.47,0.93,0.93,1.7200000000000002
29/12/2021,,1.15,2.73,,,1.11,1.88,1.52,,1.2,0.65,1.0,1.52
30/12/2021,,1.97,2.59,,,2.24,2.64,2.76,,1.6,0.835,1.08,3.055
31/12/2021,,1.24,2.14,,,1.97,2.9,1.68,,1.75,0.885,1.16,2.625
01/01/2022,,1.69,1.94,,,2.42,,,,,1.32,1.27,
02/01/2022,,1.21,0.76,,,2.55,,,,,0.84,1.1,
03/01/2022,,0.8,,,,,,,,,0.73,0.84,
04/01/2022,,2.02,,,,,,,,,1.23,1.38,
05/01/2022,,1.84,,,,,,,,,1.09,1.46,
06/01/2022,,1.38,,,,,,,,,0.76,1.33,
07/01/2022,,1.59,,,,,,,,,0.81,1.06,
08/01/2022,,1.24,,,,,,,,,0.49,0.97,
09/01/2022,,1.14,,,,,,,,,0.68,0.72,
10/01/2022,,0.24,,,,,,,,,0.31,0.25,
11/01/2022,,0.58,,,,,,,,,0.53,0.65,
12/01/2022,,0.99,,,,,,,,,1.47,0.94,
13/01/2022,,1.28,,,,,,,,,0.68,1.32,
14/01/2022,,2.39,,,,,,,,,0.8,1.27,
15/01/2022,,0.96,,,,,,,,,0.74,0.84,
16/01/2022,,0.77,,,,,,,,,0.78,0.92,
17/01/2022,,0.95,,,,,,,,,1.37,0.89,
18/01/2022,,1.83,,,,,,,,,0.89,1.44,
19/01/2022,,1.46,,,,,,,,,1.53,1.15,
20/01/2022,,1.37,,,,,,,,,0.85,0.74,
21/01/2022,,0.82,,,,,,,,,0.43,0.91,
22/01/2022,,0.74,,,,,,,,,0.55,0.73,
23/01/2022,,1.06,,,,,,,,,1.0,0.76,
24/01/2022,,0.91,,,,,,,,,0.83,0.76,
25/01/2022,,1.11,,,,,,,,,0.42,0.61,
26/01/2022,,1.12,,,,,,,,,1.46,0.81,
27/01/2022,,0.94,,,,,,,,,1.4,0.77,
28/01/2022,,1.32,,,,,,,,,1.34,1.55,
29/01/2022,,0.64,,,,,,,,,0.7,0.66,
30/01/2022,,1.46,,,,,,,,,0.76,0.87,
31/01/2022,,0.84,,,,,,,,,0.42,1.15,
01/02/2022,,1.17,,,,,,,,,0.33,1.36,
02/02/2022,,1.07,,,,,,,,,0.4,0.89,
03/02/2022,,1.04,,,,,,,,,0.69,1.16,
04/02/2022,,0.85,,,,,,,,,0.95,1.17,
05/02/2022,,0.98,,,,,,,,,0.83,0.97,
06/02/2022,,1.15,,,,,,,,,0.63,0.75,
07/02/2022,,1.14,,,,,,,,,0.54,0.76,
08/02/2022,,0.86,,,,,,,,,0.82,0.81,
09/02/2022,,1.17,2.62,,,,,,,,0.27,1.13,
10/02/2022,,1.3,3.2,,,1.79,,,,,0.43,1.04,
11/02/2022,,1.44,2.91,,,2.71,,,,,0.74,0.69,
12/02/2022,,1.14,1.03,,,1.7,,,,,0.51,0.9,
13/02/2022,,0.59,0.4,,,0.84,,,,,0.58,0.81,
14/02/2022,,0.85,1.25,,,1.39,,,,,0.66,1.11,
15/02/2022,,1.58,1.37,,,2.54,,,,,0.91,1.59,
16/02/2022,,1.24,1.82,,,1.99,,,,,0.82,1.17,
17/02/2022,,1.29,1.68,,,1.9,,,,,1.13,1.26,
18/02/2022,,1.16,1.62,,,1.95,,,,,1.35,1.16,
19/02/2022,,1.12,1.41,,,1.36,,,,,1.46,1.14,
20/02/2022,,1.01,1.04,,,1.54,,,,,0.99,,
21/02/2022,,1.35,1.59,,,1.61,,,,,1.7,,
22/02/2022,,1.3,1.93,,,2.22,,,,,1.07,,
23/02/2022,,0.98,1.71,,,1.64,,,,,0.97,0.99,
24/02/2022,,1.23,1.6,,,1.53,,,,,1.17,0.92,
25/02/2022,,0.84,0.93,,,1.63,,,,,0.59,0.76,
26/02/2022,,0.78,1.06,,,0.93,,,,,0.72,0.75,
27/02/2022,,0.92,0.66,,,1.31,,,,,0.47,0.55,
28/02/2022,,1.24,1.01,,,1.18,,,,,0.72,0.92,
01/03/2022,,1.16,1.6,,,1.52,,,,,0.96,0.91,
02/03/2022,,1.19,1.82,,,2.14,,,,,0.8,0.9,
03/03/2022,,0.99,2.43,,,1.95,,,,,1.66,0.77,
04/03/2022,,0.91,1.25,,,2.03,,,,,0.67,0.87,
05/03/2022,,0.9,1.68,,,1.37,,,,,0.45,0.72,
06/03/2022,,0.79,0.83,,,1.6,,,,,0.44,0.65,
07/03/2022,,0.89,1.32,,,1.09,,,,,0.95,1.13,
08/03/2022,,1.12,1.89,,,1.37,,,,,0.51,0.74,
09/03/2022,,1.55,2.06,,,1.57,,,,,0.33,0.8,
10/03/2022,,0.71,1.35,,,1.27,,,,,0.67,0.71,
11/03/2022,,1.27,1.57,,,1.36,,,,,0.57,0.71,
12/03/2022,,1.29,0.95,,,0.96,,,,,0.66,0.39,
13/03/2022,,0.96,0.87,,,1.15,,,,,0.86,0.88,
14/03/2022,,1.08,2.38,,,1.3,,,,,0.78,0.98,
15/03/2022,,1.48,1.86,,,2.18,,,,,1.53,1.33,
16/03/2022,,1.15,1.45,,,1.66,,,,,0.79,1.23,
17/03/2022,,2.05,2.14,,,2.25,,,,,0.58,1.14,
18/03/2022,,0.82,1.31,,,1.18,,,,,0.54,0.83,
19/03/2022,,0.93,,,,1.22,,,,,0.79,0.77,
20/03/2022,,0.66,,,,1.04,,,,,0.61,0.46,
21/03/2022,,0.41,,,,0.96,,,,,0.22,0.3,
22/03/2022,,0.86,,,,1.19,,,,,0.23,0.6,
23/03/2022,,1.46,,,,1.87,,,,,0.55,1.09,
24/03/2022,,1.18,,,,2.24,,,,,0.65,1.09,
25/03/2022,,1.15,,,,1.45,,,,,,0.74,
26/03/2022,,0.77,,,,0.99,,,,,0.61,0.82,
27/03/2022,,1.22,,,,1.18,,,,,0.36,0.57,
28/03/2022,,1.53,,,,2.4,,,,,0.41,0.56,
29/03/2022,,0.96,,,,1.86,,,,,0.55,0.94,
30/03/2022,,0.87,,,,1.38,,,,,0.16,1.17,
31/03/2022,,1.13,,,,1.55,,,,,0.89,1.25,
01/04/2022,,1.08,,,,1.86,,,,,1.33,0.97,
02/04/2022,,1.24,1.04,,,1.37,,,,,0.87,1.09,
03/04/2022,,1.17,1.03,,,1.16,,,,,0.36,0.65,
04/04/2022,,1.16,2.32,,,1.88,,,,,0.76,1.29,
05/04/2022,,1.66,2.88,,,1.66,,,,,0.45,1.39,
06/04/2022,,1.93,1.61,,,1.93,,,,,0.8,,
07/04/2022,,0.39,0.54,,,0.81,,,,,0.47,,
08/04/2022,,1.09,0.91,,,1.33,,,,,0.85,,
09/04/2022,,1.25,1.06,,,1.22,,,,,0.89,1.09,
10/04/2022,,0.9,2.09,,,1.69,,,,,0.31,0.84,
11/04/2022,,1.1,1.69,,,1.65,,,,,0.57,1.18,
12/04/2022,,0.91,1.2,,,1.47,,,,,0.3,0.7,
13/04/2022,,1.45,2.1,,,1.88,,,,,0.34,1.32,
14/04/2022,,0.96,0.85,,,1.4,,,,,0.6,0.91,
15/04/2022,,0.96,0.78,,,0.97,,,,,0.41,0.61,
16/04/2022,,0.87,0.8,,,1.03,,,,,0.39,0.77,
17/04/2022,,0.84,0.97,,,1.34,,,,,0.45,0.43,
18/04/2022,,1.37,1.89,,,1.09,,,,,0.46,0.71,
19/04/2022,,0.49,0.81,,,0.95,,,,,0.42,0.43,
20/04/2022,,0.77,1.2,,,1.18,,,,,0.38,1.11,
21/04/2022,,0.69,1.69,,,1.83,,,,,1.34,1.03,
22/04/2022,,0.85,0.74,,,1.29,,,,,0.5,0.82,
23/04/2022,,0.94,1.03,,,1.41,,,,,0.68,0.78,
24/04/2022,,0.85,1.01,,,1.0,,,,,0.5,0.51,
25/04/2022,,1.25,1.56,,,2.45,,,,,0.95,0.99,
26/04/2022,,,0.64,,,0.68,,,,,0.43,0.5,
27/04/2022,,,0.42,,,0.67,,,,,0.36,0.36,
28/04/2022,,1.31,2.47,,,1.73,,,,,0.87,0.91,
29/04/2022,,1.37,1.35,,,1.83,,,,,0.54,1.33,
30/04/2022,,0.94,1.25,,,1.43,,,,,0.49,1.03,
01/05/2022,,0.57,0.56,,,0.96,,,,,0.34,0.36,
02/05/2022,,1.12,1.94,,,1.39,,,,,0.45,0.95,
03/05/2022,,1.68,1.9,,,1.12,,,,,0.26,1.32,
04/05/2022,,1.53,2.55,,,0.97,,,,,0.5,1.28,
05/05/2022,,1.18,2.5,,,1.38,,,,,0.67,1.0,
06/05/2022,,1.27,1.56,,,1.53,,,,,0.62,1.04,
07/05/2022,,0.64,1.37,,,1.44,,,,,0.54,0.73,
08/05/2022,,0.71,,,,1.44,,,,,0.51,0.64,
09/05/2022,,1.58,,,,0.63,,,,,0.65,1.43,
10/05/2022,,0.92,,,,1.84,,,,,0.76,0.75,
11/05/2022,,0.44,0.6,,,0.65,,,,,0.29,0.39,
12/05/2022,,0.41,0.83,,,0.81,,,,,0.56,0.5,
13/05/2022,,1.08,1.47,,,1.02,,,,,0.59,0.78,
14/05/2022,,1.14,0.99,,,1.26,,,,,0.68,0.77,
15/05/2022,,0.84,0.51,,,0.73,,,,,,0.66,
16/05/2022,,1.41,1.58,,,1.56,,,,,,0.83,
17/05/2022,,0.86,1.63,,,1.59,,,,,,0.82,
18/05/2022,,1.37,1.55,,,1.61,,,,,,1.18,
19/05/2022,,0.88,1.07,,,1.22,,,,,,0.73,
20/05/2022,,0.99,1.33,,,1.05,,,,,,0.68,
21/05/2022,,1.02,1.08,,,1.43,,,,,,0.64,
22/05/2022,,0.85,0.69,,,1.6,,,,,0.62,0.61,
23/05/2022,,0.72,0.69,,,1.22,,,,,0.65,0.73,
24/05/2022,,1.19,1.97,,,1.48,,,,,1.13,1.33,
25/05/2022,,0.86,2.25,,,1.57,,,,,0.35,0.92,
26/05/2022,,0.58,0.66,,,0.95,,,,,0.5,0.65,
27/05/2022,,0.37,0.16,,,0.53,,,,,0.25,0.4,
28/05/2022,,0.29,0.34,,,0.53,,,,,0.29,0.36,
29/05/2022,,0.58,0.37,,,0.87,,,,,0.51,0.42,
30/05/2022,,0.57,0.5,,,0.88,,,,,0.48,0.64,
31/05/2022,,0.46,0.63,,,0.78,,,,,0.34,0.42,
01/06/2022,,0.48,,,,1.25,,,,,0.35,0.52,
02/06/2022,,0.37,,,,0.55,,,,,0.29,0.33,
03/06/2022,,0.65,,,,1.01,,,,,0.32,0.68,
04/06/2022,,1.01,,,,1.06,,,,,0.52,0.76,
05/06/2022,,1.01,,,,1.03,,,,,0.47,0.56,
06/06/2022,,1.18,,,,1.37,,,,,0.71,1.09,
07/06/2022,,1.21,,,,1.65,,,,,0.38,0.95,
08/06/2022,,0.88,,,,1.21,,,,,0.48,0.67,
09/06/2022,,0.5,,,,0.45,,,,,0.42,0.46,
10/06/2022,,0.47,,,,0.63,,,,,0.45,0.61,
11/06/2022,,0.73,,,,1.18,,,,,0.64,0.54,
12/06/2022,,0.47,,,,0.87,,,,,0.38,0.51,
13/06/2022,,1.44,,,,1.3,,,,,0.6,0.92,
14/06/2022,,0.65,,,,0.71,,,,,0.63,0.91,
15/06/2022,,0.87,,,,0.97,,,,,0.51,0.71,
16/06/2022,,0.47,0.53,,,0.66,,,,,0.41,0.35,
17/06/2022,,0.77,0.83,,,0.7,,,,,0.44,0.39,
18/06/2022,,0.38,0.41,,,0.54,,,,,0.33,0.37,
19/06/2022,,0.48,0.58,,,0.59,,,,,0.31,0.31,
20/06/2022,,0.38,0.81,,,0.53,,,,,0.59,0.38,
21/06/2022,,0.47,0.47,,,0.71,,,,,0.35,0.38,
22/06/2022,,0.71,0.61,,,0.71,,,,,0.62,0.56,
23/06/2022,,0.49,0.81,,,0.78,,,,,0.63,0.62,
24/06/2022,,0.85,0.85,,,1.03,,,,,0.58,0.76,
25/06/2022,,0.88,1.3,,,0.94,,,,,0.77,0.63,
26/06/2022,,0.71,1.0,,,0.82,,,,,0.41,0.46,
27/06/2022,,0.36,0.62,,,0.44,,,,,0.31,0.32,
28/06/2022,,0.97,1.2,,,0.99,,,,,0.31,0.56,
29/06/2022,,0.76,0.8,,,0.85,,,,,0.27,0.54,
30/06/2022,,0.6,0.6,,,0.6,,,,,0.42,0.37,
01/07/2022,,1.19,1.1,,,1.43,,,,,0.65,0.89,
02/07/2022,,0.84,1.26,,,1.22,,,,,0.35,0.71,
03/07/2022,,0.31,0.37,,,0.53,,,,,0.29,0.21,
04/07/2022,,0.52,0.9,,,0.6,,,,,0.53,0.32,
05/07/2022,,0.89,1.32,,,0.83,,,,,0.77,0.74,
06/07/2022,,0.92,1.07,,,1.24,,,,,0.59,0.51,
07/07/2022,,0.48,0.65,,,0.79,,,,,0.63,0.47,
08/07/2022,,0.54,0.45,,,0.67,,,,,0.41,0.43,
09/07/2022,,0.87,0.53,,,1.35,,,,,0.33,0.6,
10/07/2022,,0.36,0.22,,,0.79,,,,,0.28,0.24,
11/07/2022,,0.94,0.64,,,0.91,,,,,0.46,0.6,
12/07/2022,,0.98,1.21,,,1.35,,,,,1.06,0.79,
13/07/2022,,0.52,0.52,,,0.68,,,,,0.55,0.51,
14/07/2022,,0.71,0.6,,,0.8,,,,,0.58,0.57,
15/07/2022,,0.53,0.65,,,0.67,,,,,0.43,0.53,
16/07/2022,,0.73,0.73,,,1.63,,,,,0.5,0.55,
17/07/2022,,0.54,0.62,,,1.47,,,,,0.42,0.31,
18/07/2022,,1.12,1.89,,,1.95,,,,,0.99,0.91,
19/07/2022,,1.46,1.4,,,1.66,,,,,0.84,0.75,
20/07/2022,,1.04,1.52,,,1.09,,,,,0.97,0.87,
21/07/2022,,1.05,1.09,,,1.08,,,,,1.09,0.85,
22/07/2022,,0.86,0.77,,,0.89,,,,,0.63,0.75,
23/07/2022,,0.32,0.48,,,0.43,,,,,0.35,0.27,
24/07/2022,,0.48,0.48,,,0.84,,,,,0.25,0.36,
25/07/2022,,0.65,0.73,,,0.68,,,,,0.43,0.61,
26/07/2022,,1.06,1.05,,,1.27,,,,,,0.94,
27/07/2022,,1.19,1.12,,,1.49,,,,,,0.98,
28/07/2022,,0.94,1.33,,,1.4,,,,,,0.95,
29/07/2022,,1.3,0.98,,,1.54,,,,,0.69,0.94,
30/07/2022,,0.5,0.69,,,0.86,,,,,0.56,0.53,
31/07/2022,,0.45,0.23,,,0.43,,,,,0.29,0.23,
01/08/2022,,0.64,0.44,,,0.57,,,,,0.56,0.52,
02/08/2022,,1.53,1.25,,,0.97,,,,,0.65,0.63,
03/08/2022,,1.21,1.2,,,1.34,,,,,0.6,1.39,
04/08/2022,,1.64,0.98,,,0.98,,,,,1.02,1.0,
05/08/2022,,1.29,1.34,,,1.39,,,,,0.69,1.12,
06/08/2022,,0.54,0.77,,,0.66,,,,,0.5,0.4,
07/08/2022,,0.53,0.43,,,0.92,,,,,0.38,0.43,
08/08/2022,,0.66,0.65,,,0.58,,,,,0.39,0.75,
09/08/2022,,0.72,0.9,,,0.77,,,,,0.5,0.57,
10/08/2022,,1.33,0.97,,,1.55,,,,,0.57,0.55,
11/08/2022,,0.62,0.49,,,0.85,,,,,0.27,0.49,
12/08/2022,,1.03,0.8,,,1.0,,,,,0.31,0.62,
13/08/2022,,1.07,,,,0.89,,,,,0.48,0.59,
14/08/2022,,0.53,,,,0.92,,,,,0.6,0.74,
15/08/2022,,0.87,,,,0.96,,,,,0.5,0.79,
16/08/2022,,1.42,,,,1.14,,,,,0.81,1.3,
17/08/2022,,1.5,,,,1.6,,,,,0.52,1.12,
18/08/2022,,0.98,1.26,,,1.33,,,,,0.87,0.99,
19/08/2022,,,1.45,,,1.33,,,,,0.68,1.18,
20/08/2022,,0.59,0.78,,,0.96,,,,,0.55,0.54,
21/08/2022,,0.76,0.56,,,0.8,,,,,0.74,0.64,
22/08/2022,,1.12,1.04,,,1.54,,,,,1.07,1.33,
23/08/2022,,0.99,1.44,,,1.16,,,,,0.9,1.24,
24/08/2022,,1.12,0.89,,,0.79,,,,,0.86,0.96,
25/08/2022,,0.56,0.52,,,,,,,,,0.52,
26/08/2022,,1.11,1.78,,,1.44,,,,,0.5,0.87,
27/08/2022,,1.22,1.31,,,1.34,,,,,1.03,1.04,
28/08/2022,,0.57,0.65,,,0.83,,,,,0.46,0.66,
29/08/2022,,0.8,0.9,,,1.03,,,,,0.68,1.27,
30/08/2022,,0.86,1.43,,,1.14,,,,,1.27,1.02,
31/08/2022,0.51,0.49,0.83,,,0.79,,,,,0.53,1.12,
01/09/2022,0.44,0.52,0.65,,,0.7,,,,,0.33,0.64,
02/09/2022,0.41,0.46,0.44,,,0.53,,,,,0.44,0.41,
03/09/2022,0.32,0.38,0.4,,,0.44,,,,,0.39,0.25,
04/09/2022,0.32,0.42,0.64,,,0.62,,,,,0.46,0.32,
05/09/2022,0.58,1.38,1.53,,,1.73,,,,,0.64,0.84,
06/09/2022,1.06,1.54,1.24,,,1.38,,,,,0.78,0.62,
07/09/2022,0.61,1.28,1.08,,,1.36,,,,,0.73,0.94,
08/09/2022,0.41,0.55,0.69,,,0.65,,,,,0.43,0.48,
09/09/2022,0.58,1.67,1.62,,,2.49,,,,,1.05,1.06,
10/09/2022,0.44,1.1,1.24,,,1.58,,,,,1.3,0.53,
11/09/2022,0.25,0.29,0.28,,,0.38,,,,,0.27,0.2,
12/09/2022,0.37,0.4,,,,,,,,,0.48,0.34,
13/09/2022,0.67,0.89,,,,0.9,,,,,0.72,0.82,
14/09/2022,0.69,0.66,,,,0.97,,,,,0.59,0.76,
15/09/2022,0.45,1.12,,,,1.13,,,,,0.45,0.56,
16/09/2022,0.29,0.24,,,,0.27,,,,,0.29,0.23,
17/09/2022,0.43,0.49,,,,0.37,,,,,0.46,0.33,
18/09/2022,0.37,0.73,,,,0.99,,,,,0.44,0.47,
19/09/2022,0.7,0.76,,,,1.14,,,,,0.52,0.83,
20/09/2022,0.37,0.74,,,,0.79,,,,,0.34,0.69,
21/09/2022,0.37,0.38,,,,0.52,,,,,0.31,0.33,
22/09/2022,0.46,0.46,,,,0.56,,,,,0.34,0.47,
23/09/2022,0.41,0.41,,,,0.76,,,,,0.34,0.41,
24/09/2022,0.46,0.71,,,,0.79,,,,,0.51,0.5,
25/09/2022,0.42,0.54,,,,0.76,,,,,0.57,0.44,
26/09/2022,0.54,0.51,,,,0.75,,,,,0.4,0.44,
27/09/2022,0.29,0.43,,,,0.49,,,,,0.29,0.39,
28/09/2022,0.31,0.33,,,,0.53,,,,,0.44,0.35,
29/09/2022,0.44,0.4,0.4,,,0.55,,,,,0.53,0.5,
30/09/2022,0.78,0.83,0.45,,,0.73,,,,,0.82,0.76,
01/10/2022,0.55,0.7,0.87,,,0.87,,,,,0.82,0.73,
02/10/2022,0.46,0.51,0.51,,,0.77,,,,,0.6,0.55,
03/10/2022,0.66,1.04,1.0,,,1.2,,,,,0.67,0.71,
04/10/2022,0.78,1.35,1.46,,,1.56,,,,,0.9,1.12,
05/10/2022,0.75,1.6,1.23,,,1.39,,,,,0.91,1.0,
06/10/2022,0.48,0.75,0.76,,,0.96,,,,,0.55,0.7,
07/10/2022,0.52,0.67,0.67,,,0.73,,,,,0.51,0.45,
08/10/2022,0.31,0.19,0.32,,,0.4,,,,,0.43,0.22,
09/10/2022,0.28,0.15,0.2,,,0.26,,,,,0.42,0.16,
10/10/2022,0.45,0.3,1.18,,,0.66,,,,,0.47,0.38,
11/10/2022,0.64,1.2,1.75,,,1.25,,,,,0.49,1.24,
12/10/2022,0.71,1.74,1.7,,,1.38,,,,,1.02,1.05,
13/10/2022,0.7,1.34,2.01,,,1.16,,,,,1.26,1.19,
14/10/2022,0.71,1.33,1.99,,,1.3,,,,,1.68,1.48,
15/10/2022,0.57,1.04,0.95,,,0.96,,,,,1.0,0.96,
16/10/2022,0.56,0.65,0.78,,,0.73,,,,,0.73,0.69,
17/10/2022,0.66,1.64,2.27,,,2.02,,,,,0.87,1.11,
18/10/2022,0.54,0.74,1.05,,,1.2,,,,,0.73,0.75,
19/10/2022,0.42,0.46,0.44,,,0.53,,,,,0.42,0.43,
20/10/2022,0.76,1.33,1.32,,,1.51,,,,,1.4,1.33,
21/10/2022,0.59,1.76,1.51,,,1.61,,,,,1.19,1.51,
22/10/2022,0.64,1.91,1.43,,,1.95,,,,,1.47,1.63,
23/10/2022,0.71,0.8,1.04,,,1.69,,,,,0.77,0.72,
24/10/2022,0.72,1.11,2.22,,,1.96,,,,,1.04,1.04,
25/10/2022,0.6,1.7,2.6,,,2.29,,,,,1.6,1.58,
26/10/2022,0.77,1.35,1.89,,,2.02,,,,,1.47,1.04,
27/10/2022,1.3,1.43,2.09,,,1.77,,,,,1.01,1.48,
28/10/2022,0.91,1.62,2.07,,,1.66,,,,,1.84,1.82,
29/10/2022,0.75,0.73,0.62,,,0.71,,,,,0.53,0.57,
30/10/2022,0.88,0.47,0.69,,,,,,,,0.86,0.59,
31/10/2022,0.98,0.91,1.65,,,,,,,,0.83,1.09,
01/11/2022,1.01,1.51,1.06,,,,,,,,1.2,1.2,
02/11/2022,0.47,0.31,0.51,,,,,,,,0.37,0.32,
03/11/2022,0.96,1.3,1.64,,,,,,,,1.08,1.0,
04/11/2022,0.84,1.32,2.05,,,,,,,,0.93,1.07,
05/11/2022,0.69,1.39,2.18,,,,,,,,1.02,0.81,
06/11/2022,0.84,1.26,0.68,,,,,,,,1.14,0.83,
07/11/2022,0.92,1.17,1.14,,,,,,,,0.57,1.24,
08/11/2022,0.43,0.38,0.48,,,,,,,,0.45,0.3,
09/11/2022,0.5,0.73,0.76,,,,,,,,0.62,0.73,
10/11/2022,0.52,1.26,2.0,,,,,,,,0.87,0.94,
11/11/2022,0.94,1.01,1.18,,,,,,,,0.75,,
12/11/2022,1.07,1.13,1.56,,,,,,,,1.22,,
13/11/2022,0.81,0.9,0.95,,,,,,,,0.73,,
14/11/2022,0.77,1.57,1.74,,,,,,,,1.02,,
15/11/2022,0.88,1.44,1.11,,,,,,,,0.93,,
16/11/2022,0.58,1.32,1.14,,,,,,,,1.3,,
17/11/2022,0.45,0.94,,,,,,,,,1.13,,
18/11/2022,0.82,0.97,,,,,,,,,0.79,,
19/11/2022,0.73,0.74,1.15,,,,,,,,0.84,0.85,
20/11/2022,0.68,0.6,0.57,,,,,,,,0.73,0.54,
21/11/2022,0.67,0.58,0.64,,,,,,,,0.72,0.45,
22/11/2022,0.81,1.05,1.47,,,,,,,,0.9,1.45,
23/11/2022,1.01,1.04,2.05,,,,,,,,1.25,1.4,
24/11/2022,0.98,1.71,2.13,,,,,,,,1.32,1.34,
25/11/2022,1.07,1.75,1.84,,,,,,,,1.54,1.42,
26/11/2022,0.56,1.53,2.28,,,,,,,,0.43,0.79,
27/11/2022,0.74,1.15,1.24,,,,,,,,0.72,1.04,
28/11/2022,0.77,1.42,1.28,,,,,,,,1.86,1.29,
29/11/2022,0.9,2.45,2.24,,,,,,,,1.18,1.18,
30/11/2022,0.62,2.31,2.02,,,,,,,,0.57,0.97,
01/12/2022,0.47,0.64,0.86,,,,,,,,0.52,0.43,
02/12/2022,0.83,1.06,1.53,,,,,,,,1.28,0.77,
03/12/2022,0.71,1.22,0.99,,,,,,,,1.09,0.96,
04/12/2022,0.45,0.9,0.51,,,,,,,,1.5,0.31,
05/12/2022,1.06,1.75,2.04,,,,,,,,1.29,0.99,
06/12/2022,1.11,1.9,2.6,,,,,,,,2.07,1.12,
07/12/2022,1.01,1.57,2.56,,,,,,,,0.96,1.18,
08/12/2022,0.94,1.52,1.88,,,,,,,,1.66,0.82,
09/12/2022,1.17,1.06,1.07,,,,,,,,1.25,1.47,
10/12/2022,1.01,1.29,1.75,,,,,,,,1.21,0.8,
11/12/2022,0.7,1.76,1.1,,,,,,,,0.84,0.62,
12/12/2022,0.79,1.6,2.37,,,,,,,,0.98,0.66,
13/12/2022,0.84,1.35,2.67,,,,,,,,0.45,1.14,
14/12/2022,1.05,1.36,3.1,,,,,,,,0.42,0.87,
15/12/2022,1.45,1.47,2.53,,,,,,,,1.32,1.22,
16/12/2022,1.3,1.69,,,,,,,,,1.75,1.39,
17/12/2022,0.84,1.21,,,,,,,,,1.16,1.06,
18/12/2022,0.87,1.33,,,,,,,,,0.87,0.74,
19/12/2022,1.08,1.76,,,,,,,,,1.34,0.84,
20/12/2022,1.34,2.0,,,,,,,,,0.71,1.12,
21/12/2022,1.04,1.08,,,,1.23,,,,,1.28,0.69,
22/12/2022,1.2,1.56,,,,2.06,,,,,1.15,0.85,
23/12/2022,0.74,0.7,0.56,,,1.01,,,,,0.73,0.52,
24/12/2022,1.15,0.96,1.14,,,1.73,,,,,1.29,0.92,
25/12/2022,1.6,0.97,0.88,,,1.18,,,,,1.41,0.79,
26/12/2022,0.87,0.95,0.75,,,1.07,,,,,0.85,0.58,
27/12/2022,0.78,1.06,1.09,,,1.57,,,,,1.06,0.56,
28/12/2022,0.66,1.22,1.73,,,1.89,,,,,0.49,0.66,
29/12/2022,0.88,1.22,2.01,,,2.31,,,,,0.59,0.55,
30/12/2022,0.75,2.4,1.31,,,2.42,,,,,0.67,0.78,
31/12/2022,0.97,1.12,1.73,,,1.06,,,,,0.62,0.59,
01/01/2023,0.55,1.62,1.72,,1.81,1.5,1.75,1.6,0.48,1.22,0.46,0.72,2.325
02/01/2023,0.45,1.02,2.4,,1.21,0.6,2.74,1.0,,0.45,0.48,0.34,0.625
03/01/2023,0.63,1.04,1.55,,0.91,1.75,1.71,1.6,,1.41,0.49,0.46,0.8
04/01/2023,0.8,1.38,2.08,,1.76,2.48,1.5,1.9,,0.61,0.93,0.72,2.38
05/01/2023,0.95,1.57,1.47,,1.69,1.35,1.81,1.2,,1.11,1.36,0.9750000000000001,2.0149999999999997
06/01/2023,0.74,1.35,1.52,,1.29,1.27,1.45,1.3,,0.66,1.55,0.8899999999999999,1.31
07/01/2023,0.75,1.19,1.37,,1.27,1.45,1.61,1.6,,1.12,1.12,0.9249999999999999,1.555
08/01/2023,0.72,1.23,1.2,,1.45,1.89,1.9,1.0,,0.87,1.18,0.8049999999999999,2.005
09/01/2023,0.97,1.47,1.93,,1.4,1.41,1.24,1.7,,1.08,1.32,1.0,1.34
10/01/2023,0.8,1.36,1.83,,1.44,1.47,1.86,1.85,1.14,2.21,1.47,1.23,1.655
11/01/2023,0.98,2.34,2.62,,1.8,1.54,2.19,2.15,1.46,1.69,1.76,1.67,2.085
12/01/2023,0.85,2.1,2.92,,2.22,1.91,2.58,1.95,1.26,2.61,1.04,1.4849999999999999,2.335
13/01/2023,0.66,0.46,0.69,,0.5,0.51,0.88,0.45,0.62,0.74,0.56,0.505,1.04
14/01/2023,0.61,1.23,1.99,,0.95,1.04,1.38,1.55,0.7,1.0,1.03,0.875,1.95
15/01/2023,0.6,1.09,1.78,,1.24,1.21,2.24,1.55,0.93,1.04,0.51,0.985,3.22
16/01/2023,0.9,0.85,,,1.48,1.56,2.24,1.6,1.39,1.39,0.96,1.28,2.96
17/01/2023,1.26,1.91,,,2.47,2.46,1.88,3.0,1.76,1.3,1.48,1.5,4.04
18/01/2023,0.69,2.17,,,1.75,1.78,2.02,2.4,1.17,2.24,1.19,1.2850000000000001,2.86
19/01/2023,0.9,1.37,,,1.84,2.57,2.83,1.6,1.5,1.14,1.36,1.415,2.67
20/01/2023,1.4,1.42,,,1.5,1.53,2.37,1.7,1.73,1.34,1.24,1.335,3.42
21/01/2023,0.64,1.0,1.85,,0.75,1.23,2.02,1.9,1.13,0.97,1.08,0.8200000000000001,3.03
22/01/2023,0.61,0.73,1.03,,,1.34,0.6,1.3,1.01,1.7,0.97,0.885,2.25
23/01/2023,0.56,0.95,3.0,,0.8,1.45,2.59,1.0,1.17,0.97,0.78,0.84,1.52
24/01/2023,0.52,1.77,1.8,,1.6,2.84,1.74,1.4,0.56,1.11,0.9,1.165,0.54
25/01/2023,0.86,1.78,1.94,,1.83,1.96,,2.2,1.45,1.45,1.44,1.435,3.7
26/01/2023,0.75,1.77,1.71,,1.73,1.67,,,1.06,1.35,0.96,1.32,1.73
27/01/2023,0.77,1.13,1.92,,1.26,1.42,,,0.84,1.24,1.12,1.23,1.7
28/01/2023,0.67,1.01,1.86,,0.98,1.47,,0.95,0.69,1.54,0.91,0.88,1.98
29/01/2023,0.62,1.17,1.13,,2.1,3.04,,1.55,0.64,1.49,0.88,1.125,2.93
30/01/2023,0.52,1.75,4.26,,2.04,2.84,,2.35,1.46,3.12,2.23,1.7000000000000002,3.78
31/01/2023,0.86,2.23,2.64,,1.93,2.5,,2.25,1.02,2.0,1.51,1.385,3.67
01/02/2023,0.91,1.8,1.35,,1.17,1.18,,1.45,1.0,1.8,1.47,1.3,1.13
02/02/2023,0.87,1.74,1.92,,2.42,2.18,,1.75,1.27,1.18,1.09,1.385,2.295
03/02/2023,0.87,0.52,0.46,,0.62,0.41,,0.55,0.47,0.61,0.67,0.5549999999999999,0.5549999999999999
04/02/2023,0.96,1.16,0.96,,1.01,1.59,,0.85,0.75,1.1,1.13,0.835,1.12
05/02/2023,0.47,1.12,0.78,,2.3,2.38,,1.35,0.41,1.13,0.61,0.955,1.605
06/02/2023,0.66,0.87,2.1,,1.34,1.28,,0.85,0.51,1.13,1.15,0.975,1.77
07/02/2023,0.64,2.15,2.41,,2.97,3.35,,2.35,1.58,1.48,0.78,2.155,3.435
08/02/2023,0.78,1.4,2.11,,1.48,1.66,,1.75,1.72,1.95,0.78,1.235,2.33
09/02/2023,0.66,1.15,1.25,,,1.13,1.12,1.25,0.84,2.27,0.73,1.1099999999999999,0.96
10/02/2023,0.69,1.21,1.73,,,1.92,1.48,1.75,0.9,1.23,1.37,1.2850000000000001,2.24
11/02/2023,0.66,0.54,0.62,,0.85,0.7,0.74,0.65,0.66,0.45,0.68,0.585,0.54
12/02/2023,0.68,0.74,1.0,,1.13,1.44,1.01,1.05,0.82,0.82,1.04,0.74,0.975
13/02/2023,1.15,1.19,2.79,,1.88,1.71,1.72,1.75,1.74,1.9,1.59,1.3900000000000001,2.185
14/02/2023,0.62,1.58,2.51,,1.02,1.62,2.23,1.85,1.3,0.83,0.73,1.205,2.175
15/02/2023,0.43,1.05,3.62,,0.8,1.36,1.93,1.45,1.47,1.18,0.4,1.19,2.21
16/02/2023,0.85,1.63,1.76,,1.42,1.89,2.31,1.85,1.19,1.38,1.19,1.2349999999999999,1.605
17/02/2023,0.9,1.34,1.03,,1.14,1.49,1.55,0.85,1.01,1.72,1.13,1.26,0.98
18/02/2023,1.01,0.88,1.79,,1.52,0.99,1.3,1.05,0.82,0.88,1.23,0.845,1.16
19/02/2023,0.36,0.93,1.01,,1.07,1.31,1.25,1.15,0.69,0.66,1.68,0.69,1.24
20/02/2023,0.76,1.25,2.09,,1.2,1.37,1.84,1.35,0.87,0.97,1.65,1.1800000000000002,1.835
21/02/2023,0.83,1.38,2.93,,1.17,1.71,1.58,1.45,1.28,1.65,0.8,1.12,1.94
22/02/2023,0.66,1.63,1.58,,1.55,1.63,1.48,1.25,0.69,0.61,0.41,0.95,0.655
23/02/2023,0.96,1.57,2.1,,1.44,1.55,1.83,1.65,1.24,1.14,1.41,1.385,1.87
24/02/2023,0.55,1.44,1.69,,1.26,1.77,1.58,1.35,0.67,1.78,1.25,1.435,1.565
25/02/2023,0.85,1.02,1.35,,0.94,1.15,0.95,0.95,0.79,1.36,0.77,0.815,1.19
26/02/2023,0.77,0.97,1.35,,1.12,1.6,1.24,0.95,0.67,0.84,0.78,0.8600000000000001,1.435
27/02/2023,0.54,2.2,1.69,,1.64,2.19,2.7,1.15,0.67,1.79,1.13,1.335,1.6949999999999998
28/02/2023,0.83,1.77,1.8,,1.99,1.98,2.27,1.85,1.63,1.49,0.99,1.38,2.65
01/03/2023,0.94,1.66,2.36,,1.29,2.17,2.52,1.25,1.1,1.03,0.64,1.6400000000000001,2.14
02/03/2023,0.89,1.47,2.4,,1.45,2.2,2.21,1.75,0.91,1.25,1.2,1.3399999999999999,2.7350000000000003
03/03/2023,0.55,1.33,2.43,,1.13,1.46,1.96,1.7,1.13,1.43,0.67,1.1600000000000001,1.885
04/03/2023,0.72,1.04,1.61,,1.12,1.04,1.07,2.0,1.12,0.86,0.85,0.99,1.955
05/03/2023,0.57,0.82,1.53,,1.04,1.52,1.26,0.95,0.65,1.24,1.15,0.75,1.4100000000000001
06/03/2023,0.53,2.07,1.75,,2.21,1.99,1.72,2.05,0.96,1.52,0.82,1.6,2.035
07/03/2023,0.95,1.04,2.26,,0.99,1.69,2.55,1.15,1.1,1.91,1.04,1.32,1.805
08/03/2023,0.78,1.71,2.25,,1.78,1.87,2.38,1.55,0.95,1.14,0.67,1.4049999999999998,1.875
09/03/2023,0.51,1.25,1.48,,1.1,1.81,1.67,1.15,0.82,1.03,0.88,1.05,2.12
10/03/2023,0.76,1.35,1.4,,1.35,2.12,1.71,1.25,1.07,1.14,0.9,1.31,1.9849999999999999
11/03/2023,0.6,1.22,1.29,,1.58,2.51,1.39,1.45,0.51,1.14,0.87,1.0,1.88
12/03/2023,0.53,0.79,1.0,,0.91,1.01,1.47,0.75,0.43,0.81,0.48,0.81,1.18
13/03/2023,0.44,1.13,1.2,,0.82,1.55,1.71,1.15,0.48,0.56,0.96,1.045,1.15
14/03/2023,0.7,1.48,,,1.78,1.45,1.69,1.35,1.06,1.11,0.89,1.255,1.365
15/03/2023,0.53,0.8,,,0.65,0.78,,0.95,0.71,0.96,0.54,0.8200000000000001,0.6499999999999999
16/03/2023,0.89,0.94,,,1.04,1.41,,1.25,0.55,0.82,0.46,0.9850000000000001,1.385
17/03/2023,0.3,0.95,,,0.83,1.39,,1.25,,0.71,0.45,1.265,1.175
18/03/2023,0.34,0.83,,,0.59,1.0,,1.25,0.55,0.64,0.33,0.525,0.72
19/03/2023,0.73,0.87,,,0.96,0.99,,0.55,0.85,0.63,0.66,0.73,0.625
20/03/2023,0.52,0.64,,,0.67,0.94,,0.75,0.66,0.77,0.6,0.7949999999999999,1.38
21/03/2023,0.5,1.38,,,1.37,1.32,,0.95,0.72,1.08,0.7,1.125,1.69
22/03/2023,0.95,1.31,,,1.19,1.37,,1.55,,0.84,0.98,0.94,1.92
23/03/2023,0.41,1.01,,,0.72,1.39,,1.3,,1.24,0.67,0.71,1.29
24/03/2023,0.73,0.71,,,0.95,0.94,,0.8,,0.9,0.35,0.875,1.56
25/03/2023,0.74,0.93,1.5,,1.06,1.32,,1.7,,1.25,0.62,0.79,1.32
26/03/2023,0.6,1.04,1.15,,0.96,1.37,,1.5,,0.75,0.67,1.0350000000000001,1.58
27/03/2023,0.67,1.8,1.77,,1.98,2.24,,2.0,,1.17,1.51,1.4049999999999998,1.8199999999999998
28/03/2023,0.42,1.15,1.35,,1.01,1.43,,1.6,,1.7,1.13,1.225,1.325
29/03/2023,0.8,1.34,1.0,,1.08,1.17,1.02,0.7,0.9,0.54,0.57,1.0899999999999999,1.035
30/03/2023,0.36,1.71,1.12,,1.31,2.47,1.9,1.0,0.94,0.92,0.53,1.585,1.42
31/03/2023,0.94,1.27,1.14,,1.27,1.53,1.63,1.0,1.11,1.18,0.88,1.0899999999999999,1.795
01/04/2023,0.45,1.07,1.01,,1.05,1.45,1.5,1.0,0.42,0.97,0.57,0.8799999999999999,1.585
02/04/2023,0.62,0.95,0.75,,0.75,1.09,0.66,0.9,0.5,0.76,0.63,0.745,1.0350000000000001
03/04/2023,0.49,1.1,1.15,,1.24,1.09,1.14,1.0,0.6,0.82,0.75,0.98,1.705
04/04/2023,0.29,1.51,1.45,,1.02,1.83,1.74,1.5,,1.04,0.78,0.99,1.3199999999999998
05/04/2023,0.52,1.02,1.42,,1.05,1.71,1.57,1.1,,1.36,1.22,1.06,1.865
06/04/2023,1.07,0.45,0.55,,0.54,0.47,0.54,0.5,0.29,0.82,0.71,0.665,0.5700000000000001
07/04/2023,0.57,0.44,0.35,,,0.36,0.5,0.4,0.28,0.4,0.48,0.585,0.425
08/04/2023,0.52,0.53,0.28,,,0.51,0.63,0.5,0.37,0.7,0.67,0.63,0.52
09/04/2023,0.4,0.73,0.47,,,0.5,0.66,0.5,0.39,0.62,0.77,0.6599999999999999,0.5700000000000001
10/04/2023,0.51,0.75,0.75,,,0.89,1.14,0.6,0.54,,0.65,0.615,0.635
11/04/2023,0.41,0.68,0.41,,,0.67,0.65,0.6,0.51,0.7,0.65,0.64,0.655
12/04/2023,0.38,0.71,0.73,,,1.41,0.9,0.7,0.6,0.58,0.67,0.685,1.065
13/04/2023,0.48,0.79,1.04,,,0.92,0.96,1.1,0.75,0.9,0.38,0.9550000000000001,0.635
14/04/2023,0.6,0.78,2.17,,,1.8,1.26,0.9,0.89,0.94,0.66,0.8049999999999999,1.3450000000000002
15/04/2023,0.43,1.06,,,,2.23,1.83,1.0,0.75,1.48,0.73,1.125,1.675
16/04/2023,0.33,0.91,,,,1.19,0.85,0.4,0.43,1.13,0.51,0.5900000000000001,0.675
17/04/2023,0.5,1.71,,,,1.81,1.02,1.2,1.06,0.51,0.74,1.365,0.87
18/04/2023,0.51,1.46,,,,2.26,1.68,1.5,0.86,1.11,0.23,1.46,1.2349999999999999
19/04/2023,0.44,1.61,,,,1.77,1.53,1.5,0.92,,0.37,1.245,1.655
20/04/2023,0.58,1.19,,,,1.49,1.85,1.4,0.98,,0.33,0.92,1.975
21/04/2023,0.5,1.35,,,,1.24,1.1,1.6,0.62,,,1.185,1.13
22/04/2023,0.53,1.09,,,,1.04,0.94,1.2,0.81,,0.65,0.6950000000000001,0.715
23/04/2023,0.5,0.97,,,,1.17,1.16,1.22,0.5,,0.35,0.8200000000000001,1.28
24/04/2023,0.45,0.84,,,,0.79,0.84,0.8,0.67,,0.67,0.895,0.63
25/04/2023,0.58,0.83,,,,1.04,1.04,0.56,0.67,,0.3,0.7949999999999999,0.61
26/04/2023,0.64,1.27,,,,1.33,1.42,1.5,1.1,,0.75,1.03,1.545
27/04/2023,0.91,1.7,,,,1.27,1.81,1.29,1.08,,0.88,1.3900000000000001,1.81
28/04/2023,0.45,0.62,,,,1.55,1.55,0.58,,,0.56,0.73,1.0050000000000001
29/04/2023,0.64,1.13,,,,1.12,1.39,0.9,,,0.42,0.78,1.345
30/04/2023,0.46,0.76,,,,0.65,1.0,0.61,,,0.5,0.62,0.6599999999999999
01/05/2023,0.23,0.61,,,,0.97,1.16,0.62,,,0.43,0.565,0.76
02/05/2023,0.42,0.99,,,,1.81,1.68,0.98,,,0.52,0.8,1.335
03/05/2023,0.34,1.28,,,,1.22,1.4,1.27,,,0.62,1.225,1.12
04/05/2023,0.56,0.7,,,,1.16,1.08,0.95,,,0.64,0.565,0.925
05/05/2023,0.53,0.98,,,,,1.23,1.05,,,0.73,1.05,1.4300000000000002
06/05/2023,0.51,1.1,,,,,1.68,1.3,,,0.67,1.0050000000000001,1.4500000000000002
07/05/2023,0.3,0.56,,,,,0.86,0.88,,,0.51,0.6,1.055
08/05/2023,0.39,0.41,,,,,0.77,0.52,,,0.69,0.8150000000000001,0.635
09/05/2023,0.43,1.49,,,,,1.39,1.46,0.86,,0.58,1.025,0.95
10/05/2023,0.54,1.28,,,,,1.67,1.84,1.11,,0.77,1.125,2.065
11/05/2023,0.52,1.35,,,,,1.99,2.16,1.08,,0.62,1.1,1.6600000000000001
12/05/2023,0.74,1.88,,,,,2.31,1.28,1.27,,0.66,1.1949999999999998,1.63
13/05/2023,0.45,1.11,,,,,1.72,1.28,0.84,,0.62,0.79,1.615
14/05/2023,0.81,1.1,,,,,0.67,0.87,0.77,,0.74,1.045,0.9550000000000001
15/05/2023,0.36,0.74,,,,,,0.87,0.37,,0.57,0.565,0.88
16/05/2023,0.69,1.01,,,,,0.84,1.08,1.45,,1.04,1.1300000000000001,1.19
17/05/2023,0.57,0.95,,,,,1.44,1.4,0.71,,0.53,1.17,1.4449999999999998
18/05/2023,0.58,0.9,,,,,1.27,1.06,0.66,,0.89,0.86,1.1949999999999998
19/05/2023,0.76,0.84,,,,,1.62,0.8,0.9,,0.48,0.755,1.12
20/05/2023,0.41,1.17,,,,1.47,1.08,1.02,0.7,,0.61,0.75,1.09
21/05/2023,0.31,0.64,,,,0.98,0.76,0.92,0.43,,0.45,0.7050000000000001,0.71
22/05/2023,0.47,0.9,,,,1.53,0.8,0.89,,,0.68,0.795,0.815
23/05/2023,0.87,1.24,,,,1.82,1.89,1.49,0.53,,0.94,0.9550000000000001,2.055
24/05/2023,0.59,0.85,,,,1.43,1.01,1.08,0.92,,1.01,0.9400000000000001,1.375
25/05/2023,0.51,0.75,,,,0.97,1.15,1.05,0.75,,0.59,0.6699999999999999,1.135
26/05/2023,0.69,0.64,,,,0.91,0.83,0.54,0.57,,0.88,0.71,0.53
27/05/2023,0.42,0.5,,,,0.67,0.62,0.4,0.47,,0.45,0.5549999999999999,0.545
28/05/2023,0.39,0.64,,,,1.16,0.69,0.57,0.31,,0.7,0.52,0.605
29/05/2023,0.91,1.23,,,,1.21,1.16,0.96,0.73,,0.55,0.7949999999999999,0.705
30/05/2023,0.8,0.87,,,,1.09,1.51,1.27,1.1,,0.59,0.865,1.18
31/05/2023,0.49,0.65,,,,0.96,0.91,0.8,0.73,,0.69,0.8400000000000001,0.5800000000000001
01/06/2023,0.41,0.81,,,,1.08,0.79,0.99,0.74,,0.29,0.675,0.395
02/06/2023,0.6,1.16,,,,1.55,1.22,1.4,0.63,,0.9,1.165,1.235
03/06/2023,0.63,0.91,,,,1.15,1.3,0.97,0.45,,0.6,0.71,0.755
04/06/2023,0.38,0.5,,,,0.68,0.6,0.83,0.44,,0.27,0.47,0.605
05/06/2023,0.75,0.78,,,,1.29,0.78,0.65,0.77,,0.68,0.9650000000000001,0.7
06/06/2023,0.48,0.79,,,,0.81,0.88,0.57,0.44,,0.47,0.6100000000000001,0.62
07/06/2023,0.5,1.29,,,,1.31,1.61,1.04,0.67,,0.57,0.87,1.055
08/06/2023,0.35,1.25,,,,1.33,1.61,1.6,0.59,,0.28,1.01,1.3599999999999999
09/06/2023,0.67,0.85,,,,0.82,1.97,1.11,0.53,,,1.0250000000000001,1.12
10/06/2023,0.47,0.78,,,,1.08,1.59,1.1,0.63,,,0.8400000000000001,1.26
11/06/2023,0.54,0.78,,,,1.6,1.48,0.78,0.45,,,0.685,1.0150000000000001
12/06/2023,0.62,1.33,,,,1.12,1.52,1.06,0.6,,,1.165,1.225
13/06/2023,0.56,0.76,,,,1.13,1.18,0.82,0.57,,,0.885,1.525
14/06/2023,0.66,0.75,,,,0.71,1.01,1.26,0.64,,,0.725,0.42
15/06/2023,0.58,0.96,,,,0.79,0.71,1.22,0.66,,,0.7,0.86
16/06/2023,0.56,0.8,,,,0.58,0.87,0.84,0.52,,0.46,0.645,0.71
17/06/2023,0.61,0.68,,,,0.82,1.04,0.97,0.65,,0.42,1.035,1.01
18/06/2023,0.57,0.51,,,,0.8,0.87,0.85,0.39,,0.5,0.485,0.79
19/06/2023,0.36,0.5,,,,0.6,0.79,0.65,0.48,,0.73,0.49,0.53
20/06/2023,0.45,0.52,,,,0.69,0.8,0.61,0.42,,0.42,0.61,0.91
21/06/2023,0.59,0.89,,,,0.83,1.17,0.89,0.61,,0.53,0.705,1.02
22/06/2023,0.43,0.64,,,,1.47,1.13,0.44,0.48,,0.57,0.78,1.0
23/06/2023,0.35,0.41,,,,0.6,0.82,0.43,0.34,,0.3,0.63,0.85
24/06/2023,0.36,0.23,,,,0.45,0.76,0.2,0.2,,0.22,0.385,0.58
25/06/2023,0.39,0.16,,,,0.3,0.33,0.23,0.17,,0.31,0.39,0.13
26/06/2023,0.71,0.62,,,,0.76,1.0,0.61,0.51,,0.47,0.52,0.75
27/06/2023,0.79,0.82,,,,0.99,1.03,0.62,0.53,,0.47,0.655,0.89
28/06/2023,0.8,0.4,0.66,,,0.66,0.76,0.39,0.44,,0.33,0.485,0.86
29/06/2023,0.68,1.46,1.17,,,1.44,1.15,1.34,0.97,,0.55,1.195,0.92
30/06/2023,,0.56,0.9,,,1.05,0.64,0.93,0.51,,0.42,0.56,0.6950000000000001
01/07/2023,0.57,0.57,1.13,,,0.67,0.61,0.65,0.57,,0.47,0.575,1.01
02/07/2023,0.22,0.33,0.86,,,0.66,0.91,0.42,0.26,,0.48,0.34500000000000003,0.56
03/07/2023,0.45,0.64,0.83,,,0.62,0.76,0.67,0.87,,,0.625,0.64
04/07/2023,0.48,0.61,0.77,,,0.71,0.67,0.49,0.59,,,0.49,0.63
05/07/2023,0.44,0.5,0.56,,,0.55,0.66,0.51,0.43,,0.42,0.5549999999999999,0.61
06/07/2023,0.59,0.6,0.75,,,0.81,0.79,0.58,0.67,,0.42,0.715,0.76
07/07/2023,0.6,0.79,1.05,,,1.28,1.14,1.15,0.64,,0.68,0.735,0.93
08/07/2023,0.37,0.44,0.83,,,0.75,0.6,0.91,0.5,,0.44,0.53,0.59
09/07/2023,0.41,0.75,0.53,,,0.67,0.79,0.51,0.45,,0.42,0.74,0.61
10/07/2023,0.38,0.83,0.84,,,0.99,0.82,0.71,0.61,,0.52,0.735,0.69
11/07/2023,0.51,0.77,1.09,,,1.48,1.3,0.77,0.61,,0.76,0.815,0.88
12/07/2023,0.9,1.11,1.07,,,1.76,1.27,0.95,0.76,,0.6,0.955,
13/07/2023,0.52,0.77,0.94,,,1.08,1.43,1.02,0.54,,0.52,0.675,1.07
14/07/2023,0.64,0.65,0.89,,,1.1,0.79,0.83,0.67,,0.63,0.59,0.84
15/07/2023,0.42,0.6,0.7,,,0.73,0.91,0.52,0.39,,0.35,0.39,1.02
16/07/2023,0.22,0.31,0.46,,,0.54,0.56,0.21,0.25,,0.24,0.23,0.47
17/07/2023,0.4,0.41,0.64,,,0.46,0.75,0.41,0.45,,0.47,0.33,0.65
18/07/2023,0.44,0.59,0.64,,,0.81,0.7,0.44,0.5,,0.4,0.48,0.93
19/07/2023,0.47,0.49,0.72,,,0.71,0.59,0.5,0.52,,0.44,0.49,0.65
20/07/2023,0.42,0.55,0.77,,,0.66,0.71,0.45,0.51,,0.35,0.505,0.56
21/07/2023,0.39,0.96,1.7,,,1.37,1.3,0.83,0.65,,0.56,0.96,1.03
22/07/2023,0.56,0.75,0.87,,,0.73,0.89,1.1,0.54,,0.43,0.875,0.64
23/07/2023,0.37,0.55,0.54,,,0.51,0.97,0.49,0.37,,0.39,0.47,0.41
24/07/2023,0.35,0.57,0.58,,,0.67,1.03,0.56,0.43,,0.18,0.565,0.61
25/07/2023,0.46,0.6,0.78,,,0.66,0.83,0.74,0.53,,,0.7,0.96
26/07/2023,0.52,1.14,1.04,,,0.85,1.11,0.93,0.76,,,0.79,1.01
27/07/2023,0.51,1.26,1.26,,,1.78,1.49,1.41,0.9,,1.39,1.185,
28/07/2023,0.53,1.19,0.89,,,1.66,1.31,1.21,0.66,,0.79,0.935,0.69
29/07/2023,0.39,0.57,0.65,,,1.11,0.93,1.06,0.47,,1.28,0.64,0.9
30/07/2023,0.37,0.38,0.5,,,0.52,0.51,0.37,0.41,,0.81,0.505,0.645
31/07/2023,0.36,0.54,1.17,,,0.38,1.06,0.58,0.53,,0.53,0.455,0.825
01/08/2023,0.52,1.03,1.39,,,,1.7,0.9,0.76,,0.68,1.04,1.09
02/08/2023,0.5,0.67,0.77,,,0.85,1.26,0.79,0.57,,0.47,0.8699999999999999,1.24
03/08/2023,0.77,,1.08,,,0.93,1.17,0.84,0.56,,0.62,0.775,1.095
04/08/2023,0.54,,0.88,,,1.07,1.01,0.99,0.5,,1.09,0.64,0.8400000000000001
05/08/2023,0.74,,1.08,,,1.27,1.03,0.88,0.45,,0.23,0.805,0.97
06/08/2023,0.57,,0.64,,,1.0,0.69,0.94,0.44,,0.25,0.635,0.585
07/08/2023,0.59,,1.12,,,0.94,1.21,1.98,0.59,,0.48,0.745,1.065
08/08/2023,0.62,,1.3,,,1.04,1.14,1.32,0.72,,0.33,0.745,1.02
09/08/2023,0.5,,1.19,,,1.24,1.25,0.46,0.25,,0.16,0.85,0.88
10/08/2023,,,1.55,,,1.25,1.28,1.02,0.68,,0.3,1.035,1.0950000000000002
11/08/2023,,,1.68,,,1.57,1.57,1.48,0.59,,0.68,1.02,1.3599999999999999
12/08/2023,,,1.04,,,1.06,1.24,1.45,0.66,,0.69,0.59,0.9450000000000001
13/08/2023,,,0.94,,,1.38,1.04,0.57,0.52,,0.33,0.74,0.7649999999999999
14/08/2023,,,0.82,,,0.93,0.94,0.65,0.54,,0.1,0.74,0.815
15/08/2023,,,0.67,,,0.81,0.91,0.61,0.44,,0.65,0.605,0.68
16/08/2023,,,0.6,,,1.58,1.26,1.26,0.93,,0.95,1.33,1.4
17/08/2023,,,0.84,,,1.4,1.33,1.16,0.65,,0.71,1.01,1.34
18/08/2023,,0.72,1.12,,,1.33,1.61,1.12,1.23,,0.9,1.2349999999999999,1.14
19/08/2023,,,1.2,,,1.49,1.36,1.05,0.89,,0.75,1.025,
20/08/2023,,,0.57,,,0.6,,0.46,0.47,,0.42,0.865,
21/08/2023,,,0.82,,,0.89,,0.69,0.3,,0.33,1.0,
22/08/2023,,0.16,0.77,,,1.05,,0.9,0.38,,0.35,0.84,
23/08/2023,,0.0,0.99,,,0.94,1.28,0.75,,0.58,0.24,0.625,
24/08/2023,,0.0,0.46,,,0.71,0.67,0.53,0.04,0.38,0.24,0.43,
25/08/2023,,0.0,0.63,,,0.81,1.17,0.77,0.29,0.69,0.23,0.53,
26/08/2023,,0.7,0.71,,,0.91,0.93,0.69,0.38,0.58,0.27,0.6699999999999999,
27/08/2023,,0.38,0.48,,,0.86,0.75,1.63,0.28,0.44,0.08,0.485,
28/08/2023,,1.4,0.97,,,1.47,1.38,10.49,0.78,0.65,0.7,1.32,
29/08/2023,,0.71,1.04,,,1.62,1.66,,0.53,0.7,0.66,0.835,
30/08/2023,,1.2,1.53,,,1.73,1.49,,0.12,1.45,0.9,0.98,
31/08/2023,,1.22,1.03,,,1.28,1.73,,0.77,0.77,0.67,0.905,1.0050000000000001
01/09/2023,,1.04,1.58,,,1.06,1.07,1.52,0.67,0.91,1.27,0.91,1.205
02/09/2023,,1.02,0.7,,,1.03,1.08,0.85,0.53,0.64,0.54,0.715,1.0550000000000002
03/09/2023,,1.01,1.11,,,0.96,0.93,1.16,0.63,0.58,0.61,0.635,0.96
04/09/2023,,1.23,1.7,,,1.25,1.35,1.32,1.26,1.15,1.07,1.095,1.405
05/09/2023,,1.74,1.33,,,1.79,1.49,1.42,0.65,0.87,0.99,1.03,1.1
06/09/2023,,1.29,1.19,,,1.82,1.56,1.34,,,0.6,0.895,1.3
07/09/2023,0.71,1.06,1.02,,,1.33,1.18,1.23,,,,0.885,0.92
08/09/2023,0.57,0.77,,,,0.81,1.07,0.86,,,0.38,0.5549999999999999,0.78
09/09/2023,0.46,0.6,,,,0.69,0.93,0.81,,,0.48,0.45499999999999996,0.63
10/09/2023,0.37,0.53,,,,0.55,0.68,0.56,,,0.18,0.35,2.65
11/09/2023,0.49,0.74,0.35,,,0.87,1.28,0.91,,,0.53,0.825,
12/09/2023,0.8,0.9,0.98,,,1.29,1.06,1.1,,,0.7,0.975,0.32
13/09/2023,0.74,0.94,0.74,,,1.03,1.04,0.99,,0.64,0.63,0.87,0.78
14/09/2023,0.95,1.41,0.95,,,1.61,1.68,1.12,,0.85,0.93,1.105,0.495
15/09/2023,0.93,1.09,1.23,,,1.25,1.25,1.25,,0.97,0.88,1.07,1.0899999999999999
16/09/2023,0.69,1.23,0.94,,,1.41,1.52,0.87,,0.81,0.78,0.815,1.08
17/09/2023,0.88,0.85,0.59,,,1.1,0.88,0.88,,0.87,0.81,1.0950000000000002,1.4049999999999998
18/09/2023,0.95,1.14,1.21,,,1.68,1.17,1.26,,1.7,0.89,1.295,1.62
19/09/2023,0.82,1.14,1.31,,,1.53,1.45,0.89,,1.04,0.59,1.095,1.23
20/09/2023,0.99,1.23,1.1,,,2.25,1.88,1.1,,0.98,1.22,1.255,1.5499999999999998
21/09/2023,1.17,0.93,1.05,,,1.36,1.35,0.97,,0.77,0.9,1.125,0.915
22/09/2023,0.94,0.5,0.62,,,0.68,1.07,0.79,,0.91,0.58,0.77,0.7849999999999999
23/09/2023,0.96,0.96,0.94,,,0.91,1.17,0.99,,0.92,0.79,0.985,1.345
24/09/2023,0.88,0.54,0.61,,,1.04,1.26,1.11,,0.79,0.93,0.7250000000000001,2.37
25/09/2023,0.74,0.78,0.99,,,1.32,1.03,1.45,,0.84,0.77,0.95,
26/09/2023,0.68,0.29,0.4,,,0.6,0.69,0.55,0.04,0.56,0.4,0.49,0.13
27/09/2023,,0.95,1.15,,,0.94,1.23,1.14,,1.55,0.91,0.9299999999999999,0.9550000000000001
28/09/2023,,0.42,1.22,,,1.24,1.41,0.69,,0.97,0.48,1.2,1.06
29/09/2023,,0.49,0.89,,,0.78,1.25,0.59,,0.74,0.6,0.84,0.935
30/09/2023,,0.64,0.78,,,0.8,0.99,,,0.87,0.83,0.82,0.5449999999999999
01/10/2023,,0.33,0.58,,,0.62,0.83,,,0.56,0.53,0.73,0.575
02/10/2023,,0.86,1.03,,,1.19,1.29,0.98,,0.81,0.71,0.85,0.895
03/10/2023,,0.96,0.92,,,0.98,1.27,1.13,0.35,1.08,0.74,0.94,0.865
04/10/2023,,0.99,1.35,,,1.35,1.46,0.95,0.47,1.3,1.29,1.11,1.4
05/10/2023,,0.95,1.3,,,1.52,1.47,1.61,0.45,1.6,1.61,1.31,1.42
06/10/2023,,0.47,0.85,,,0.88,1.03,0.81,0.18,0.99,0.74,1.1,1.0150000000000001
07/10/2023,,0.37,0.52,,,0.57,0.89,0.64,0.06,0.55,0.7,0.55,0.365
08/10/2023,,0.46,0.55,,,0.66,0.83,0.63,0.03,0.63,0.69,0.77,0.8799999999999999
09/10/2023,,1.13,1.04,,,1.24,1.18,1.32,0.43,0.94,1.02,1.15,0.925
10/10/2023,0.81,0.73,1.09,,,0.82,1.21,0.92,0.33,0.62,0.94,0.63,0.405
11/10/2023,0.66,0.57,,,0.73,0.91,0.98,1.01,0.35,0.48,0.66,0.77,0.44
12/10/2023,0.79,1.06,,,1.36,1.11,1.89,1.73,0.36,1.39,1.2,0.69,1.5299999999999998
13/10/2023,0.93,1.51,,,1.47,1.23,1.98,1.76,0.47,2.12,0.95,1.39,1.71
14/10/2023,0.61,0.59,0.68,,0.76,1.12,1.48,0.83,0.0,1.55,0.69,0.56,1.15
15/10/2023,0.54,0.34,0.26,,0.43,0.63,0.78,0.69,0.0,0.5,0.76,0.34,0.45999999999999996
16/10/2023,0.65,0.43,0.33,,0.56,0.74,0.98,0.71,,0.88,0.8,0.5,0.6699999999999999
17/10/2023,1.07,0.81,0.43,,0.79,1.15,1.13,0.96,,1.07,1.39,1.05,0.9550000000000001
18/10/2023,0.99,1.23,1.09,,1.36,0.81,1.53,1.64,,1.32,2.29,0.99,1.4700000000000002
19/10/2023,1.26,1.08,1.08,,1.11,0.89,1.47,1.47,0.27,1.79,1.34,1.08,1.87
20/10/2023,0.7,0.63,0.78,,0.82,0.52,1.16,0.8,0.31,,1.0,0.74,0.835
21/10/2023,0.9,1.16,1.4,,1.29,0.98,1.69,1.95,0.41,1.08,2.06,1.02,1.135
22/10/2023,0.62,0.77,1.18,,1.0,1.0,1.18,1.43,0.18,1.12,0.98,0.93,1.16
23/10/2023,0.89,1.02,1.65,,1.04,0.98,1.54,1.81,,2.09,1.75,1.33,1.6600000000000001
24/10/2023,1.02,1.08,1.51,,1.17,1.22,1.6,1.31,0.83,1.56,1.37,1.11,1.62
25/10/2023,1.06,1.5,1.3,,1.44,1.32,1.42,1.42,0.94,1.38,1.19,1.31,1.375
26/10/2023,1.23,1.24,1.57,,1.35,1.2,1.62,1.23,0.91,0.91,1.49,1.19,1.2200000000000002
27/10/2023,0.86,1.25,1.11,,1.09,1.23,1.67,1.1,0.78,1.51,1.23,1.03,1.605
28/10/2023,0.76,0.59,0.53,,0.74,0.74,1.0,0.78,0.31,0.96,0.88,0.94,0.7849999999999999
29/10/2023,0.94,0.84,0.84,,0.96,0.9,1.16,1.04,0.61,1.03,1.24,1.17,1.055
30/10/2023,1.02,0.9,1.08,,0.99,1.08,1.47,1.06,0.62,1.67,1.42,0.91,1.205
31/10/2023,1.13,1.57,1.46,,1.57,1.51,1.41,1.68,0.83,1.18,1.58,1.47,1.38
01/11/2023,1.07,0.84,0.98,,0.95,0.77,1.19,1.07,0.52,0.98,1.14,0.92,0.835
02/11/2023,1.0,0.93,0.76,,1.07,0.88,1.23,1.01,0.46,1.11,1.32,0.9,0.9199999999999999
03/11/2023,0.97,1.12,1.16,,1.35,1.24,1.67,1.44,0.52,0.89,1.41,1.08,1.125
04/11/2023,0.91,1.09,0.98,,1.24,0.79,1.22,1.28,0.65,1.02,1.07,1.19,1.02
05/11/2023,0.96,0.89,0.89,,1.26,0.76,1.25,1.34,0.42,1.02,1.25,1.065,0.96
06/11/2023,1.12,1.37,1.52,,1.41,6.95,1.41,8.56,0.52,1.52,2.15,1.2650000000000001,7.904999999999999
07/11/2023,1.2,1.45,2.38,,1.84,1.65,2.33,1.75,0.8,1.26,1.67,4.38,2.19
08/11/2023,1.09,1.31,1.4,,1.55,1.61,1.94,1.49,0.64,1.9,1.55,1.345,2.17
09/11/2023,1.41,1.49,2.5,,1.82,1.35,2.15,1.7,1.0,1.01,1.34,1.135,1.405
10/11/2023,1.28,1.43,2.25,,1.8,1.52,2.23,1.8,0.65,1.97,1.67,1.41,2.125
11/11/2023,1.01,0.6,0.78,,0.78,0.7,1.03,0.74,0.23,1.19,1.14,0.685,1.03
12/11/2023,0.89,0.5,0.64,,0.66,0.49,0.82,0.62,0.3,1.26,1.18,0.585,0.9
13/11/2023,1.2,0.94,0.99,,0.86,0.81,1.13,0.89,0.61,1.28,1.4,1.12,1.07
14/11/2023,1.28,0.58,0.85,,0.78,,0.95,0.85,0.6,1.13,1.31,0.865,1.05
15/11/2023,1.27,1.1,1.37,,1.35,,1.26,1.36,0.82,1.09,1.76,1.24,1.54
16/11/2023,1.24,2.52,2.11,,1.95,,2.32,1.84,1.08,1.85,2.25,2.19,3.045
17/11/2023,1.31,2.16,2.99,,2.83,,2.14,2.61,1.39,1.81,2.01,2.3499999999999996,2.5300000000000002
18/11/2023,0.99,,1.93,,1.91,1.78,1.74,1.65,0.82,1.53,1.64,1.5,2.145
19/11/2023,1.06,1.38,3.01,,1.7,2.35,2.08,1.97,0.87,1.39,1.77,1.58,2.44
20/11/2023,1.35,1.36,2.57,,1.53,1.77,1.97,1.69,1.06,1.48,1.49,1.385,1.3599999999999999
21/11/2023,1.32,1.55,2.16,,1.38,1.08,1.65,1.39,1.09,1.9,1.36,1.27,2.17
22/11/2023,1.72,1.11,1.44,,1.37,1.23,1.2,1.44,0.94,1.32,1.54,0.9299999999999999,1.045
23/11/2023,1.01,1.54,2.54,,2.28,2.1,1.95,2.08,1.97,0.96,1.55,0.93,0.81
24/11/2023,1.11,2.09,3.11,,2.23,2.96,3.85,1.9,0.83,1.49,1.63,1.63,2.045
25/11/2023,1.51,1.25,1.99,,1.81,2.04,2.52,2.06,0.99,1.25,1.15,1.0350000000000001,1.9849999999999999
26/11/2023,1.12,1.7,1.93,,1.62,2.31,2.44,1.98,0.88,1.25,0.69,0.895,2.045
27/11/2023,1.55,1.09,1.25,,1.25,1.49,1.33,1.22,0.74,1.6,1.56,0.845,1.155
28/11/2023,1.25,0.72,0.95,,0.91,0.94,1.16,0.99,0.4,1.11,1.0,0.595,0.815
29/11/2023,1.57,1.42,2.18,,1.78,2.91,2.2,2.02,1.34,1.32,1.99,1.685,1.87
30/11/2023,1.37,2.04,3.3,,2.13,3.41,3.31,1.84,0.97,1.71,0.73,1.8900000000000001,1.6800000000000002
01/12/2023,1.36,1.25,3.21,,1.56,1.63,2.99,2.05,1.3,1.58,1.15,1.135,1.6349999999999998
02/12/2023,1.17,1.04,1.76,,1.34,1.44,1.64,1.57,0.69,1.32,0.95,1.03,1.2999999999999998
03/12/2023,0.81,0.81,1.01,,1.06,1.2,1.14,1.09,0.51,1.36,1.0,0.895,0.8
04/12/2023,,0.78,1.09,,1.0,1.01,1.24,1.06,0.27,1.15,0.87,0.6599999999999999,0.8049999999999999
05/12/2023,0.93,1.3,1.42,,1.71,1.53,1.34,1.41,0.95,1.11,1.23,1.16,0.705
06/12/2023,0.63,0.64,0.97,,0.97,0.91,1.51,0.9,0.21,1.07,0.7,0.75,0.76
07/12/2023,1.03,1.09,1.26,,1.33,1.19,1.45,1.32,-0.04,1.09,1.24,1.26,0.9
08/12/2023,0.92,2.43,2.62,,2.53,2.47,2.45,2.51,1.99,2.34,1.57,2.09,2.0549999999999997
09/12/2023,0.75,1.81,1.65,,2.03,2.0,1.79,1.83,1.92,1.67,1.9,1.33,2.305
10/12/2023,0.61,1.54,1.46,,1.27,2.15,1.28,1.09,1.35,1.9,1.33,0.91,2.17
11/12/2023,1.4,1.75,2.15,,2.02,2.28,2.02,1.5,2.23,1.66,1.4,1.64,1.9249999999999998
12/12/2023,1.16,1.31,1.48,,1.63,1.63,1.51,1.54,1.54,1.8,1.34,1.35,1.56
13/12/2023,1.31,1.55,2.53,,1.9,2.46,2.45,1.55,1.26,1.84,2.03,0.66,2.3049999999999997
14/12/2023,1.33,1.4,1.43,,1.6,1.6,1.63,1.25,0.98,1.53,1.38,1.28,1.215
15/12/2023,1.25,1.36,1.68,,1.64,1.74,1.65,1.27,0.83,1.61,1.36,1.19,1.4849999999999999
16/12/2023,0.77,1.0,1.28,,1.14,1.34,1.57,0.95,0.89,2.16,2.06,0.88,1.4649999999999999
17/12/2023,0.68,0.98,1.68,,1.66,3.09,1.98,1.28,0.65,1.95,2.11,0.65,2.33
18/12/2023,0.89,1.46,2.76,,1.99,2.36,2.47,1.72,1.05,1.8,1.49,1.34,2.005
19/12/2023,1.28,1.98,1.91,,1.91,2.99,2.14,1.4,1.16,2.95,2.27,1.37,2.835
20/12/2023,1.03,2.16,2.6,,2.83,3.13,2.66,2.4,1.41,3.25,1.55,1.77,2.73
21/12/2023,1.38,2.3,2.35,,2.27,2.25,2.14,1.79,1.25,1.8,2.3,1.85,2.075
22/12/2023,1.2,1.51,1.72,,1.88,2.31,2.22,1.92,1.3,2.58,2.91,1.54,1.42
23/12/2023,1.43,1.38,2.15,,1.57,1.74,1.72,1.89,1.27,2.0,1.9,1.46,1.8399999999999999
24/12/2023,0.73,1.19,2.24,,1.54,2.0,2.31,1.54,1.19,1.53,1.15,1.69,1.9
25/12/2023,0.73,1.31,2.25,,1.75,2.65,2.39,1.53,1.29,1.62,1.08,1.12,2.0
26/12/2023,1.06,1.28,1.47,,1.38,1.58,1.49,1.26,0.81,1.29,1.22,1.14,1.115
27/12/2023,0.9,1.48,1.95,,1.36,2.19,2.4,1.17,0.7,1.63,1.06,0.84,1.055
28/12/2023,0.83,1.42,2.69,,2.02,1.09,2.37,1.66,0.8,2.02,1.43,1.32,1.71
29/12/2023,1.01,1.94,2.28,,1.41,,2.55,1.69,0.8,2.4,1.83,0.92,2.59
30/12/2023,1.03,1.51,1.68,,1.21,1.61,1.61,1.42,0.81,1.86,1.56,1.13,1.44
31/12/2023,1.02,1.46,1.85,,1.74,2.43,1.87,1.25,1.23,2.43,1.57,1.47,2.7
