Fecha,TLALPAN,BENITOJUAREZ,AZCAPOTZALCO,GUSTAVOAMADERO,CUAUHTEMOC,IZTACALCO,VENUSTIANOCARRANZA,MIGUELHIDALGO,ALVAROOBREGON,TLAHUAC,COYOACAN,CUAJIMALPA,IZTAPALAPA
01/01/2020,,34,38,36,,31,37,34,45,36,41,45.5,31
02/01/2020,,23,27,22,,21,22,22,30,29,27,26,22.5
03/01/2020,56,51,51,55,,53,48,50,54,48,54,51.5,45
04/01/2020,90,74,64,74,,65,68,59,86,86,84.5,69,68.5
05/01/2020,86,,78,101,,77,79,65,81,83,81.5,80,71
06/01/2020,121,,112,118,,91,97,91,115,107,112.5,104,97.5
07/01/2020,67,63,57,37,,56,59,58,70,66,64.5,64.5,51
08/01/2020,107,82,87,91,,78,74,76,106,91,98,90,79.5
09/01/2020,95,79,70,79,,77,82,69,96,66,87.5,80.5,85
10/01/2020,64,56,61,61,,46,55,51,70,48,52.5,54.5,43
11/01/2020,78,79,81,85,,73,83,68,84,94,80.5,73,85
12/01/2020,81,72,75,78,,66,67,64,85,70,71,79,64
13/01/2020,99,93,91,74,,83,93,71,103,54,91.5,81.5,62.5
14/01/2020,82,68,68,76,75,45,76,63,75,68,68,77.5,53
15/01/2020,60,68,85,94,77,69,85,63,71,55,61.5,76,39.5
16/01/2020,74,78,83,92,89,79,79,69,83,75,78,74.5,69.5
17/01/2020,49,63,70,73,72,64,71,56,69,62,66.5,63.5,56
18/01/2020,75,70,78,76,75,62,72,64,83,78,71.5,72.5,56.5
19/01/2020,29,25,23,27,23,17,19,23,29,25,25.5,29.5,19
20/01/2020,20,19,25,33,24,13,24,17,20,22,19,23,19
21/01/2020,56,57,51,72,59,58,62,47,54,73,63.5,52,53
22/01/2020,78,85,87,92,93,82,83,70,83,77,80.5,64,70
23/01/2020,37,37,38,39,37,34,31,32,37,51,39,37.5,30
24/01/2020,44,,53,51,45,38,46,39,49,57,43,39,34
25/01/2020,56,,56,55,52,39,49,46,57,45,43.5,46.5,33
26/01/2020,49,50,59,60,55,48,58,42,56,57,54.5,44.5,46
27/01/2020,61,54,62,62,54,54,48,51,62,73,65,42,51
28/01/2020,71,61,61,70,61,61,59,59,75,67,69,58,52
29/01/2020,54,53,59,62,57,49,58,48,57,53,53,50,43
30/01/2020,36,36,39,40,36,37,34,32,36,44,40.5,35.5,31
31/01/2020,61,63,47,57,57,61,58,42,71,56,61,47.5,44
01/02/2020,,64,71,62,63,54,54,54,70,59,63,59.5,46
02/02/2020,,60,58,66,64,56,55,52,71,70,68,50,51
03/02/2020,,33,37,40,38,30,36,26,34,40,34.5,31.5,26
04/02/2020,,25,28,34,28,26,22,22,26,42,29.5,26,26
05/02/2020,,18,22,19,20,16,,17,21,23,20,21.5,16
06/02/2020,,42,45,50,47,10,,41,46,54,45.5,44.5,40
07/02/2020,,63,66,71,65,54,63,60,67,68,63,52.5,51
08/02/2020,,75,95,81,84,66,79,79,84,60,69.5,88,54
09/02/2020,,83,92,90,92,76,84,9,88,61,75,66.5,65
10/02/2020,,77,126,107,95,62,83,,86,84,67,86.5,57.5
11/02/2020,,92,113,108,109,82,101,88,113,90,85.5,90,84
12/02/2020,,69,74,63,72,60,29,67,75,60,61.5,52.5,50
13/02/2020,,86,104,103,99,82,77,57,106,64,81.5,93.5,69
14/02/2020,,90,95,99,105,76,92,86,104,79,107,88.5,115.5
15/02/2020,,97,112,98,112,84,104,101,114,108,101,91.5,113.5
16/02/2020,,66,55,69,61,61,72,49,67,79,72,51,75
17/02/2020,,72,86,80,89,77,81,73,71,84,74,65,86
18/02/2020,,93,82,89,88,88,76,82,32,32,99.5,74,97.5
19/02/2020,,98,112,92,100,90,89,105,122,131,105,116,99.5
20/02/2020,,57,59,75,68,64,67,55,68,79,71.5,66,81.5
21/02/2020,,96,116,110,115,107,106,87,108,90,90.5,97.5,106.5
22/02/2020,,105,119,101,116,106,119,92,122,101,102.5,100.5,103
23/02/2020,,109,126,113,121,111,118,100,128,101,97,107,110
24/02/2020,,72,15,70,73,81,79,54,78,71,70.5,55.5,73.5
25/02/2020,,46,56,54,50,48,48,44,54,50,45,44,50.5
26/02/2020,,81,99,100,96,93,91,76,93,80,79,83.5,92
27/02/2020,,68,92,81,85,75,82,65,85,62,60.5,75.5,64.5
28/02/2020,,109,110,105,122,123,115,88,133,128,116,101.5,130.5
29/02/2020,,75,78,106,86,105,90,64,93,90,82,84.5,101
01/03/2020,99,84,103,107,95,96,94,80,101,92,84.5,87.5,94.5
02/03/2020,77,68,80,77,84,74,77,52,79,59,60,45,67.5
03/03/2020,50,41,44,46,39,44,45,43,47,48,46.5,36,47.5
04/03/2020,79,62,83,87,74,67,71,80,80,63,70.5,53,69.5
05/03/2020,131,108,116,115,123,117,118,118,127,96,118,113.5,104.5
06/03/2020,99,73,59,79,79,82,72,76,89,104,93.5,47.5,90.5
07/03/2020,108,93,92,98,103,103,103,92,107,94,107,81,89
08/03/2020,107,88,106,87,96,98,95,102,101,97,102,100,120.5
09/03/2020,98,80,86,94,67,78,74,97,95,82,101.5,96,103
10/03/2020,125,107,98,126,122,129,119,99,123,113,129,109.5,122.5
11/03/2020,86,74,61,70,76,78,70,70,83,91,89.5,68.5,75
12/03/2020,124,108,103,89,119,103,105,108,121,100,118.5,96.5,99.5
13/03/2020,106,75,84,74,79,84,75,92,96,92,92.5,97,89
14/03/2020,102,86,96,97,102,99,99,97,104,100,108,85.5,102.5
15/03/2020,93,78,97,89,102,84,85,105,91,101,93,80.5,50.5
16/03/2020,71,66,84,62,72,68,68,81,69,77,73.5,70.5,79
17/03/2020,94,84,90,73,99,81,86,107,88,73,89,78,73
18/03/2020,97,86,111,78,93,86,82,107,90,92,98,78.5,86
19/03/2020,123,95,103,86,115,98,95,112,118,121,123,117,101.5
20/03/2020,99,75,72,72,77,75,71,83,90,85,89.5,91,81.5
21/03/2020,102,86,82,67,89,93,79,99,98,108,99.5,112,92
22/03/2020,111,96,97,93,111,100,100,99,107,93,105,85,91
23/03/2020,109,88,83,85,88,87,86,92,101,103,100,97,96
24/03/2020,104,87,80,90,88,93,79,92,100,121,104.5,91,96.5
25/03/2020,134,119,122,118,123,122,119,121,132,96,137.5,130,127.5
26/03/2020,98,76,89,94,87,85,85,81,81,95,94,90,96.5
27/03/2020,71,67,71,64,73,62,60,80,79,54,85,83,59
28/03/2020,98,98,116,99,116,102,109,114,104,71,102.5,110,99.5
29/03/2020,116,101,111,110,115,120,122,113,118,102,116.5,114,129.5
30/03/2020,116,115,112,101,114,120,108,135,122,118,123.5,113,110.5
31/03/2020,87,69,71,68,70,72,68,76,80,91,81,81,79
01/04/2020,104,97,106,101,105,105,96,106,108,76,113.5,100,118.5
02/04/2020,96,95,114,117,103,111,103,94,96,104,108.5,87,108.5
03/04/2020,107,86,99,86,100,93,78,102,102,83,96.5,110.5,87.5
04/04/2020,87,83,132,117,114,99,121,104,90,80,86.5,93,97.5
05/04/2020,105,77,89,86,88,76,81,98,98,69,90,111,84
06/04/2020,95,93,105,89,104,100,101,108,96,56,90.5,69,86.5
07/04/2020,92,78,98,91,92,89,92,96,88,72,90,90.5,105.5
08/04/2020,103,90,102,91,102,101,106,107,100,89,100,93.5,101
09/04/2020,103,93,114,103,119,112,113,114,107,74,107,116,111.5
10/04/2020,92,79,96,93,96,96,101,88,86,92,92,86.5,98.5
11/04/2020,82,71,84,87,88,79,83,80,81,62,74,79.5,70.5
12/04/2020,61,48,56,56,51,55,59,57,51,55,56,52.5,56.5
13/04/2020,100,92,119,115,111,101,112,116,103,86,100.5,108,99.5
14/04/2020,70,63,78,75,74,66,74,73,71,67,71.5,71,71
15/04/2020,94,94,121,108,120,105,116,115,97,70,87,115,87.5
16/04/2020,94,88,124,109,115,101,115,116,97,75,97.5,113,85
17/04/2020,118,116,137,116,137,131,136,127,117,106,118.5,117,120
18/04/2020,128,106,133,116,150,132,146,134,127,109,122,129,112
19/04/2020,119,103,123,117,123,109,117,126,110,87,108.5,122,100
20/04/2020,114,98,102,93,107,106,101,102,107,102,118.5,111,100
21/04/2020,100,108,117,104,115,119,114,119,122,79,127.5,122,127
22/04/2020,132,104,115,127,114,111,122,117,125,84,114.5,116,123.5
23/04/2020,113,93,100,97,108,100,103,110,108,104,110.5,113,103.5
24/04/2020,106,90,109,120,106,100,99,102,104,116,106.5,105,113
25/04/2020,82,77,106,90,95,87,96,88,80,67,92.5,92,88
26/04/2020,89,73,83,70,82,78,78,87,81,82,84,85,79
27/04/2020,115,91,84,82,95,89,86,98,101,85,96,92.5,86
28/04/2020,100,80,80,84,85,96,90,89,90,93,99.5,95,93.5
29/04/2020,96,87,83,102,90,114,109,88,91,108,103.5,81,114.5
30/04/2020,105,89,91,101,101,103,111,91,95,86,105,94.5,100.5
01/05/2020,98,85,101,105,95,104,97,92,96,103,100.5,83.5,114.5
02/05/2020,109,80,90,83,96,90,83,96,98,99,97.5,109,98
03/05/2020,98,84,81,100,87,96,94,89,93,91,96,90,99.5
04/05/2020,87,72,77,81,77,78,80,81,82,84,86,90.5,86
05/05/2020,97,81,79,83,91,94,89,82,89,104,99.5,83,95
06/05/2020,125,101,108,86,110,102,99,119,117,93,75,119.5,89.5
07/05/2020,69,46,82,87,78,83,77,73,64,82,70.5,72,83.5
08/05/2020,86,75,95,100,97,99,100,82,83,112,92,74.5,113.5
09/05/2020,95,80,107,103,100,97,101,96,97,87,98,97.5,101
10/05/2020,109,89,98,91,105,96,98,97,108,89,101,98.5,96
11/05/2020,105,92,89,92,99,101,101,110,95,99,100,104,106
12/05/2020,102,91,91,110,98,103,114,82,98,74,103,70,120
13/05/2020,84,68,94,88,97,86,86,84,80,73,80,96.5,91
14/05/2020,90,84,113,114,109,117,114,104,97,85,96,103.5,123
15/05/2020,90,77,95,102,95,86,95,95,88,80,86,92.5,81.5
16/05/2020,77,63,67,81,76,75,75,68,72,77,73,68,79
17/05/2020,94,79,93,85,96,95,94,98,92,78,89,97,94
18/05/2020,117,86,108,97,104,94,99,115,112,118,104.5,109.5,103.5
19/05/2020,,103,106,110,118,113,111,117,120,87,115,106,102
20/05/2020,,89,102,97,101,111,104,107,102,120,117.5,100,118.5
21/05/2020,,115,136,127,128,134,121,137,127,92,116.5,128,125
22/05/2020,,101,110,113,119,119,115,120,118,104,120,109,126.5
23/05/2020,,87,111,103,114,108,109,113,119,86,109.5,119.5,95.5
24/05/2020,,76,104,107,97,98,103,96,89,73,94,101,92.5
25/05/2020,,93,104,110,106,103,106,98,96,82,99,91.5,90
26/05/2020,,93,128,113,117,112,110,119,106,87,91,111.5,96
27/05/2020,,106,133,118,132,111,122,147,126,90,113,138,104.5
28/05/2020,,92,105,97,107,115,108,113,117,99,121,114,110
29/05/2020,,73,77,73,85,82,77,84,85,86,91,89,86.5
30/05/2020,,60,64,62,69,69,65,71,73,74,75.5,78,70.5
31/05/2020,,86,85,83,95,98,99,81,94,81,100,81,83
01/06/2020,,57,82,77,86,91,81,84,89,105,98.5,83.5,89.5
02/06/2020,,,43,72,75,88,77,77,80,84,89.5,82,80
03/06/2020,,,26,32,33,33,28,33,34,35,37.5,36.5,34
04/06/2020,,54,52,18,58,59,51,63,70,50,65.5,67,50
05/06/2020,,70,66,,76,75,64,74,84,87,86,80,77.5
06/06/2020,,72,68,,85,87,89,70,79,78,89.5,78.5,84.5
07/06/2020,,71,86,,83,78,81,79,82,64,80.5,71.5,72.5
08/06/2020,,88,104,,100,92,84,99,100,75,86.5,105,77.5
09/06/2020,,104,86,,115,127,126,119,114,106,123.5,109.5,117
10/06/2020,,68,68,,73,71,67,74,87,75,82,85,69.5
11/06/2020,,55,53,,60,64,56,61,68,84,71,65,66
12/06/2020,,46,46,,52,48,46,50,56,48,53,54.5,46
13/06/2020,,78,73,,90,94,89,67,76,78,90,64.5,72
14/06/2020,,71,78,,77,101,94,79,83,93,89,83.5,98
15/06/2020,,79,83,,90,101,91,86,89,106,98,85.5,108
16/06/2020,,93,89,,107,120,121,98,116,104,114.5,107,99.5
17/06/2020,,95,84,,103,117,109,90,108,97,112,90,105
18/06/2020,,66,66,,78,91,80,68,77,80,82,75,80
19/06/2020,,88,98,,96,85,91,117,122,100,109,85,84.5
20/06/2020,,75,71,,80,96,88,74,,105,102.5,75,96.5
21/06/2020,,86,104,,92,30,87,103,94,71,84,108.5,78
22/06/2020,,78,69,,89,87,83,83,84,61,93.5,75.5,85
23/06/2020,,87,85,,95,12,12,87,,21,97,88,83
24/06/2020,,42,76,,58,53,61,51,49,39,47,46.5,51.5
25/06/2020,,33,43,,41,35,40,38,44,29,39,43,31
26/06/2020,,54,75,,74,60,78,67,45,44,52,51,65.5
27/06/2020,,100,104,,96,100,91,99,112,72,110,109,107.5
28/06/2020,,81,81,,87,85,81,90,85,51,81.5,90,77.5
29/06/2020,,74,77,,81,78,74,81,93,72,88,87,78
30/06/2020,,105,118,,110,104,96,116,124,78,112,132,94.5
01/07/2020,,75,80,,78,74,75,86,92,52,81,95.5,70
02/07/2020,,94,92,,92,91,88,103,115,98,114,113.5,89.5
03/07/2020,,75,71,,77,74,75,80,90,91,89,92.5,74
04/07/2020,,90,102,,97,86,87,101,100,88,101,102,85
05/07/2020,,81,97,,103,87,96,107,81,48,73,100,71
06/07/2020,,92,102,,106,87,89,98,93,74,80,99,97.5
07/07/2020,,49,69,,55,48,65,57,56,40,52,57,50.5
08/07/2020,,39,44,,45,40,45,43,38,34,39,38,37
09/07/2020,,73,83,,93,74,88,91,98,87,106,96.5,72.5
10/07/2020,,86,73,,81,88,84,97,102,84,103,96.5,82.5
11/07/2020,,70,64,,67,79,67,62,74,87,81,63,86
12/07/2020,,72,76,,76,70,68,77,81,66,77.5,84.5,80
13/07/2020,,87,78,,85,83,78,89,103,81,97,94.5,81
14/07/2020,,109,106,,114,104,100,119,124,105,115.5,124,91.5
15/07/2020,,80,92,,85,85,76,92,98,54,97.5,108.5,88.5
16/07/2020,,90,88,,99,84,91,104,108,106,111,120,90.5
17/07/2020,,78,81,,88,80,75,92,91,57,79.5,98.5,72.5
18/07/2020,,71,83,,79,69,74,87,77,76,74,86,71.5
19/07/2020,,68,78,,71,70,68,77,74,98,86.5,75,78
20/07/2020,,104,90,,114,126,121,105,101,110,132,87,122.5
21/07/2020,,94,84,,103,90,85,94,110,96,105,102,82.5
22/07/2020,,92,110,,91,87,83,103,122,85,124.5,118,102
23/07/2020,,96,110,,105,102,24,124,121,91,121,133,107.5
24/07/2020,,102,110,,111,102,105,123,122,64,109,132,94.5
25/07/2020,,108,115,,116,111,112,117,122,103,131,124,112.5
26/07/2020,,58,71,,66,63,70,61,65,50,61.5,58,51.5
27/07/2020,,57,55,,68,56,65,68,64,38,57.5,75,54.5
28/07/2020,,30,44,,43,39,50,37,36,39,39.5,35,46
29/07/2020,,47,52,,50,48,53,55,49,38,49.5,44,44.5
30/07/2020,,82,87,90,97,84,89,104,100,95,99,,88.5
31/07/2020,,57,71,65,66,57,62,66,48,46,62.5,,65
01/08/2020,,56,69,76,69,64,65,63,67,96,72.5,,70.5
02/08/2020,,61,62,64,68,72,68,65,72,78,81,,71
03/08/2020,,71,88,80,88,71,83,89,77,51,70.5,,55
04/08/2020,,87,77,75,91,85,81,86,102,91,76.5,,75.5
05/08/2020,,94,73,68,91,77,74,90,114,74,102.5,,71
06/08/2020,,82,73,75,82,90,70,84,92,109,103,,95
07/08/2020,,57,51,48,56,15,51,60,65,64,67.5,67,55.5
08/08/2020,,46,47,47,46,,43,48,52,50,55.5,55,47.5
09/08/2020,,76,81,75,79,,80,76,78,41,77.5,57,59
10/08/2020,,70,64,64,67,,61,72,85,83,86,87,84
11/08/2020,,69,83,95,81,,76,94,99,74,100,110,81
12/08/2020,,58,79,74,8,,71,71,68,50,68.5,74,68
13/08/2020,,92,97,96,,,84,84,76,71,84.5,79,105
14/08/2020,,104,94,88,,,95,30,107,99,109.5,99,88
15/08/2020,,84,74,77,,,82,,93,106,91,96,86.5
16/08/2020,,72,77,70,,,78,,82,69,84.5,87,77
17/08/2020,,73,81,69,,,71,,86,77,90,107,80.5
18/08/2020,,70,79,75,,,78,,92,80,86,97,73.5
19/08/2020,,92,85,86,,,97,,119,78,106.5,117,88.5
20/08/2020,,86,78,77,,,83,,88,109,105,87,95.5
21/08/2020,,100,97,101,,,100,,116,107,129.5,108,107.5
22/08/2020,,90,83,75,,,87,,87,81,103.5,84,85.5
23/08/2020,,82,78,75,,,79,,94,81,93.5,86,76.5
24/08/2020,,66,56,53,,,54,,78,72,74.5,71,56
25/08/2020,,27,22,27,,,21,,34,32,36,39,28
26/08/2020,,66,61,62,,,60,,87,83,93,82,63
27/08/2020,,58,71,81,,,64,,45,27,48.5,35,39
28/08/2020,,107,96,96,,,100,,122,107,125.5,117,97.5
29/08/2020,,74,81,80,,,85,,76,55,72.5,88,74
30/08/2020,,28,36,36,,,34,,33,29,31,30,29.5
31/08/2020,,92,95,73,,,87,,97,38,82.5,117,71
01/09/2020,,98,107,86,,,88,,112,103,109,119,78
02/09/2020,,90,84,82,,,86,,111,101,104,114,80.5
03/09/2020,,56,51,53,,,51,,77,65,70.5,75,55
04/09/2020,,33,31,38,,,32,,34,33,37,39,33.5
05/09/2020,,27,27,33,,,26,,26,31,29,35,30.5
06/09/2020,,41,41,43,,,39,,46,50,48.5,46,48
07/09/2020,,52,49,50,,,48,,65,54,65.5,68,49
08/09/2020,,98,104,97,,,92,,103,54,84,123,96
09/09/2020,,56,68,77,,,61,,68,43,61.5,76,46.5
10/09/2020,,70,64,68,,,66,,84,93,94,86,78.5
11/09/2020,,60,55,70,,,60,,70,86,78.5,72,75.5
12/09/2020,,94,83,79,,,86,94,108,99,108,102,84
13/09/2020,,59,51,55,,,52,56,65,60,70,57,58
14/09/2020,,44,38,47,,,41,45,50,52,52,51,49
15/09/2020,,77,61,63,,,66,76,93,71,92.5,88,74
16/09/2020,,60,55,59,,,62,60,76,66,79.5,68,67.5
17/09/2020,,49,44,46,,,45,49,56,62,61,62,54.5
18/09/2020,,24,26,40,,,23,27,28,28,29.5,33,33
19/09/2020,,26,26,33,,,23,27,32,33,34,35,29.5
20/09/2020,,83,101,114,,,102,96,85,80,84,73,105.5
21/09/2020,,67,84,103,,,94,76,77,74,90,78,89
22/09/2020,,103,85,100,,,102,99,119,122,125.5,101,104.5
23/09/2020,,106,86,78,,,101,97,111,90,105.5,86,81
24/09/2020,,77,91,85,,,88,64,77,57,78,82,98
25/09/2020,,58,66,69,,,22,60,74,47,81.5,76,77.5
26/09/2020,,86,78,78,,,,86,97,74,103.5,91,95.5
27/09/2020,,68,81,65,,,,91,89,102,91,94,74.5
28/09/2020,,68,64,70,,,,73,76,65,74.5,81,66
29/09/2020,,28,24,35,,,,29,33,35,34.5,38,33.5
30/09/2020,,107,107,91,,,,112,94,98,99.5,103,99.5
01/10/2020,,64,55,65,,,59,59,73,71,78.5,68,67
02/10/2020,,64,57,58,,,52,68,75,65,72.5,77,60
03/10/2020,,96,81,72,,,81,98,108,85,103,97,78
04/10/2020,,57,53,58,,,54,61,64,58,64,66,58
05/10/2020,,79,71,71,,,71,85,91,85,91,95,76
06/10/2020,,81,70,80,,,71,81,92,79,92,88,78
07/10/2020,,111,91,92,,,106,90,102,106,122.5,86,95
08/10/2020,,107,94,113,,,96,106,119,121,125.5,95,101
09/10/2020,,99,101,98,,,88,119,121,106,114,126,94.5
10/10/2020,,92,81,90,,,87,93,106,106,109.5,115,96
11/10/2020,,95,86,92,,,92,96,107,76,110,100,112.5
12/10/2020,,60,65,69,,,72,79,57,40,55,58,51.5
13/10/2020,,66,54,58,,,54,71,74,80,78.5,64,69
14/10/2020,,65,56,55,,,56,72,82,71,80,79,61.5
15/10/2020,,57,5,59,,,52,69,74,70,70.5,79,40.5
16/10/2020,,38,31,41,,,31,39,40,41,47,45,43
17/10/2020,,85,77,84,,,88,91,96,89,100,98,88
18/10/2020,,88,93,87,,,91,98,94,101,95.5,99,91.5
19/10/2020,,74,,59,,,63,79,90,85,88.5,88,78
20/10/2020,,85,,60,,,64,85,101,81,96.5,91,73
21/10/2020,,75,,63,,,67,85,93,71,82,94,66.5
22/10/2020,,60,49,83,,,46,61,63,84,72.5,64,60
23/10/2020,,47,49,53,,,46,59,64,54,61,66,38.5
24/10/2020,,,52,53,,,50,67,68,63,66,71,56.5
25/10/2020,,,67,65,,,74,81,87,94,92,78,80.5
26/10/2020,,,77,91,,,85,99,95,111,92,96,96.5
27/10/2020,,,106,124,,,114,129,144,76,124.5,131,109
28/10/2020,,108,120,133,,,129,136,115,87,109.5,128,112
29/10/2020,,74,67,92,,,90,88,92,110,93.5,99,92
30/10/2020,,73,62,35,,,76,86,99,97,99.5,99,83
31/10/2020,,72,76,93,,,74,94,97,80,91,110,102.5
01/11/2020,,39,11,39,,,43,45,50,53,54,51,46.5
02/11/2020,,44,,48,,,46,51,56,48,58.5,57,46.5
03/11/2020,,57,53,68,,,58,71,73,91,78,76,79
04/11/2020,,61,49,54,,,49,68,75,75,72,73,44
05/11/2020,,70,62,77,,,73,82,89,88,90.5,85,88.5
06/11/2020,,82,86,90,,,84,109,114,103,107.5,113,106.5
07/11/2020,,92,86,122,,,109,117,125,99,118.5,129,113
08/11/2020,,95,86,127,,,125,114,124,107,113.5,134,104.5
09/11/2020,,88,78,88,,,90,101,108,102,108,109,92.5
10/11/2020,,92,73,87,,,93,100,109,103,118,100,93.5
11/11/2020,,115,101,114,,,121,145,153,108,142.5,151,122
12/11/2020,,99,96,112,,,113,135,133,143,130.5,145,121
13/11/2020,,81,70,97,,,86,95,103,83,105.5,100,98
14/11/2020,,89,87,118,,,110,113,120,116,115,121,94
15/11/2020,,57,54,67,,,57,72,72,72,70.5,81,66.5
16/11/2020,,45,40,46,,,44,52,56,58,56.5,59,49
17/11/2020,,25,20,33,,,27,29,30,38,34,30,33.5
18/11/2020,,24,24,39,,,28,27,31,39,32.5,37,35.5
19/11/2020,,61,50,24,,,63,58,65,78,77,75,62
20/11/2020,,36,27,37,,,34,27,45,44,48,47,36
21/11/2020,,31,26,36,,,27,34,39,44,44,38,38.5
22/11/2020,,55,46,48,,,47,61,66,60,63,62,51.5
23/11/2020,,54,51,64,,,65,56,58,78,69.5,58,58.5
24/11/2020,,72,52,71,,,55,71,76,74,92.5,65,70
25/11/2020,,85,71,79,,,75,94,109,104,98.5,104,83.5
26/11/2020,,72,6,75,,,70,79,86,83,89.5,79,64.5
27/11/2020,,63,58,62,,,65,68,70,82,77.5,77,72
28/11/2020,,71,61,111,,,91,77,90,96,92.5,84,92
29/11/2020,,102,99,121,,,114,130,129,110,122,133,114
30/11/2020,,55,57,77,,,67,70,63,75,71,73,66.5
01/12/2020,,56,57,78,,,68,70,70,50,48.5,61,48.5
02/12/2020,,51,50,62,,,62,55,67,60,67,55,64.5
03/12/2020,,41,46,50,,,42,55,54,48,48,55,40.5
04/12/2020,,31,39,42,,,39,40,40,36,39.5,45,36.5
05/12/2020,,31,34,44,,,37,36,41,43,41,42,38
06/12/2020,,43,55,61,,,54,58,57,46,49.5,59,42
07/12/2020,,38,39,53,,,45,44,41,61,51,36,47.5
08/12/2020,,55,57,64,,,66,67,74,11,76.5,72,70
09/12/2020,,53,49,61,,,65,60,64,65,64,65,60
10/12/2020,,70,4,96,,,89,88,80,75,84.5,86,94
11/12/2020,,67,102,99,,,88,96,90,72,77.5,101,70.5
12/12/2020,,62,86,78,,,74,85,83,61,78.5,85,63.5
13/12/2020,,51,61,69,,,63,60,64,54,66.5,63,62.5
14/12/2020,,46,65,68,,,65,58,60,67,60,60,60.5
15/12/2020,,49,61,67,,,57,55,61,72,64,45,65.5
16/12/2020,,62,72,77,,,73,75,75,72,75.5,78,71
17/12/2020,,61,74,80,,,72,74,83,59,78.5,80,77.5
18/12/2020,,65,90,88,,,85,90,85,57,74.5,92,58.5
19/12/2020,,75,88,87,,,91,83,87,105,93,81,85
20/12/2020,,67,92,88,,,83,91,88,79,84,93,83.5
21/12/2020,,70,78,77,,,75,84,77,70,81.5,82,83.5
22/12/2020,,69,79,88,,,82,84,88,93,89,82,76
23/12/2020,,76,93,112,,,50,92,99,112,105,77,96.5
24/12/2020,,85,89,105,,,98,96,112,112,109,102,95
25/12/2020,,68,92,87,,,83,96,102,94,93,106,79.5
26/12/2020,,58,64,81,,,63,73,76,79,75,71,72
27/12/2020,,52,58,68,,,64,62,70,82,72.5,69,68.5
28/12/2020,,58,71,73,,,85,63,68,85,74,66,79
29/12/2020,,72,86,105,,,90,88,94,103,88,93,84.5
30/12/2020,,66,75,64,,,66,83,92,55,73,80,53.5
31/12/2020,,39,48,50,,,43,48,52,41,44.5,47,43.5
01/01/2021,,57,63,64,,,73,71,69,55,61,66,53
02/01/2021,,72,86,92,,,89,88,94,100,89,86,86.5
03/01/2021,,57,75,69,,,68,71,70,58,73,65,55
04/01/2021,,67,79,84,,,88,91,89,86,91,97,77.5
05/01/2021,,69,88,90,,,93,92,92,70,85.5,95,67.5
06/01/2021,,49,64,72,,,65,57,62,62,71.5,57,69.5
07/01/2021,,48,65,67,,,64,73,69,58,64.5,74,52.5
08/01/2021,,62,83,89,,,87,87,82,66,81.5,79,76.5
09/01/2021,,50,61,65,,,61,63,62,49,60,56,47.5
10/01/2021,,39,42,43,,,37,41,51,44,52,42,47
11/01/2021,,25,29,34,,,31,29,31,34,31.5,35,31.5
12/01/2021,,23,42,46,,,44,48,49,45,42.5,42,40
13/01/2021,,,66,67,,,50,58,74,20,77,67,65.5
14/01/2021,,,47,56,,,42,33,36,,43.5,35,47.5
15/01/2021,,,80,88,,,80,75,68,86,73,46,80
16/01/2021,,,65,75,,,65,65,56,56,56.5,64,54
17/01/2021,,,28,37,,,35,30,35,35,36,32,36.5
18/01/2021,,,75,78,,,79,81,73,59,75,78,70
19/01/2021,,,64,77,,,76,86,89,62,76.5,102,75.5
20/01/2021,,,78,92,,,73,72,70,75,74,73,59
21/01/2021,,,70,77,,,62,83,69,51,66,90,48
22/01/2021,,,87,91,,,82,84,83,84,80.5,90,75
23/01/2021,,,90,101,,,102,96,101,90,89.5,98,67
24/01/2021,,,69,76,,,75,79,81,61,72.5,89,50
25/01/2021,,,68,88,,,80,66,79,66,79.5,58,32
26/01/2021,,,81,51,,,90,94,,64,73,93,48
27/01/2021,,,62,66,,,62,34,,81,76.5,84,57
28/01/2021,,,50,60,,,66,62,75,87,82,77,63
29/01/2021,,89,94,100,,,107,110,97,70,92,114,60
30/01/2021,,74,72,83,,,82,87,94,120,95,96,74
31/01/2021,,53,59,61,,,56,69,67,70,64.5,74,52
01/02/2021,,54,53,59,,,59,65,64,75,68.5,69,54
02/02/2021,,48,43,68,,,55,44,45,72,55.5,57,52
03/02/2021,,47,51,66,,,50,58,62,73,60.5,67,58
04/02/2021,,73,70,87,,,100,70,76,102,88.5,66,74
05/02/2021,,85,101,116,,,101,109,100,97,100,106,71
06/02/2021,,74,65,76,,,72,82,82,84,44.5,93,56
07/02/2021,,71,79,83,,,85,91,91,69,82,98,49
08/02/2021,,53,65,65,,,61,66,62,58,59.5,75,44
09/02/2021,,71,84,85,,,88,92,73,63,72,85,59
10/02/2021,,69,79,98,,,96,87,69,56,70,74,52
11/02/2021,,34,37,41,,,39,39,40,39,38.5,39,29
12/02/2021,,34,38,42,,,37,38,37,37,38,33,30
13/02/2021,,42,46,52,,,45,45,50,41,41,42,33
14/02/2021,,56,57,68,,,66,57,69,60,64.5,53,39
15/02/2021,,63,67,67,,,68,55,79,69,73,65,50
16/02/2021,,55,57,71,,,65,62,68,63,65,56,44
17/02/2021,,54,65,69,,,68,70,69,73,62,67,44
18/02/2021,,73,84,102,,,95,98,88,75,79.5,79,56
19/02/2021,,77,71,86,,,90,104,113,110,106,128,77
20/02/2021,,79,73,89,,,98,90,96,104,97.5,84,62
21/02/2021,,95,93,127,,,133,137,130,121,122.5,149,71
22/02/2021,,72,66,81,,,85,99,106,102,101,114,64
23/02/2021,,73,66,87,,,86,92,98,109,99,107,65
24/02/2021,,32,52,63,,,65,71,72,83,73.5,82,55
25/02/2021,,85,97,100,,,124,128,118,86,113.5,143,76
26/02/2021,,91,95,126,,,132,106,126,130,130,128,120.5
27/02/2021,,95,102,122,,,140,145,136,128,130,152,117.5
28/02/2021,,93,96,117,,,132,131,113,93,114,129,111.5
01/03/2021,,95,87,119,,,136,112,112,118,119,111,104.5
02/03/2021,,90,100,116,,,131,128,111,89,113.5,137,105
03/03/2021,,83,75,92,,,89,105,106,101,108,117,85
04/03/2021,,74,77,86,,,87,105,102,121,100.5,,86.5
05/03/2021,,68,59,87,,,88,76,85,88,105.5,,80
06/03/2021,,87,97,121,,,130,119,124,,123,,100.5
07/03/2021,,58,60,94,,,80,79,82,,79,,70
08/03/2021,,53,45,91,,,82,67,70,,80.5,,75
09/03/2021,,57,52,84,,,62,65,70,,74,,74
10/03/2021,,42,42,53,,,43,50,53,,56,,59.5
11/03/2021,,66,68,74,,,64,89,93,,90.5,99,79
12/03/2021,,73,73,88,,,99,109,112,,109.5,115,95
13/03/2021,,72,69,106,,,92,106,112,,102,141,91.5
14/03/2021,,62,69,101,,,105,93,92,,90,108,85
15/03/2021,,66,71,93,,,92,99,99,,101.5,110,82
16/03/2021,,54,67,85,,,74,89,84,,78.5,109,72
17/03/2021,,63,80,109,,,99,101,94,,84,99,76.5
18/03/2021,,65,67,77,,,82,99,105,,93.5,109,70
19/03/2021,,73,62,87,,,101,96,97,,95.5,92,80.5
20/03/2021,,60,69,89,,,87,86,83,,82,91,78.5
21/03/2021,,63,77,99,,,105,90,75,,90.5,82,95.5
22/03/2021,,45,53,79,,,73,65,70,,74,77,72.5
23/03/2021,,55,58,74,,,75,80,81,,75,84,67
24/03/2021,,59,68,84,,,83,74,86,,76.5,67,70.5
25/03/2021,,63,73,89,,,86,91,92,,80.5,100,71.5
26/03/2021,,57,67,90,,,98,94,91,,47.5,106,77
27/03/2021,,74,83,123,,,129,112,114,92,110,,101.5
28/03/2021,,72,70,97,,,102,102,112,119,93,,85
29/03/2021,,69,65,97,,,95,109,110,86,94,,86
30/03/2021,,68,64,94,,,84,95,102,54,100.5,,59.5
31/03/2021,,59,52,74,,,79,74,82,88,77.5,,83
01/04/2021,,33,31,39,,,38,45,48,47,44,,41
02/04/2021,,41,35,43,,,47,52,58,67,57.5,,45.5
03/04/2021,,53,54,77,,,63,69,73,83,72.5,,66
04/04/2021,,67,71,108,,,94,75,75,97,82.5,,92
05/04/2021,,55,50,98,,,81,71,85,82,80,,74
06/04/2021,,56,54,78,,,72,83,85,85,79.5,,66.5
07/04/2021,,81,53,74,,,71,77,81,84,83.5,,72.5
08/04/2021,,125,76,94,,,103,117,114,98,101.5,,81
09/04/2021,,134,74,119,,,114,122,117,100,110,,106.5
10/04/2021,,119,81,116,,,107,114,99,97,96.5,,86.5
11/04/2021,,114,77,107,,,106,117,110,85,97,,78
12/04/2021,,98,67,94,,,89,97,87,83,80,,71
13/04/2021,,113,67,105,,,105,115,111,106,105.5,,93.5
14/04/2021,,120,82,102,,,105,131,123,102,101,,84.5
15/04/2021,,117,81,115,,,133,114,100,109,105,,96.5
16/04/2021,,136,91,128,,,118,134,126,111,116,,131
17/04/2021,,109,75,110,,,102,111,105,77,98,,97
18/04/2021,,88,57,84,,,80,76,68,69,71.5,,59
19/04/2021,,79,52,80,,,77,71,65,73,72,,62
20/04/2021,,90,68,80,,,79,92,84,76,76,,66
21/04/2021,,126,81,121,,,107,125,120,88,112,,84.5
22/04/2021,,140,91,128,,,129,141,126,84,113,,95.5
23/04/2021,,114,76,115,,,101,128,103,88,90,,71.5
24/04/2021,,146,87,143,,,140,147,131,112,123.5,,117.5
25/04/2021,,121,75,105,,,107,110,110,109,110,,97
26/04/2021,,144,86,117,,,120,134,134,,141.5,,112.5
27/04/2021,,129,87,106,,,114,125,117,,113,,96.5
28/04/2021,,134,95,130,,,115,130,123,,117,,83
29/04/2021,,112,83,107,,,97,122,115,,107,,91.5
30/04/2021,,104,75,88,,,93,118,103,,86.5,109,63
01/05/2021,,97,73,104,,,97,92,90,,80,68,67
02/05/2021,,92,76,104,,,101,103,79,,77,61,72.5
03/05/2021,,71,70,68,,,74,78,71,,67.5,54,61.5
04/05/2021,,90,76,95,,,94,98,42,,84.5,98,71
05/05/2021,,115,64,84,,,93,111,,107,109.5,112.5,82.5
06/05/2021,,85,60,72,,,69,86,,83,80,88,67
07/05/2021,,86,54,65,,,66,83,83,86,87,85.5,40
08/05/2021,,101,61,97,,,98,89,90,95,109.5,87.5,101
09/05/2021,,111,86,110,,,108,114,100,85,109,98.5,95.5
10/05/2021,,140,101,124,,,139,135,118,109,118.5,124.5,113.5
11/05/2021,,93,85,119,,,99,96,69,75,77.5,82,84.5
12/05/2021,,106,91,98,,,105,128,107,85,97.5,115,80.5
13/05/2021,,39,32,44,,44,36,42,38,45,44.5,42.5,40
14/05/2021,,63,45,56,,63,49,58,60,77,68,58,59
15/05/2021,,86,71,88,,84,76,80,79,70,79.5,81.5,78
16/05/2021,,100,74,89,,95,91,97,92,80,88,81.5,81
17/05/2021,,107,78,115,,111,103,94,97,109,94.5,84,118
18/05/2021,,93,66,97,,92,94,83,92,83,102,79,101.5
19/05/2021,,94,65,93,,94,90,87,84,65,83.5,72,74
20/05/2021,,127,94,110,,125,118,120,120,82,116.5,115.5,119
21/05/2021,,106,71,92,,33,89,92,98,90,100.5,95,91.5
22/05/2021,,110,73,95,,,101,96,99,88,102.5,93.5,90
23/05/2021,,106,69,92,,,91,96,96,97,98.5,94,95.5
24/05/2021,,99,60,94,,,96,87,85,109,101.5,84.5,101.5
25/05/2021,,98,76,81,,89,76,107,101,133,101.5,107.5,86
26/05/2021,,129,76,82,,116,95,117,21,124,120,107,90
27/05/2021,,123,83,79,,96,85,111,119,96,110,93.5,81.5
28/05/2021,,150,91,123,,154,144,109,115,122,135.5,101.5,116
29/05/2021,,122,88,113,,112,108,122,116,110,114,122,101.5
30/05/2021,,96,70,77,,83,79,103,89,90,87.5,89,75
31/05/2021,,103,72,78,,87,79,111,109,91,100,100.5,84.5
01/06/2021,,122,77,36,,99,90,115,108,112,105,99.5,92
02/06/2021,,78,47,80,,85,72,69,50,57,66.5,55.5,60.5
03/06/2021,,89,69,93,,99,89,79,63,52,73.5,68,74
04/06/2021,,59,43,83,,50,62,55,48,51,52,48.5,52.5
05/06/2021,,77,61,78,,73,60,72,71,76,80.5,72,78
06/06/2021,,104,90,95,,89,86,106,101,95,105,109.5,92
07/06/2021,,85,67,73,,76,70,83,79,75,77,86,68
08/06/2021,,147,107,111,,133,120,148,141,82,149.5,152,126
09/06/2021,,135,80,86,,112,105,121,122,113,120.5,122,94
10/06/2021,,71,55,54,,62,57,67,76,75,72,72,63
11/06/2021,,63,52,64,,56,61,70,64,61,63.5,70,57.5
12/06/2021,,64,43,49,,63,52,56,64,54,67.5,53.5,56.5
13/06/2021,,78,73,77,,83,74,74,58,59,64,46,62
14/06/2021,,41,26,35,,37,26,38,36,50,43,44,31.5
15/06/2021,,56,41,44,,49,42,54,57,50,54.5,56.5,42.5
16/06/2021,,74,51,64,,71,60,67,72,82,78,69,68
17/06/2021,,54,36,43,,46,41,49,48,48,51.5,53.5,38
18/06/2021,,47,42,31,,48,45,51,33,43,42,38.5,48
19/06/2021,,19,15,20,,15,17,18,15,19,17,18,17
20/06/2021,,58,58,67,,51,60,66,57,31,49,47.5,41
21/06/2021,,115,106,114,,102,106,127,126,62,119.5,116.5,87
22/06/2021,,135,91,98,,121,101,126,131,71,133.5,136.5,99
23/06/2021,,72,66,82,,68,65,74,65,52,66.5,73.5,56
24/06/2021,,95,70,75,,86,79,82,84,74,84,92.5,83
25/06/2021,,35,36,39,,36,39,35,29,25,31.5,30,35
26/06/2021,,35,32,,,34,36,33,29,27,31.5,33.5,30
27/06/2021,,20,16,,,16,20,22,20,16,20.5,23,18
28/06/2021,,46,31,36,,34,33,41,39,26,39,29.5,31
29/06/2021,,52,54,66,,59,58,70,39,32,43,55,44
30/06/2021,,88,55,86,,71,6,83,76,92,48,79,4
01/07/2021,,39,28,34,,27,25,42,47,45,51.5,53.5,28
02/07/2021,,54,62,70,,55,67,67,49,33,52,54,52
03/07/2021,,38,31,39,,33,33,41,33,33,37.5,29,32
04/07/2021,,101,78,76,,84,81,92,93,96,95.5,66,75
05/07/2021,,119,85,87,,93,90,119,120,89,102,123,74
06/07/2021,,120,83,109,,103,94,107,114,66,110,119,80
07/07/2021,,110,93,115,,94,106,122,120,72,105.5,127.5,70
08/07/2021,,55,49,58,,45,49,57,57,36,49,51.5,38
09/07/2021,,48,43,51,,44,50,54,44,35,41.5,65,37
10/07/2021,,112,77,88,,101,95,107,112,98,110.5,111.5,79
11/07/2021,,110,77,90,,94,90,112,111,83,106.5,115,83.5
12/07/2021,,94,70,77,,83,79,97,93,94,91.5,109.5,74.5
13/07/2021,,68,49,52,,57,52,64,66,66,66,73.5,51.5
14/07/2021,,97,60,60,,83,67,86,95,88,99,86.5,62
15/07/2021,,62,45,57,,49,50,62,67,55,62,67,47.5
16/07/2021,,51,64,65,,49,66,62,49,36,44,62,45
17/07/2021,,80,56,60,,67,58,74,82,77,78,80,60.5
18/07/2021,,86,64,74,,79,74,85,84,87,80,88.5,73
19/07/2021,,89,72,86,,81,76,91,80,82,79.5,90,76
20/07/2021,,120,50,100,,28,98,114,112,48,110.5,111,90.5
21/07/2021,,91,84,88,,86,82,90,101,,98,95.5,84.5
22/07/2021,,74,58,79,,66,65,77,76,,82.5,81,60.5
23/07/2021,,116,87,102,,109,106,110,99,,95.5,121.5,98
24/07/2021,,142,87,96,,127,112,125,133,,131.5,122.5,93
25/07/2021,,115,67,84,,97,93,89,100,,104,91.5,68
26/07/2021,,85,74,89,,74,73,91,92,,87,103.5,76
27/07/2021,,99,72,83,,85,84,112,100,,98,128.5,82.5
28/07/2021,,107,69,91,,71,84,33,108,,101.5,101.5,54
29/07/2021,,80,62,76,,87,80,87,95,,93,98.5,75
30/07/2021,,55,28,38,,50,36,44,53,,58,54.5,35.5
31/07/2021,,108,89,91,,101,94,114,88,,98,121.5,89.5
01/08/2021,,96,81,95,,98,95,101,79,,86.5,88.5,89
02/08/2021,,95,86,103,,86,79,96,95,,94.5,110.5,81
03/08/2021,,78,46,59,,65,53,71,77,,91,83,74
04/08/2021,,110,79,99,,91,81,112,110,,75.5,119,93.5
05/08/2021,,98,80,87,,84,95,102,71,,67.5,85.5,62
06/08/2021,,75,69,76,,68,69,70,54,,61.5,70.5,60.5
07/08/2021,,109,79,94,,96,92,111,101,,101,111,93
08/08/2021,,80,64,14,,68,70,87,70,,73,84.5,69.5
09/08/2021,,106,78,,,92,89,97,103,,99,103,82.5
10/08/2021,,100,64,,,85,75,88,96,,97,96,82
11/08/2021,,103,77,,,87,91,107,100,,102.5,118,87
12/08/2021,,120,85,,,91,102,116,119,,123,113.5,92
13/08/2021,,117,81,,,97,93,117,118,,122,112,79
14/08/2021,,66,50,,,54,55,66,64,,64.5,73,51
15/08/2021,,74,50,,,65,58,67,72,,74,73.5,55
16/08/2021,,95,64,,,87,78,97,96,,88,102,69
17/08/2021,,105,11,,,100,87,107,80,,76.5,98.5,80
18/08/2021,,123,,,,111,107,116,106,,103.5,109.5,
19/08/2021,,85,,,,76,67,76,81,,85.5,86,
20/08/2021,,43,,49,,57,44,51,50,,62,58.5,
21/08/2021,,35,,35,,28,33,38,31,,33,34.5,32
22/08/2021,,69,,58,,67,63,64,62,,62.5,63,62
23/08/2021,,62,,47,,57,52,59,65,,66.5,62.5,62
24/08/2021,,53,,38,,45,35,45,50,,57.5,53,48
25/08/2021,,42,36,39,,36,31,38,40,,43,42,42
26/08/2021,,81,57,52,,69,61,72,90,,98,77.5,79
27/08/2021,,58,55,52,,45,46,61,59,,54,71.5,42
28/08/2021,,24,28,29,,23,27,27,22,,22.5,31,23
29/08/2021,,66,45,60,,59,58,47,61,,52,39.5,29
30/08/2021,,67,63,70,,60,63,61,44,,55.5,45.5,34
31/08/2021,,72,56,64,,59,66,57,59,,59.5,42,35
01/09/2021,,48,35,49,,44,39,45,36,68,46.5,42.5,44
02/09/2021,,45,40,42,,38,34,41,43,42,45,36.5,33
03/09/2021,,56,59,53,,64,54,60,47,49,57.5,46.5,69.5
04/09/2021,,107,87,79,,87,86,104,97,82,95,112.5,83.5
05/09/2021,,79,87,89,,77,82,77,72,,74.5,78,73.5
06/09/2021,,77,67,86,,79,69,83,66,,73.5,58,83
07/09/2021,,47,39,88,,83,93,85,59,,64,64.5,74
08/09/2021,,75,88,78,,66,65,89,85,75,107.5,99,89
09/09/2021,,74,57,54,,67,58,65,77,68,81.5,76,61
10/09/2021,,74,55,65,,69,53,60,65,68,75.5,65,68
11/09/2021,,80,60,60,,70,61,68,73,80,82.5,75,68
12/09/2021,,51,43,43,,47,39,44,47,57,52.5,51,46.5
13/09/2021,,29,23,31,,24,21,26,22,22,25,28,21.5
14/09/2021,,35,36,32,,27,30,37,38,29,32,30,27.5
15/09/2021,,93,99,4,,86,91,105,75,46,66.5,109,65.5
16/09/2021,,105,84,,,86,92,108,83,61,79.5,101,61.5
17/09/2021,,121,72,79,,107,78,100,128,65,121.5,123,115.5
18/09/2021,,60,49,56,,57,44,54,55,75,64.5,63.5,58.5
19/09/2021,,48,45,61,,49,50,39,36,42,44.5,33.5,44.5
20/09/2021,,102,73,69,,88,84,98,98,78,96,108.5,87.5
21/09/2021,,95,81,78,,77,77,95,93,101,98,112.5,75.5
22/09/2021,,48,37,38,,40,35,43,44,45,47,49,36.5
23/09/2021,,62,50,49,,53,44,55,61,58,64.5,63.5,52
24/09/2021,,92,58,70,,86,67,63,72,69,87.5,81,69
25/09/2021,,95,76,76,,83,79,87,99,111,98.5,104.5,84.5
26/09/2021,,118,84,97,,111,109,99,43,110,116.5,95,104.5
27/09/2021,,78,76,75,,77,82,82,61,46,69,56.5,58.5
28/09/2021,,105,99,101,,88,87,92,67,65,79,83,73
29/09/2021,,137,126,106,,124,108,136,125,120,125.5,133.5,108
30/09/2021,,73,84,93,,68,71,65,57,78,68,61,98
01/10/2021,,66,67,65,,56,59,60,52,43,55.5,62,42
02/10/2021,,128,111,103,,117,100,129,129,98,136,147,113
03/10/2021,,97,71,74,,86,79,83,87,88,92,96.5,67
04/10/2021,,58,41,47,,52,41,48,22,60,58.5,63,48
05/10/2021,,50,34,38,,42,35,43,51,48,50.5,53,40
06/10/2021,,43,26,37,,36,19,38,42,40,41.5,48,39.5
07/10/2021,,113,74,76,,105,84,95,113,105,126,106.5,99.5
08/10/2021,,65,44,53,,57,48,43,63,64,48.5,66,58
09/10/2021,,109,73,76,,93,85,90,106,105,132,102.5,108.5
10/10/2021,,76,76,74,,65,69,72,76,43,55,89,50
11/10/2021,,114,87,107,,101,94,103,110,118,134,123.5,108.5
12/10/2021,,96,90,88,,73,83,106,97,52,81,129,62
13/10/2021,,88,91,91,,78,86,93,71,47,67,100.5,65
14/10/2021,,96,79,81,,90,77,105,99,84,95,127.5,78
15/10/2021,,80,53,59,,63,50,61,67,66,68,71.5,63
16/10/2021,,43,33,38,,37,32,38,40,38,43,45.5,38.5
17/10/2021,,39,31,36,,35,31,34,32,36,39,38,36
18/10/2021,,72,52,63,,67,57,63,65,81,78,71.5,73
19/10/2021,,96,66,98,,100,96,71,84,81,92,82.5,75
20/10/2021,,89,84,85,,,71,93,88,100,92,104.5,79.5
21/10/2021,,49,31,36,,,33,41,44,61,54,53.5,41.5
22/10/2021,,34,20,34,,,5,28,31,51,41,40,35.5
23/10/2021,,88,87,84,,,68,87,90,77,93,97,77
24/10/2021,,68,55,66,,,58,58,63,61,77,66.5,62.5
25/10/2021,,30,27,39,,,35,24,27,33,33,27,32
26/10/2021,,43,54,49,,,44,56,67,50,47,43.5,43.5
27/10/2021,,57,42,60,,,50,50,60,50,75,61.5,56.5
28/10/2021,,105,88,89,,,92,99,102,102,22,99,88
29/10/2021,,101,76,71,,,77,91,99,107,93.5,92,76.5
30/10/2021,,83,58,76,,,65,67,79,85,85,79,79
31/10/2021,,91,82,86,,,82,91,97,105,95,84,98
01/11/2021,,102,77,70,,,77,85,84,89,84,80,74
02/11/2021,,76,53,54,,,63,62,72,73,66,68,59.5
03/11/2021,,63,46,79,,,49,53,63,95,78,72,86.5
04/11/2021,,65,46,66,,,53,53,59,67,68,68,64
05/11/2021,,72,51,64,,,55,61,70,68,73.5,73,64
06/11/2021,,69,53,62,,67,57,58,68,71,70.5,66,63.5
07/11/2021,,95,72,75,,87,85,94,91,89,87.5,97,79
08/11/2021,,100,71,75,,98,84,93,90,101,95,104,82
09/11/2021,,93,69,73,,83,73,89,93,94,102,87,77.5
10/11/2021,,119,88,128,,110,118,,115,120,117,136.5,102
11/11/2021,,80,55,70,,70,64,,75,78,82,76.5,72.5
12/11/2021,,80,53,60,,56,57,65,68,66,74.5,68.5,59
13/11/2021,,61,42,51,,56,45,55,61,51,64.5,62,52.5
14/11/2021,,83,54,63,,75,63,76,76,86,87,83.5,68.5
15/11/2021,,64,52,58,,58,51,64,64,65,65,69.5,58
16/11/2021,,77,62,79,,72,60,71,,73,81,79,67.5
17/11/2021,,118,84,105,,112,98,107,,85,109,117,94
18/11/2021,,96,63,81,,93,75,83,91,87,96.5,98.5,78
19/11/2021,,32,19,29,,29,21,27,28,33,33,37,28.5
20/11/2021,,78,57,72,,74,74,73,69,84,79.5,68,68
21/11/2021,,87,60,,,78,73,86,82,72,85,101,68
22/11/2021,,55,33,,,52,40,46,49,61,58.5,55,46.5
23/11/2021,,58,38,,,49,48,53,54,55,55.5,60.5,44
24/11/2021,,35,51,,,60,52,50,47,46,54.5,47,51.5
25/11/2021,,88,59,,,81,81,85,89,96,93,97.5,81.5
26/11/2021,,90,42,59,,78,62,68,84,88,,86,69
27/11/2021,,107,72,93,,109,102,96,96,93,114.5,104,59
28/11/2021,,111,68,84,,102,89,98,98,99,113.5,98,79
29/11/2021,,81,60,68,,70,73,73,80,86,84,78,65
30/11/2021,,88,60,65,,75,69,82,81,74,56.5,83.5,62
01/12/2021,,55,34,2,,50,42,46,52,64,59,63,49.5
02/12/2021,,56,37,,,49,44,49,54,49,57,57.5,46
03/12/2021,,29,38,,,64,54,46,50,71,66.5,51.5,61
04/12/2021,,,47,,,60,58,59,,68,75,63.5,56
05/12/2021,,106,74,,,88,85,106,,61,91.5,106.5,65.5
06/12/2021,,93,70,,,84,75,89,,96,108,104.5,93
07/12/2021,,79,52,75,,66,71,81,,63,75.5,91.5,58
08/12/2021,,115,77,98,,107,106,112,,107,113,110,89
09/12/2021,,127,80,112,,121,107,50,,120,127.5,140,98.5
10/12/2021,,127,78,110,,121,115,114,,91,130.5,108,111
11/12/2021,,110,71,86,,103,92,105,,109,111,124.5,86.5
12/12/2021,,84,50,67,,74,70,75,,78,87,94,68.5
13/12/2021,,83,44,65,,75,62,72,,86,83,85.5,65
14/12/2021,,79,49,68,,71,68,71,,92,91,80.5,72.5
15/12/2021,,95,59,92,,99,86,81,,92,99.5,92,80.5
16/12/2021,,112,62,79,,99,89,91,,92,101.5,97,77
17/12/2021,,73,53,62,,82,69,72,,64,65.5,63,57.5
18/12/2021,,84,56,92,,81,83,73,,80,79,86,78
19/12/2021,,93,47,75,,85,80,77,,85,91,90,75
20/12/2021,,50,26,43,,49,35,38,47,64,60,47.5,45.5
21/12/2021,,96,57,88,,55,7,89,84,80,97,100.5,76.5
22/12/2021,,74,49,90,,77,67,58,65,90,75,83,79
23/12/2021,,61,39,59,,67,60,47,48,59,62,58.5,55
24/12/2021,,74,42,57,,68,60,63,66,59,79,60,53
25/12/2021,,72,41,69,,69,65,58,64,82,71,65.5,64
26/12/2021,,72,49,67,,70,64,62,58,72,63,62,65
27/12/2021,,82,58,89,,77,82,82,85,84,92,91.5,72.5
28/12/2021,,104,66,86,,89,88,99,92,65,103,97.5,62.5
29/12/2021,,75,52,56,,64,61,71,64,55,75,71,50.5
30/12/2021,,106,65,95,,106,110,102,94,72,104,124,86
31/12/2021,,145,71,119,,123,122,131,112,66,122,132.5,81.5
01/01/2022,,124,62,107,,120,,,,,133,124,
02/01/2022,,67,39,52,,57,,,,,70,70,
03/01/2022,,85,,77,,,,,,,89,80,
04/01/2022,,86,,117,,,,,,,94,74,
05/01/2022,,102,,102,,,,,,,98,96,
06/01/2022,,95,,89,,,,,,,90,86,
07/01/2022,,57,,62,,,,,,,60,66,
08/01/2022,,79,,69,,,,,,,78,72,
09/01/2022,,76,,67,,,,,,,80,87,
10/01/2022,,59,,43,,,,,,,63,60,
11/01/2022,,40,,16,,,,,,,45,43,
12/01/2022,,61,,,,,,,,,63,69,
13/01/2022,,62,,,,,,,,,67,62,
14/01/2022,,73,,,,,,,,,79,73,
15/01/2022,,53,,,,,,,,,57,58,
16/01/2022,,96,,,,,,,,,93,89,
17/01/2022,,64,,,,,,,,,68,68,
18/01/2022,,71,,,,,,,,,78,80,
19/01/2022,,95,,87,,,,,,,92,101,
20/01/2022,,82,,80,,,,,,,26,80,
21/01/2022,,45,,44,,,,,,,45,47,
22/01/2022,,64,,56,,,,,,,65,60,
23/01/2022,,102,,82,,,,,,,103,110,
24/01/2022,,53,,47,,,,,,,59,41,
25/01/2022,,56,,40,,,,,,,58,49,
26/01/2022,,74,,65,,,,,,,69,94,
27/01/2022,,100,,88,,,,,,,82,66,
28/01/2022,,96,,64,,,,,,,100,79,
29/01/2022,,107,,90,,,,,,,93,95,
30/01/2022,,93,,85,,,,,,,83,66,
31/01/2022,,43,,56,,,,,,,43,40,
01/02/2022,,44,,53,,,,,,,43,40,
02/02/2022,,78,,72,,,,,,,74,54,
03/02/2022,,65,,61,,,,,,,63,52,
04/02/2022,,56,,50,,,,,,,49,47,
05/02/2022,,75,,69,,,,,,,69,71,
06/02/2022,,92,,78,,,,,,,90,82,
07/02/2022,,73,,60,,,,,,,68,69,
08/02/2022,,60,,61,,29,,,,,54,44,
09/02/2022,,67,,71,,51,,,,,66,67,
10/02/2022,,54,,49,,50,,,,,46,52,
11/02/2022,,50,37,44,,51,,,,,55,45,
12/02/2022,,47,34,43,,44,,,,,49,51,
13/02/2022,,74,53,65,,68,,,,,65,81,
14/02/2022,,90,55,73,,82,,,,,85,83,
15/02/2022,,90,62,88,,80,,,,,85,98,
16/02/2022,,77,61,82,,76,,,,,76,77,
17/02/2022,,117,70,103,,112,,,,,106,90,
18/02/2022,,126,70,109,,121,,,,,123,141,
19/02/2022,,112,67,88,,104,,,,,113,124,
20/02/2022,,106,64,84,,89,,,,,104,116,
21/02/2022,,91,61,86,,83,,,,,91,107,
22/02/2022,,115,67,93,,110,,,,,43,108,
23/02/2022,,80,47,61,,67,,,,,85,84,
24/02/2022,,86,65,79,,76,,,,,83,111,
25/02/2022,,119,60,90,,108,,,,,121,118,
26/02/2022,,100,50,82,,101,,,,,100,93,
27/02/2022,,83,51,62,,74,,,,,83,86,
28/02/2022,,71,43,60,,70,,,,,75,79,
01/03/2022,,75,54,63,,71,,,,,85,92,
02/03/2022,,106,58,84,,102,,,,,117,119,
03/03/2022,,131,68,105,,119,,,,,133,113,
04/03/2022,,77,46,76,,77,,,,,93,96,
05/03/2022,,62,38,53,,54,,,,,71,69,
06/03/2022,,103,52,92,,99,,,,,94,104,
07/03/2022,,97,43,73,,90,,,,,113,114,
08/03/2022,,49,33,48,,45,,,,,48,55,
09/03/2022,,53,32,51,,50,,,,,58,50,
10/03/2022,,65,35,56,,56,,,,,69,52,
11/03/2022,,82,39,58,,79,,,,,76,83,
12/03/2022,,114,59,108,,105,,,,,116,136,
13/03/2022,,120,61,102,,106,,,,,112,138,
14/03/2022,,118,58,98,,108,,,,,116,129,
15/03/2022,,108,48,81,,96,,,,,113,111,
16/03/2022,,90,51,97,,72,,,,,103,92,
17/03/2022,,76,46,67,,79,,,,,77,60,
18/03/2022,,83,64,88,,82,,,,,81,93,
19/03/2022,,74,50,66,,65,,,,,73,90,
20/03/2022,,95,59,89,,95,,,,,,98,
21/03/2022,,83,45,75,,78,,,,,,70,
22/03/2022,,82,40,62,,75,,,,,,73,
23/03/2022,,77,44,21,,70,,,,,79,56,
24/03/2022,,122,63,,,116,,,,,117,46,
25/03/2022,,131,56,94,,119,,,,,130,,
26/03/2022,,108,49,79,,96,,,,,113,90,
27/03/2022,,112,50,86,,107,,,,,,101,
28/03/2022,,111,53,89,,101,,,,,,95,
29/03/2022,,157,86,138,,145,,,,,146,143,
30/03/2022,,87,38,85,,78,,,,,80,74,
31/03/2022,,94,41,75,,91,,,,,92,88,
01/04/2022,,91,13,80,,82,,,,,89,69,
02/04/2022,,141,,96,,119,,,,,151,45,
03/04/2022,,115,,81,,105,,,,,123,108,
04/04/2022,,113,,96,,88,,,,,109,77,
05/04/2022,,84,91,67,,70,,,,,91,77,
06/04/2022,,152,141,118,,139,,,,,147,153,
07/04/2022,,141,127,97,,115,,,,,147,147,
08/04/2022,,121,89,99,,114,,,,,125,96,
09/04/2022,,118,129,115,,112,,,,,119,93,
10/04/2022,,97,91,91,,95,,,,,87,79,
11/04/2022,,101,106,100,,88,,,,,106,75,
12/04/2022,,92,94,90,,81,,,,,84,64,
13/04/2022,,117,118,102,,105,,,,,116,122,
14/04/2022,,150,135,113,,132,,,,,153,142,
15/04/2022,,112,83,83,,96,,,,,112,94,
16/04/2022,,96,87,80,,90,,,,,100,89,
17/04/2022,,107,83,99,,101,,,,,100,94,
18/04/2022,,103,96,81,,93,,,,,112,123,
19/04/2022,,100,77,70,,100,,,,,107,104,
20/04/2022,,113,111,110,,112,,,,,114,81,
21/04/2022,,117,110,95,,101,,,,,122,92,
22/04/2022,,83,73,68,,85,,,,,90,85,
23/04/2022,,93,75,82,,85,,,,,96,95,
24/04/2022,,121,100,100,,100,,,,,118,91,
25/04/2022,,50,79,77,,93,,,,,112,83,
26/04/2022,,,47,45,,48,,,,,63,62,
27/04/2022,,80,67,,,75,,,,,97,86,
28/04/2022,,97,82,94,,110,,,,,108,83,
29/04/2022,,138,119,106,,131,,,,,145,44,
30/04/2022,,103,114,118,,107,,,,,106,,
01/05/2022,,112,111,102,,102,,,,,103,,
02/05/2022,,169,29,125,,156,,,,,169,,
03/05/2022,,147,127,112,,131,,,,,152,,
04/05/2022,,149,128,114,,139,,,,,143,112,
05/05/2022,,168,133,113,,155,,,,,154,145,
06/05/2022,,124,95,92,,117,,,,,141,117,
07/05/2022,,123,66,104,,126,,,,,120,98,
08/05/2022,,109,,93,,100,,,,,108,102,
09/05/2022,,118,,91,,98,,,,,125,117,
10/05/2022,,95,72,72,,82,,,,,105,96,
11/05/2022,,62,51,52,,51,,,,,67,63,
12/05/2022,34,88,78,69,,78,,,,,96,90,
13/05/2022,101,111,77,97,,120,,,,,110,87,
14/05/2022,129,128,133,41,,96,,,,,129,106,
15/05/2022,80,99,77,79,,90,,,,,95,,
16/05/2022,90,92,72,69,,90,,,,,93,,
17/05/2022,96,98,83,103,,98,,,,,103,,
18/05/2022,101,95,80,84,,93,,,,,100,,
19/05/2022,137,141,106,91,,129,,,,,140,100,
20/05/2022,157,155,134,123,,129,,,,,162,170,
21/05/2022,140,141,130,114,,142,,,,,141,106,
22/05/2022,137,128,138,98,,111,,,,,133,119,
23/05/2022,123,131,104,104,,123,,,,,57,99,
24/05/2022,119,105,76,111,,115,,,,,113,101,
25/05/2022,121,102,82,81,,96,,,,,109,98,
26/05/2022,105,101,85,73,,86,,,,,103,88,
27/05/2022,72,62,43,50,,56,,,,,69,62,
28/05/2022,85,73,55,51,,64,,,,,87,75,
29/05/2022,99,94,86,78,,99,,,,,100,87,
30/05/2022,122,115,82,85,,112,,,,,115,91,
31/05/2022,103,96,91,78,,98,,,,,95,86,
01/06/2022,84,72,,52,,64,,,,,80,70,
02/06/2022,84,67,,46,,55,,,,,78,67,
03/06/2022,100,92,,65,,81,,,,,101,85,
04/06/2022,87,84,,83,,90,,,,,95,80,
05/06/2022,85,80,,73,,85,,,,,87,69,
06/06/2022,88,84,,73,,76,,,,,88,77,
07/06/2022,152,140,,100,,131,,,,,149,128,
08/06/2022,115,103,105,84,,96,,,,,104,102,
09/06/2022,52,46,51,53,,33,,,,,53,52,
10/06/2022,90,96,98,90,,87,,,,,114,119,
11/06/2022,119,109,90,71,,84,,,,,119,109,
12/06/2022,93,85,88,75,,77,,,,,85,91,
13/06/2022,88,102,27,78,,92,,,,,96,38,
14/06/2022,81,59,45,46,,55,,,,,73,55,
15/06/2022,63,75,42,46,,70,,,,,73,55,
16/06/2022,44,62,55,66,,51,,,,,61,51,
17/06/2022,84,77,63,58,,71,,,,,82,77,
18/06/2022,103,99,78,71,,82,,,,,104,87,
19/06/2022,67,57,42,40,,49,,,,,62,52,
20/06/2022,94,79,60,54,,71,,,,,86,73,
21/06/2022,38,32,28,33,,25,,,,,35,38,
22/06/2022,59,48,39,40,,37,,,,,57,47,
23/06/2022,53,55,60,72,,49,,,,,53,52,
24/06/2022,61,56,67,85,,54,,,,,56,55,
25/06/2022,94,107,115,93,,88,,,,,114,97,
26/06/2022,109,99,95,74,,84,,,,,104,101,
27/06/2022,63,48,35,37,,39,,,,,56,48,
28/06/2022,100,74,62,53,,61,,,,,85,74,
29/06/2022,113,108,82,76,,94,,,,,111,93,
30/06/2022,147,118,115,92,,113,,,,,138,106,
01/07/2022,121,117,111,99,,98,,,,,111,128,
02/07/2022,135,120,91,83,,101,,,,,128,107,
03/07/2022,122,103,99,87,,93,,,,,116,107,
04/07/2022,60,44,45,40,,36,,,,,51,66,
05/07/2022,94,72,84,77,,67,,,,,90,77,
06/07/2022,117,110,88,83,,94,,,,,116,99,
07/07/2022,84,75,72,69,,66,,,,,86,73,
08/07/2022,96,89,65,65,,76,,,,,96,84,
09/07/2022,80,74,61,55,,68,,,,,77,68,
10/07/2022,105,97,85,77,,82,,,,,105,97,
11/07/2022,107,107,109,99,,97,,,,,116,104,
12/07/2022,132,105,80,80,,87,,,,,126,97,
13/07/2022,87,88,95,82,,85,,,,,101,104,
14/07/2022,110,92,84,77,,89,,,,,106,93,
15/07/2022,49,61,52,56,,54,,,,,56,54,
16/07/2022,52,56,66,71,,48,,,,,54,54,
17/07/2022,100,83,97,79,,70,,,,,89,98,
18/07/2022,64,55,55,74,,64,,,,,66,57,
19/07/2022,45,112,101,86,,89,,,,,119,46,
20/07/2022,113,94,78,73,,81,,,,,106,78,
21/07/2022,120,109,97,87,,95,,,,,117,109,
22/07/2022,115,103,96,83,,90,,,,,108,110,
23/07/2022,65,79,85,83,,73,,,,,75,71,
24/07/2022,89,79,66,60,,67,,,,,84,73,
25/07/2022,29,67,57,53,,51,,,,,72,65,
26/07/2022,62,,99,81,,84,,,,,61,82,
27/07/2022,75,,68,67,,74,,,,,82,76,
28/07/2022,89,,82,80,,74,,,,,86,16,
29/07/2022,60,,40,42,,44,,,,,60,41,
30/07/2022,112,,78,73,,94,,,,,104,74,
31/07/2022,104,,80,69,,85,,,,,98,92,
01/08/2022,57,,80,71,,71,,,,,72,67,
02/08/2022,33,,91,93,,99,,,,,104,91,
03/08/2022,,,128,129,,129,,,,,120,125,
04/08/2022,,,83,73,,88,,,,,107,88,
05/08/2022,,,77,76,,86,,,,,95,100,
06/08/2022,,,90,80,,95,,,,,109,98,
07/08/2022,,,67,64,,84,,,,,85,69,
08/08/2022,,,50,49,,55,,,,,71,56,
09/08/2022,,,87,82,,77,,,,,94,76,
10/08/2022,,,81,68,,85,,,,,102,93,
11/08/2022,,,61,53,,75,,,,,92,80,
12/08/2022,,,71,59,,71,,,,,91,85,
13/08/2022,,,,76,,84,,,,,105,107,
14/08/2022,,,,83,,84,,,,,92,87,
15/08/2022,,,,67,,56,,,,,50,41,
16/08/2022,,,,68,,56,,,,,65,56,
17/08/2022,,,,87,,75,,,,,89,85,
18/08/2022,,,77,71,,84,,,,,93,85,
19/08/2022,,,85,82,,83,,,,,90,86,
20/08/2022,,,48,51,,46,,,,,45,38,
21/08/2022,,,67,71,,79,,,,,80,62,
22/08/2022,,,88,87,,98,,,,,104,87,
23/08/2022,,,54,49,,47,,,,,43,42,
24/08/2022,,,88,78,,89,,,,,105,53,
25/08/2022,,,67,60,,,,,,,101,,
26/08/2022,,,79,76,,69,,,,,82,71,
27/08/2022,,,102,103,,101,,,,,108,90,
28/08/2022,,,90,81,,93,,,,,109,85,
29/08/2022,,,92,80,,96,,,,,89,89,
30/08/2022,,,73,72,,71,,,,,65,75,
31/08/2022,100,,83,77,,69,,,,,94,85,
01/09/2022,83,66,53,46,,56,,,,,76,58,
02/09/2022,57,45,38,39,,41,,,,,53,45,
03/09/2022,41,36,33,34,,36,,,,,40,34,
04/09/2022,59,53,51,48,,52,,,,,65,51,
05/09/2022,30,27,30,20,,18,,,,,28,29,
06/09/2022,69,54,46,52,,58,,,,,57,54,
07/09/2022,60,56,55,54,,62,,,,,60,39,
08/09/2022,45,38,32,34,,32,,,,,43,36,
09/09/2022,110,100,83,80,,106,,,,,110,78,
10/09/2022,110,97,91,86,,89,,,,,113,105,
11/09/2022,100,86,75,65,,83,,,,,99,78,
12/09/2022,75,60,,58,,63,,,,,67,56,
13/09/2022,108,89,,66,,84,,,,,106,74,
14/09/2022,81,68,,54,,67,,,,,79,61,
15/09/2022,49,42,,37,,42,,,,,48,38,
16/09/2022,47,41,,34,,41,,,,,49,34,
17/09/2022,75,72,,55,,16,,,,,76,58,
18/09/2022,61,65,,69,,69,,,,,66,53,
19/09/2022,67,62,,46,,47,,,,,70,48,
20/09/2022,82,60,,43,,61,,,,,74,55,
21/09/2022,100,81,,68,,27,,,,,91,79,
22/09/2022,73,61,,54,,62,,,,,67,60,
23/09/2022,85,34,,50,,66,,,,,82,61,
24/09/2022,96,84,,72,,92,,,,,101,70,
25/09/2022,91,84,,72,,95,,,,,94,63,
26/09/2022,39,45,,41,,43,,,,,49,40,
27/09/2022,42,36,,37,,40,,,,,40,37,
28/09/2022,53,45,,44,,47,,,,,49,40,
29/09/2022,95,79,68,62,,84,,,,,93,69,
30/09/2022,84,83,78,82,,93,,,,,90,73,
01/10/2022,141,120,112,89,,104,,,,,126,88,
02/10/2022,122,100,113,107,,102,,,,,117,86,
03/10/2022,137,127,127,103,,123,,,,,130,88,
04/10/2022,103,93,111,84,,108,,,,,109,86,
05/10/2022,125,107,90,87,,113,,,,,17,77,
06/10/2022,95,64,55,51,,67,,,,,80,57,
07/10/2022,113,92,80,66,,10,,,,,108,68,
08/10/2022,41,36,33,35,,30,,,,,39,33,
09/10/2022,38,33,35,35,,33,,,,,37,31,
10/10/2022,49,39,40,43,,40,,,,,42,35,
11/10/2022,49,43,41,44,,42,,,,,48,37,
12/10/2022,61,56,43,47,,69,,,,,60,49,
13/10/2022,110,79,68,67,,83,,,,,96,65,
14/10/2022,135,105,94,80,,103,,,,,122,83,
15/10/2022,126,129,119,96,,123,,,,,138,88,
16/10/2022,107,96,106,96,,97,,,,,105,77,
17/10/2022,113,84,69,74,,91,,,,,111,70,
18/10/2022,51,41,35,38,,39,,,,,49,31,
19/10/2022,31,25,24,31,,25,,,,,25,23,
20/10/2022,95,78,52,70,,77,,,,,88,70,
21/10/2022,57,54,62,73,,55,,,,,57,47,
22/10/2022,102,113,112,101,,107,,,,,131,90,
23/10/2022,114,125,122,129,,157,,,,,133,81,
24/10/2022,120,104,90,99,,121,,,,,112,72,
25/10/2022,107,84,76,71,,90,,,,,99,83,
26/10/2022,130,115,88,67,,110,,,,,124,79,
27/10/2022,66,114,108,113,,126,,,,,118,74,
28/10/2022,120,121,138,129,,124,,,,,123,102,
29/10/2022,115,109,110,87,,22,,,,,120,78,
30/10/2022,113,95,80,73,,,,,,,108,67,
31/10/2022,77,80,98,86,,,,,,,85,72,
01/11/2022,105,89,82,77,,,,,,,101,76,
02/11/2022,98,89,75,62,,,,,,,98,72,
03/11/2022,93,71,82,80,,,,,,,89,56,
04/11/2022,81,72,66,70,,,,,,,80,48,
05/11/2022,116,94,84,106,,,,,,,107,61,
06/11/2022,120,107,95,93,,,,,,,120,69,
07/11/2022,72,64,54,57,,,,,,,70,52,
08/11/2022,68,56,49,45,,,,,,,66,47,
09/11/2022,88,81,60,67,,,,,,,90,52,
10/11/2022,79,69,58,61,,,,,,,76,53,
11/11/2022,116,122,115,120,,,,,,,140,104,
12/11/2022,163,127,146,106,,,,,,,157,112,
13/11/2022,118,115,124,106,,,,,,,124,94,
14/11/2022,93,85,96,86,,,,,,,89,55,
15/11/2022,111,88,94,96,,,,,,,86,84,
16/11/2022,108,85,91,74,,,,,,,106,74,
17/11/2022,52,98,,81,,,,,,,44,66,
18/11/2022,79,75,,64,,,,,,,88,49,
19/11/2022,73,75,87,89,,,,,,,78,49,
20/11/2022,40,43,43,47,,,,,,,39,28,
21/11/2022,54,49,53,60,,,,,,,59,31,
22/11/2022,62,58,34,61,,,,,,,71,47,
23/11/2022,89,81,81,65,,,,,,,88,54,
24/11/2022,85,60,80,85,,,,,,,89,45,
25/11/2022,77,70,82,67,,,,,,,83,46,
26/11/2022,75,62,65,63,,,,,,,70,34,
27/11/2022,89,82,92,81,,,,,,,91,59,
28/11/2022,62,72,72,71,,,,,,,72,42,
29/11/2022,74,65,72,63,,,,,,,77,56,
30/11/2022,54,45,38,41,,,,,,,49,35,
01/12/2022,77,65,53,55,,,,,,,80,48,
02/12/2022,90,74,68,92,,,,,,,89,62,
03/12/2022,71,53,42,46,,,,,,,73,43,
04/12/2022,71,63,59,61,,,,,,,71,50,
05/12/2022,111,85,80,88,,,,,,,105,63,
06/12/2022,99,100,88,75,,,,,,,111,64,
07/12/2022,73,56,48,47,,,,,,,70,55,
08/12/2022,95,80,69,80,,,,,,,84,57,
09/12/2022,87,68,69,68,,,,,,,83,58,
10/12/2022,80,68,68,67,,,,,,,80,48,
11/12/2022,81,67,60,72,,,,,,,79,50,
12/12/2022,93,84,79,79,,,,,,,102,57,
13/12/2022,108,69,83,83,,,,,,,101,,
14/12/2022,85,76,74,81,,,,,,,81,,
15/12/2022,80,73,75,61,,,,,,,81,85,
16/12/2022,124,83,88,84,,,,,,,108,118,
17/12/2022,89,81,83,80,,,,,,,89,98,
18/12/2022,106,87,82,85,,,,,,,105,100,
19/12/2022,97,77,70,82,,,,,,,90,85,
20/12/2022,106,81,,71,,,,,,,97,96,
21/12/2022,48,40,,49,,42,,,,,47,44,
22/12/2022,101,89,,85,,86,,,,,102,106,
23/12/2022,88,78,83,83,,86,,,,,93,91,
24/12/2022,73,63,55,60,,67,,,,,72,64,
25/12/2022,54,39,46,50,,47,,,,,49,50,
26/12/2022,58,52,44,61,,56,,,,,63,56,
27/12/2022,68,57,57,55,,60,,,,,66,66,
28/12/2022,65,58,55,60,,63,,,,,66,49,
29/12/2022,42,38,38,38,,36,,,,,45,36,
30/12/2022,51,45,42,41,,48,,,,,52,44,
31/12/2022,47,36,37,34,,36,,,,,43,44,
01/01/2023,68,63,59,56,71,60,63,74,13,40,59,62,56
02/01/2023,38,32,34,33,38,35,35,33,,33,39,31,36.5
03/01/2023,68,41,46,46,44,55,39,44,,43,44.5,42,56.5
04/01/2023,103,82,80,,93,83,78,95,,81,93.5,93,87.5
05/01/2023,93,63,58,,66,66,55,72,,78,81,82,68.5
06/01/2023,80,65,72,71,72,73,64,75,,73,81,78,48
07/01/2023,89,76,73,86,81,90,75,80,,79,91,80,99
08/01/2023,101,83,86,92,96,90,84,93,,85,98,87,90
09/01/2023,98,83,77,89,93,98,84,89,,84,71,92,96
10/01/2023,73,66,66,74,74,74,60,77,64,69,80.5,78,79.5
11/01/2023,78,75,71,79,87,84,77,83,72,65,86,76,82
12/01/2023,86,70,65,77,78,77,69,75,72,75,85.5,81,63
13/01/2023,78,65,56,66,73,69,60,68,64,64,78.5,70,68
14/01/2023,71,68,67,71,75,74,67,72,66,66,75,63,70
15/01/2023,120,100,103,124,119,115,102,118,102,101,121,99,109
16/01/2023,122,88,,109,109,107,84,114,98,93,119,96,118
17/01/2023,95,82,,104,102,92,91,101,85,74,95,87,82
18/01/2023,100,93,,108,95,99,64,103,91,69,109,67,76
19/01/2023,108,102,,115,130,122,103,112,90,69,108,120,93
20/01/2023,121,84,,107,81,95,74,83,93,76,121,107,113
21/01/2023,99,81,93,94,20,80,85,105,82,60,88.5,78,67
22/01/2023,105,83,93,111,,100,55,111,80,63,94.5,101,77
23/01/2023,69,49,53,54,57,49,49,60,53,50,55.5,52,49
24/01/2023,83,59,53,72,63,78,72,54,61,52,79.5,51,58
25/01/2023,125,94,101,107,112,104,100,114,102,67,115.5,121,88
26/01/2023,56,53,58,62,67,55,51,56,57,45,58.5,82,49
27/01/2023,103,81,78,94,98,85,81,,12,65,99,100,74
28/01/2023,88,77,70,77,84,78,67,81,79,56,84.5,85,57
29/01/2023,116,88,88,102,104,97,90,99,92,80,104.5,104,105
30/01/2023,111,88,85,86,98,96,77,99,92,96,98.5,101,95
31/01/2023,85,73,78,81,89,71,41,93,78,57,81,102,61
01/02/2023,118,95,105,104,116,93,88,117,94,68,103.5,130,71
02/02/2023,110,89,68,81,78,93,66,79,87,76,116,106,105
03/02/2023,81,62,48,66,67,63,,59,,68,78,70,71
04/02/2023,115,76,80,106,86,77,,91,,91,104,112,105
05/02/2023,74,56,56,60,64,60,,65,,58,68,64,60
06/02/2023,84,70,77,94,86,82,,88,,79,81.5,88,80
07/02/2023,100,83,84,110,106,93,,106,,80,96,112,90
08/02/2023,104,85,94,110,112,101,,110,100,41,102.5,100,108
09/02/2023,83,73,79,93,,73,85,92,88,59,79,89,67
10/02/2023,118,82,83,92,,69,92,112,116,80,101.5,116,91
11/02/2023,100,85,87,93,106,79,87,97,104,76,101.5,95,96
12/02/2023,115,94,106,121,126,108,122,120,120,68,113.5,117,104
13/02/2023,87,70,78,91,90,72,88,86,97,62,85.5,100,68
14/02/2023,75,53,52,73,68,47,64,53,69,49,34,49,59
15/02/2023,94,69,62,100,85,75,81,66,88,56,81,51,68
16/02/2023,110,86,86,104,106,90,96,105,108,54,96.5,105,83.5
17/02/2023,129,106,117,102,134,107,122,141,147,75,125.5,146,89
18/02/2023,123,91,84,99,108,87,85,119,126,47,97,118,72
19/02/2023,48,39,42,51,48,40,45,47,46,34,46,46,46
20/02/2023,95,85,22,86,99,89,94,89,97,79,102,88,107.5
21/02/2023,96,78,,87,97,77,89,110,95,51,87.5,90,72
22/02/2023,87,66,,74,74,65,74,58,89,52,81,51,67
23/02/2023,171,118,,109,139,105,117,155,169,74,143,165,125.5
24/02/2023,131,101,103,115,119,100,109,112,127,102,128,119,128.5
25/02/2023,58,49,63,68,63,54,60,55,62,44,61.5,59,58.5
26/02/2023,97,61,72,70,70,65,59,74,91,63,90.5,69,88.5
27/02/2023,105,77,84,90,87,80,85,89,101,74,96,95,85
28/02/2023,93,79,114,112,96,80,95,105,107,65,91.5,102,92
01/03/2023,97,76,103,107,101,54,96,96,102,58,87,95,98
02/03/2023,96,58,80,85,68,,72,75,79,59,71,66,74
03/03/2023,88,74,90,82,89,,70,96,99,60,85,75,68
04/03/2023,89,87,116,112,117,,111,117,97,54,97.5,105,86
05/03/2023,124,93,105,100,107,,107,106,116,58,112,118,106
06/03/2023,99,69,84,78,91,,69,93,96,73,89.5,89,83
07/03/2023,84,65,81,65,70,,54,65,85,77,80,74,75.5
08/03/2023,79,64,70,80,72,83,73,68,79,71,86,75,88
09/03/2023,95,77,72,105,93,96,80,78,96,75,97,83,94.5
10/03/2023,51,72,74,76,20,78,69,78,96,71,95.5,76,80.5
11/03/2023,94,82,89,95,102,100,90,93,101,75,100,86,88.5
12/03/2023,85,71,96,106,100,101,93,83,88,75,85,87,99.5
13/03/2023,74,50,76,77,72,77,67,69,80,38,74,75,78.5
14/03/2023,64,58,78,83,72,53,52,73,76,43,70,70,64.5
15/03/2023,59,51,56,62,58,40,,62,64,41,61,58,60.5
16/03/2023,48,40,48,50,45,52,,47,47,22,50,,51.5
17/03/2023,79,74,99,64,100,99,,91,89,56,79,85,84
18/03/2023,54,51,62,67,65,58,,54,60,41,56,44,51.5
19/03/2023,64,45,68,59,61,55,,57,61,41,54,50,50.5
20/03/2023,61,54,68,66,68,66,,65,62,48,62.5,60,63.5
21/03/2023,105,99,114,116,125,113,,129,72,54,111.5,129,103
22/03/2023,103,80,104,94,103,102,,99,,61,103.5,100,113.5
23/03/2023,108,93,,109,123,118,,122,,89,111,114,107.5
24/03/2023,123,98,119,131,131,126,,123,,75,119.5,100,106
25/03/2023,138,101,144,131,139,129,,139,,82,131.5,136,118.5
26/03/2023,138,95,142,144,143,130,,146,,67,123.5,157,111.5
27/03/2023,114,125,119,122,139,150,,122,,85,134,99,133
28/03/2023,143,97,85,88,104,112,,100,,30,123.5,104,96
29/03/2023,122,87,92,95,91,102,85,97,109,110,126,96,114.5
30/03/2023,107,85,94,108,97,97,101,96,97,55,100,115,123.5
31/03/2023,151,104,128,115,124,114,113,124,140,91,131,146,121.5
01/04/2023,118,91,109,112,107,107,110,109,113,89,109,78,118
02/04/2023,113,99,121,116,128,119,120,117,114,84,113,110,107.5
03/04/2023,141,111,136,124,134,60,122,139,149,92,133,141,122.5
04/04/2023,99,98,102,120,114,110,116,110,,67,107.5,102,117
05/04/2023,121,94,102,109,115,109,56,117,,67,120.5,132,114
06/04/2023,84,73,94,97,102,91,97,94,67,53,80.5,97,82
07/04/2023,60,48,61,66,,57,62,61,55,44,56.5,61,56.5
08/04/2023,91,77,105,104,,97,97,99,98,57,96.5,93,91
09/04/2023,106,81,84,78,,96,91,92,103,75,103.5,76,65
10/04/2023,93,73,79,75,,81,77,81,88,,81,68,58
11/04/2023,74,62,63,66,,71,55,65,67,63,76,67,69.5
12/04/2023,81,60,56,69,,66,56,67,72,70,80.5,55,80
13/04/2023,74,59,61,71,,73,67,60,68,35,66.5,57,65
14/04/2023,66,56,67,71,,59,68,65,63,56,64.5,65,63
15/04/2023,78,65,,85,,74,69,67,77,63,79.5,69,82
16/04/2023,79,76,,102,,101,102,87,82,64,80.5,81,89
17/04/2023,69,73,,90,,82,88,84,80,59,78.5,70,77
18/04/2023,89,67,,75,,80,63,64,80,46,86,59,92.5
19/04/2023,85,85,,118,,101,108,100,97,,84,79,82.5
20/04/2023,120,111,,99,,120,112,120,129,,123,101,87
21/04/2023,101,70,,92,,79,89,66,86,,97.5,71,106
22/04/2023,81,67,,85,,83,80,65,80,,78,62,79.5
23/04/2023,63,54,,61,,62,62,51,52,,62,60,62
24/04/2023,94,80,,94,,94,92,92,97,,90,66,92
25/04/2023,78,55,,72,,65,61,62,65,,67.5,64,77.5
26/04/2023,74,89,,103,,105,103,111,119,,98,71,82.5
27/04/2023,90,78,,101,,58,96,89,65,,85.5,63,74
28/04/2023,107,90,,117,,107,105,108,,,100.5,115,90
29/04/2023,104,86,,110,,102,100,89,,,96,77,99
30/04/2023,86,74,,105,,88,92,92,,,82,79,82.5
01/05/2023,73,61,,89,,75,78,76,,,70,63,69
02/05/2023,81,74,,94,,96,96,80,,,89,79,88.5
03/05/2023,110,93,,106,,118,50,124,,,92.5,125,110
04/05/2023,138,99,,91,,73,99,117,,,133,118,112
05/05/2023,119,92,,110,,,115,123,,,116,109,106
06/05/2023,108,83,,94,,,95,102,,,100.5,101,101.5
07/05/2023,120,95,,121,,,114,120,,,112,108,99
08/05/2023,78,80,,99,,,74,89,,,95.5,89,83
09/05/2023,77,57,,67,,,64,71,72,,77,72,84
10/05/2023,73,61,,90,,,73,79,67,,72.5,59,63.5
11/05/2023,82,67,,87,,,83,76,81,,81.5,82,85.5
12/05/2023,98,105,,125,,,120,121,116,,107,115,115
13/05/2023,84,71,,84,,,76,76,83,,74.5,59,71
14/05/2023,67,68,,99,,,8,79,75,,73,79,90
15/05/2023,75,57,,56,,,,53,75,,73,61,65
16/05/2023,67,62,,67,,,59,55,68,,72.5,62,71.5
17/05/2023,88,89,,96,,,83,96,99,,106.5,76,118.5
18/05/2023,134,80,,86,,,81,83,112,,121.5,76,106
19/05/2023,126,92,,113,,,114,114,122,,121,118,113
20/05/2023,111,80,,92,,94,92,94,107,,101.5,100,91.5
21/05/2023,105,91,,101,,106,105,99,118,,105.5,106,91
22/05/2023,117,83,,92,,89,102,117,92,,101,112,91.5
23/05/2023,116,89,,145,,112,95,95,96,,98.5,84,120.5
24/05/2023,94,80,,97,,96,78,80,86,,89,73,112.5
25/05/2023,116,84,,88,,109,89,90,112,,117.5,87,101
26/05/2023,102,84,,91,,110,93,78,90,,101.5,86,89
27/05/2023,114,93,,88,,103,94,86,105,,112.5,87,94
28/05/2023,78,77,,103,,97,93,92,81,,79.5,78,82
29/05/2023,77,65,,98,,84,82,71,72,,76.5,56,80
30/05/2023,85,64,,66,,73,58,64,76,,81,68,85.5
31/05/2023,129,94,,104,,107,98,108,120,,120.5,104,104
01/06/2023,119,122,,143,,146,132,121,132,79,133,71,137.5
02/06/2023,129,113,,137,,143,117,99,120,100,130,100,122
03/06/2023,101,80,,,,87,73,88,99,95,98.5,80,102
04/06/2023,63,66,,,,76,75,72,59,62,61.5,56,74.5
05/06/2023,115,96,,,,112,98,62,114,107,124,65,118.5
06/06/2023,107,91,,,,110,107,86,98,105,113.5,88,112.5
07/06/2023,105,94,,,,120,105,101,101,86,90.5,71,87
08/06/2023,76,53,,,,98,82,75,74,88,82,59,103
09/06/2023,91,75,,,,109,107,83,87,102,102.5,,109
10/06/2023,122,101,,,,121,120,99,112,84,118,,111
11/06/2023,122,105,,,,119,121,114,116,100,114,,104.5
12/06/2023,84,75,,,,80,80,89,83,95,93.5,,89
13/06/2023,109,94,,,,92,84,105,116,103,105.5,,103
14/06/2023,117,105,,,,115,99,123,92,117,112,,112
15/06/2023,153,106,,,,120,,127,131,,132,,133
16/06/2023,107,106,,,,110,,129,135,,107.5,130,116
17/06/2023,83,78,,,,89,75,84,95,,96,98,98
18/06/2023,98,75,,,,82,81,91,92,,91,96,85
19/06/2023,99,73,,,,78,68,78,94,,86,87,83
20/06/2023,107,79,,,,98,91,90,102,,90.5,95,100
21/06/2023,88,64,,,,66,64,72,78,,86.5,76,86
22/06/2023,71,52,,,,61,53,57,65,,72.5,64,82
23/06/2023,70,52,,,,60,55,59,65,,67.5,68,72
24/06/2023,67,47,,,,55,48,57,61,,61,67,60
25/06/2023,51,37,,,,44,38,45,48,,47,50,48
26/06/2023,58,37,,,,52,40,47,59,,59.5,49,57
27/06/2023,70,81,,,,92,80,94,101,,97.5,105,96
28/06/2023,82,67,63,,,72,62,75,78,,80.5,78,69
29/06/2023,59,42,48,,,44,39,45,50,,52,50,50
30/06/2023,35,27,33,,,30,29,29,32,,32,34,32
01/07/2023,77,59,72,,,68,64,73,70,,70,84,71
02/07/2023,87,77,77,,,80,74,83,93,,78.5,83,79
03/07/2023,110,97,104,,,105,105,108,108,,104.5,,97
04/07/2023,141,109,115,,,120,115,129,134,,126,,110
05/07/2023,114,100,99,,,109,100,113,116,,110,93,107
06/07/2023,67,72,91,,,78,82,90,77,,71,75,42
07/07/2023,47,47,61,,,51,58,54,43,,47.5,60,47
08/07/2023,92,87,86,,,87,81,100,96,,101,96,88
09/07/2023,103,81,74,,,86,76,84,97,,92,90,80
10/07/2023,59,73,75,,,83,74,75,67,,69.5,70,82
11/07/2023,113,92,91,,,95,85,95,106,,102.5,96,87
12/07/2023,90,86,50,,,85,78,102,97,,94,108,
13/07/2023,117,93,72,,,86,78,100,76,,97,94,86
14/07/2023,117,84,87,,,87,79,97,102,,92,114,46
15/07/2023,124,88,100,,,93,92,111,111,,106,123,108
16/07/2023,97,74,77,,,79,69,83,93,,86,91,81
17/07/2023,76,73,86,,,81,80,86,90,,91,94,88
18/07/2023,108,92,105,,,91,79,113,112,,105,121,90
19/07/2023,98,84,80,,,87,73,94,104,,94.5,104,90
20/07/2023,111,87,79,,,103,80,89,101,,106,90,96
21/07/2023,112,92,93,,,98,89,109,58,,103.5,121,101
22/07/2023,88,63,62,,,65,62,71,78,,78.5,79,75
23/07/2023,64,51,55,,,58,45,55,60,,61,60,55
24/07/2023,73,51,50,,,52,45,57,68,,68,64,54
25/07/2023,108,88,92,,,100,79,101,109,,103,104,98
26/07/2023,119,86,96,,,94,87,105,110,,108,106,90
27/07/2023,42,27,40,,,35,26,34,33,,37,37,
28/07/2023,55,66,70,,,61,61,62,59,,78.5,61,63.5
29/07/2023,124,92,96,,,98,83,107,118,,105,84,91.5
30/07/2023,51,41,41,,,49,39,41,46,,50,45,48
31/07/2023,74,68,65,,,41,55,75,86,,75.5,80,60.5
01/08/2023,101,78,71,,,,76,81,92,,91,88,81.5
02/08/2023,94,40,75,,,63,65,85,89,,84.5,92,73
03/08/2023,103,,69,,,82,70,79,91,,95,79,96.5
04/08/2023,31,,46,,,36,40,42,33,,36,30,38.5
05/08/2023,98,,78,,,85,81,79,89,,98,78,91
06/08/2023,55,,61,,,50,48,63,57,,47,65,50
07/08/2023,90,,75,,,75,45,89,90,,79.5,102,69.5
08/08/2023,107,,91,,,89,79,67,49,,92,124,84.5
09/08/2023,60,,112,,,99,99,119,95,,82.5,125,81.5
10/08/2023,,,121,,,99,104,131,105,,80.5,113,78.5
11/08/2023,,,133,,,133,123,129,148,,88.5,132,91.5
12/08/2023,,,93,,,96,83,99,109,,64.5,109,71.5
13/08/2023,,,109,,,99,91,104,109,,107,100,114
14/08/2023,,,46,,,52,39,53,60,,60,60,58
15/08/2023,,,35,,,41,32,38,45,,46.5,34,44
16/08/2023,,,24,,,22,31,33,42,,45.5,36,39
17/08/2023,,,58,69,,61,55,69,54,,56,55,62
18/08/2023,,87,83,81,,77,69,82,100,,93,90,22
19/08/2023,,,97,101,,97,92,106,102,,100.5,106,
20/08/2023,,,49,46,,51,,55,57,,58,56,
21/08/2023,,,52,55,,49,,63,69,,68,66,
22/08/2023,,89,69,27,,70,,82,95,,84,84,
23/08/2023,,58,47,,,49,39,53,51,56,44,54,
24/08/2023,,51,41,,,43,35,43,46,46,47,47,
25/08/2023,,51,43,,,47,38,42,49,51,44,51,
26/08/2023,,80,83,,,77,82,78,77,83,87.5,74,
27/08/2023,,57,48,,,51,40,50,52,62,56.5,54,
28/08/2023,,79,80,,,63,77,85,83,64,81,80,
29/08/2023,,145,107,,,115,105,108,129,93,130.5,101,
30/08/2023,,127,122,,,103,101,130,131,89,120,132,
31/08/2023,,112,87,,,90,86,95,100,76,96,81,93
01/09/2023,,126,107,,,117,88,118,124,64,117,136,110.5
02/09/2023,,102,89,,,81,72,97,106,87,96.5,104,88.5
03/09/2023,,116,102,,,91,90,100,112,81,110.5,111,106.5
04/09/2023,,91,91,,,65,67,86,85,83,83,102,84.5
05/09/2023,,93,83,,,73,76,85,86,86,98,98,88
06/09/2023,93,107,101,,,96,4,108,,,98,109,106
07/09/2023,94,88,32,,,75,,86,,,85.5,,84
08/09/2023,69,65,,,,46,,58,,,61,65,53
09/09/2023,91,91,,,,80,,77,,,89,86,75
10/09/2023,67,64,,,,51,,57,,,59.5,63,53
11/09/2023,82,79,54,,,68,47,61,,,77,81,64
12/09/2023,109,107,85,,,75,68,93,,,90.5,97,72
13/09/2023,118,123,97,,,111,107,95,,96,116,101,93
14/09/2023,124,130,125,,,102,114,128,,89,123,106,112
15/09/2023,104,83,93,,,69,71,82,,93,95.5,94,93.5
16/09/2023,95,99,72,,,84,79,77,,77,92,78,82
17/09/2023,85,113,83,,,98,78,101,,69,94,96,95.5
18/09/2023,84,92,69,,,78,70,76,,69,85,81,80.5
19/09/2023,112,110,91,,,91,79,98,,105,107.5,109,91
20/09/2023,102,92,72,,,50,62,83,,91,87,85,83.5
21/09/2023,121,110,115,,,94,91,111,,102,106.5,139,97.5
22/09/2023,109,99,84,,,80,78,93,,105,109.5,115,97.5
23/09/2023,94,100,69,,,71,72,67,,74,89,73,71
24/09/2023,72,85,64,,,75,72,60,,66,75,72,65
25/09/2023,63,59,50,,,53,44,54,,53,58.5,59,51
26/09/2023,47,62,55,55,,55,44,56,57,62,62.5,65,59
27/09/2023,,99,48,68,,90,74,81,98,84,78.5,89,81
28/09/2023,,94,71,60,,94,72,66,28,68,71,73,71
29/09/2023,,88,72,71,,85,75,40,,85,99,79,88
30/09/2023,,98,81,75,,98,88,,,78,109,87,91.5
01/10/2023,,90,71,69,,85,80,,,76,101,81,81
02/10/2023,,101,86,69,,84,78,91,90,87,96,103,84
03/10/2023,,82,76,70,,61,66,75,87,52,92,92,83.5
04/10/2023,,118,84,91,,114,96,113,99,62,85,114,100
05/10/2023,,116,95,88,,111,91,95,110,95,118,98,100.5
06/10/2023,,72,58,56,,65,53,66,79,81,77,84,62.5
07/10/2023,,48,40,39,,41,34,41,46,41,47,44,45
08/10/2023,,51,41,36,,42,31,43,50,50,50,47,46
09/10/2023,,34,33,34,,32,33,28,26,26,32,32,34.5
10/10/2023,46,18,38,40,,38,34,36,49,34,44,34,38.5
11/10/2023,26,30,27,24,26,27,23,25,28,21,26,24,27
12/10/2023,94,91,73,89,84,77,87,63,89,44,66,64,62
13/10/2023,100,107,78,84,98,94,83,99,122,87,113,115,100
14/10/2023,54,56,47,44,54,43,36,50,53,47,53,54,48.5
15/10/2023,50,49,43,40,47,43,34,44,50,46,49,49,46
16/10/2023,39,37,29,37,35,36,33,31,39,37,37,42,37
17/10/2023,104,96,101,92,102,73,69,99,100,98,97,97,107
18/10/2023,92,104,111,95,109,88,92,106,109,63,93,128,92.5
19/10/2023,99,96,103,119,107,108,,89,94,93,91,80,108.5
20/10/2023,113,90,88,68,86,77,65,96,110,96,101,118,88
21/10/2023,116,123,107,97,111,110,94,113,122,78,116,135,115
22/10/2023,108,125,106,109,121,107,105,111,122,68,109,120,104
23/10/2023,91,86,92,84,86,73,74,86,57,54,84,113,72.5
24/10/2023,77,79,80,60,75,63,71,71,77,63,70,79,73
25/10/2023,21,15,1,15,17,8,9,11,17,20,14,19,21
26/10/2023,31,37,26,38,33,19,31,31,34,27,34,39,37
27/10/2023,82,80,62,46,64,,49,59,83,76,78,74,72.5
28/10/2023,91,93,76,71,86,80,65,76,96,88,90,86,81.5
29/10/2023,89,93,75,78,83,90,77,72,87,108,90,83,99
30/10/2023,107,110,90,77,105,95,79,92,109,102,101,94,93.5
31/10/2023,112,110,81,75,100,93,84,88,115,80,103,95,88.5
01/11/2023,91,96,87,64,95,87,70,86,93,76,91,88,93
02/11/2023,,80,72,67,76,79,65,71,81,82,77,71,88.5
03/11/2023,,73,68,59,68,67,54,62,74,73,69,69,79
04/11/2023,90,89,76,70,84,83,60,75,88,70,90.5,84,75.5
05/11/2023,90,101,102,82,102,88,83,86,94,85,97,98,90
06/11/2023,108,115,110,88,119,104,93,104,119,97,124,105,117.5
07/11/2023,77,89,83,71,80,79,60,77,85,71,96.5,92,111
08/11/2023,115,124,118,90,125,111,91,115,127,97,105,119,95.5
09/11/2023,81,63,94,88,104,92,90,78,95,61,83,80,94.5
10/11/2023,123,111,110,90,106,106,57,99,112,52,103,75,86.5
11/11/2023,104,93,75,58,82,77,63,81,102,88,96.5,95,74
12/11/2023,82,82,72,54,71,70,53,77,86,76,86.5,83,81
13/11/2023,64,74,62,54,71,66,49,62,60,68,68,65,72
14/11/2023,40,37,29,25,33,28,19,27,39,50,40.5,36,49
15/11/2023,69,74,61,58,70,65,46,57,72,70,74,66,61
16/11/2023,92,75,54,87,67,69,59,63,85,89,88.5,87,95
17/11/2023,79,82,67,86,80,82,61,61,74,100,88.5,81,98.5
18/11/2023,80,,62,60,74,74,61,67,,69,84.5,69,67
19/11/2023,80,95,84,114,91,101,84,71,,87,84,87,89.5
20/11/2023,140,143,152,104,136,122,100,144,,76,136,145,109
21/11/2023,100,125,121,101,131,113,96,108,,94,94,108,119
22/11/2023,28,30,18,28,33,25,23,27,,25,31,27,29.5
23/11/2023,35,28,20,25,29,23,23,22,,28,32.5,33,31
24/11/2023,77,91,80,81,82,78,64,80,83,45,76.5,92,59
25/11/2023,68,48,47,45,50,39,38,49,59,46,51,49,42
26/11/2023,78,79,70,56,76,74,57,65,68,38,76.5,73,47
27/11/2023,80,84,38,60,41,69,49,61,79,73,85.5,58,76.5
28/11/2023,65,67,51,,59,56,43,54,61,57,68.5,65,56.5
29/11/2023,45,54,48,,53,48,43,44,50,44,51.5,39,51
30/11/2023,59,65,46,,65,63,51,24,62,39,55,44,50
01/12/2023,50,48,49,46,49,39,37,,51,45,46,32,42
02/12/2023,49,47,45,40,43,43,31,,47,47,48,41,52.5
03/12/2023,59,78,73,65,74,76,57,,65,79,82,84,96.5
04/12/2023,65,72,58,55,63,62,46,,65,58,66,61,61
05/12/2023,82,77,58,52,66,67,49,,81,66,41.5,79,69
06/12/2023,17,20,13,19,18,15,12,,15,20,18,20,19
07/12/2023,63,57,37,44,98,54,38,,59,45,59,40,54.5
08/12/2023,50,70,60,56,70,62,54,,54,47,54,55,64
09/12/2023,80,86,84,62,79,73,53,,86,64,82,82,83
10/12/2023,62,63,49,43,56,54,39,,59,58,58,58,57.5
11/12/2023,45,37,33,34,31,24,21,,39,36,40,43,38
12/12/2023,49,41,57,49,45,31,30,,28,61,48,53,54.5
13/12/2023,20,21,20,21,17,18,11,,18,33,19,21,27.5
14/12/2023,26,39,29,37,32,27,22,,30,31,24,39,25
15/12/2023,40,34,27,38,34,32,29,,38,43,32,44,34.5
16/12/2023,41,47,37,42,42,41,35,,46,47,42,45,50
17/12/2023,67,73,62,55,70,68,51,,68,69,65,69,67
18/12/2023,81,81,64,60,73,67,60,,,74,71,72,72
19/12/2023,104,86,77,80,84,82,74,,95,96,83,93,81.5
20/12/2023,91,96,79,77,91,96,76,,86,98,86,89,93
21/12/2023,82,75,64,74,61,72,57,,75,76,71,62,81.5
22/12/2023,84,84,81,70,81,91,71,,78,84,74,73,76.5
23/12/2023,105,104,89,85,99,100,74,,102,80,91,74,84.5
24/12/2023,82,74,52,45,62,67,49,,79,51,69,49,67.5
25/12/2023,63,71,55,47,64,59,44,,74,44,61,39,56
26/12/2023,32,23,18,25,26,20,12,,25,32,21,30,29.5
27/12/2023,36,30,24,16,29,22,12,,32,32,28,32,30
28/12/2023,77,78,68,58,71,59,,77,78,49,64,65,57
29/12/2023,71,72,68,58,67,59,62,69,78,50,67,70,56.5
30/12/2023,72,81,74,51,75,66,67,78,82,46,67,67,60.5
31/12/2023,94,108,97,,99,96,81,103,107,56,87,86,70.5
