Fecha,TLALPAN,BENITOJUAREZ,AZCAPOTZALCO,COYOACAN_1,CUAJIMALPA_1,GUSTAVOAMADERO,CUAUHTEMOC,IZTACALCO,VENUSTIANOCARRANZA,MIGUELHIDALGO,ALVAROOBREGON,IZTAPALAPA_1,CUAJIMALPA_2,TLAHUAC,COYOACAN_2,IZTAPALAPA_2,COYOACAN,CUAJIMALPA,IZTAPALAPA
01/01/2020,16.0,87.0,,63.0,,,32.0,,102.0,,72.0,85.0,34.0,,102.0,94.0,82.5,34.0,89.5
02/01/2020,,10.0,,8.0,,,,,20.0,,3.0,19.0,13.0,,6.0,,7.0,13.0,19.0
03/01/2020,,18.0,,22.0,,,,,34.0,,24.0,18.0,15.0,,27.0,28.0,24.5,15.0,23.0
04/01/2020,,65.0,,50.0,,,,,80.0,,67.0,65.0,59.0,,56.0,55.0,53.0,59.0,60.0
05/01/2020,,41.0,,28.0,,,,,46.0,,31.0,49.0,23.0,,54.0,54.0,41.0,23.0,51.5
06/01/2020,,41.0,,50.0,,,,,91.0,,52.0,80.0,57.0,,54.0,54.0,52.0,57.0,67.0
07/01/2020,,36.0,,37.0,,,,,40.0,,32.0,52.0,27.0,,62.0,48.0,49.5,27.0,50.0
08/01/2020,,46.0,,40.0,,46.0,,,55.0,,44.0,68.0,44.0,,33.0,56.0,36.5,44.0,62.0
09/01/2020,,38.0,,33.0,,36.0,,,65.0,,44.0,83.0,33.0,,42.0,,37.5,33.0,83.0
10/01/2020,,23.0,,22.0,,46.0,,,45.0,,23.0,67.0,25.0,,36.0,,29.0,25.0,67.0
11/01/2020,,28.0,,20.0,,65.0,,,39.0,,21.0,58.0,22.0,,36.0,25.0,28.0,22.0,41.5
12/01/2020,,40.0,,42.0,,61.0,,,52.0,,50.0,54.0,34.0,,40.0,40.0,41.0,34.0,47.0
13/01/2020,,50.0,,40.0,,42.0,,,46.0,,38.0,73.0,35.0,,48.0,43.0,44.0,35.0,58.0
14/01/2020,,48.0,,40.0,,61.0,,,45.0,,31.0,43.0,46.0,,37.0,40.0,38.5,46.0,41.5
15/01/2020,,40.0,,26.0,,45.0,,,47.0,,36.0,41.0,31.0,,36.0,82.0,31.0,31.0,61.5
16/01/2020,,51.0,,42.0,,63.0,,,59.0,,51.0,50.0,53.0,,47.0,53.0,44.5,53.0,51.5
17/01/2020,,33.0,,30.0,,26.0,,,29.0,,39.0,34.0,41.0,,30.0,25.0,30.0,41.0,29.5
18/01/2020,,50.0,,37.0,,70.0,,,58.0,,40.0,54.0,38.0,,40.0,48.0,38.5,38.0,51.0
19/01/2020,,20.0,,21.0,,20.0,,,21.0,,15.0,17.0,16.0,,31.0,21.0,26.0,16.0,19.0
20/01/2020,,15.0,,20.0,,19.0,,,26.0,,22.0,25.0,23.0,,25.0,25.0,22.5,23.0,25.0
21/01/2020,,45.0,,31.0,,61.0,,,47.0,,45.0,60.0,36.0,,47.0,55.0,39.0,36.0,57.5
22/01/2020,,41.0,,28.0,,62.0,,,57.0,,36.0,84.0,31.0,,52.0,54.0,40.0,31.0,69.0
23/01/2020,,29.0,,26.0,,40.0,,,34.0,,25.0,43.0,20.0,,26.0,34.0,26.0,20.0,38.5
24/01/2020,,29.0,,23.0,,39.0,,,32.0,,24.0,30.0,26.0,,27.0,28.0,25.0,26.0,29.0
25/01/2020,,37.0,,26.0,,48.0,,,42.0,,35.0,35.0,25.0,,34.0,70.0,30.0,25.0,52.5
26/01/2020,,16.0,,17.0,,30.0,,,38.0,,19.0,26.0,15.0,,21.0,20.0,19.0,15.0,23.0
27/01/2020,,22.0,,18.0,,34.0,,,41.0,,26.0,31.0,24.0,,19.0,25.0,18.5,24.0,28.0
28/01/2020,,15.0,,15.0,,35.0,,,14.0,,13.0,36.0,10.0,,22.0,21.0,18.5,10.0,28.5
29/01/2020,,35.0,36.0,26.0,,44.0,,,36.0,,30.0,41.0,33.0,,22.0,27.0,24.0,33.0,34.0
30/01/2020,,15.0,29.0,15.0,,12.0,,,40.0,,20.0,13.0,13.0,,12.0,12.0,13.5,13.0,12.5
31/01/2020,,15.0,25.0,16.0,,16.0,,,26.0,,15.0,21.0,13.0,,17.0,14.0,16.5,13.0,17.5
01/02/2020,,51.0,55.0,43.0,,53.0,,,49.0,,46.0,33.0,48.0,,43.0,51.0,43.0,48.0,42.0
02/02/2020,,33.0,121.0,27.0,,44.0,,,54.0,,35.0,61.0,40.0,,38.0,37.0,32.5,40.0,49.0
03/02/2020,,25.0,27.0,15.0,,35.0,,,22.0,,14.0,51.0,11.0,,40.0,27.0,27.5,11.0,39.0
04/02/2020,,8.0,12.0,16.0,,12.0,,,10.0,,14.0,14.0,10.0,,17.0,11.0,16.5,10.0,12.5
05/02/2020,,9.0,,9.0,,14.0,,,,,10.0,13.0,9.0,,10.0,8.0,9.5,9.0,10.5
06/02/2020,,19.0,30.0,23.0,,20.0,,,,,14.0,35.0,9.0,,23.0,22.0,23.0,9.0,28.5
07/02/2020,,38.0,36.0,25.0,,38.0,,,,,24.0,59.0,18.0,,24.0,31.0,24.5,18.0,45.0
08/02/2020,,23.0,43.0,24.0,,34.0,,,43.0,,19.0,55.0,27.0,,22.0,32.0,23.0,27.0,43.5
09/02/2020,,23.0,33.0,19.0,,43.0,,,32.0,,19.0,42.0,23.0,,37.0,28.0,28.0,23.0,35.0
10/02/2020,,30.0,38.0,22.0,,32.0,,,36.0,,19.0,55.0,25.0,,26.0,36.0,24.0,25.0,45.5
11/02/2020,,30.0,36.0,26.0,,50.0,,,49.0,,31.0,55.0,27.0,,34.0,53.0,30.0,27.0,54.0
12/02/2020,,21.0,26.0,21.0,,29.0,,,33.0,,22.0,25.0,19.0,,23.0,20.0,22.0,19.0,22.5
13/02/2020,,33.0,37.0,36.0,,45.0,,,47.0,,35.0,43.0,43.0,,31.0,47.0,33.5,43.0,45.0
14/02/2020,,51.0,58.0,36.0,,54.0,,,58.0,,44.0,52.0,47.0,,42.0,47.0,39.0,47.0,49.5
15/02/2020,,56.0,74.0,43.0,,76.0,,,61.0,,58.0,71.0,54.0,,41.0,76.0,42.0,54.0,73.5
16/02/2020,,34.0,32.0,24.0,,61.0,,,39.0,,24.0,43.0,19.0,,30.0,44.0,27.0,19.0,43.5
17/02/2020,,23.0,28.0,30.0,,40.0,,,41.0,,34.0,46.0,19.0,,23.0,42.0,26.5,19.0,44.0
18/02/2020,,24.0,54.0,29.0,,50.0,,,43.0,,30.0,56.0,22.0,,49.0,47.0,39.0,22.0,51.5
19/02/2020,,,50.0,28.0,,58.0,,,47.0,,42.0,58.0,50.0,,38.0,42.0,33.0,50.0,50.0
20/02/2020,,,71.0,42.0,,69.0,,,53.0,,44.0,41.0,27.0,,43.0,52.0,42.5,27.0,46.5
21/02/2020,,,25.0,24.0,,31.0,,,34.0,,28.0,36.0,37.0,,27.0,32.0,25.5,37.0,34.0
22/02/2020,,,38.0,30.0,,33.0,,,66.0,,29.0,58.0,32.0,,30.0,36.0,30.0,32.0,47.0
23/02/2020,,,48.0,31.0,,40.0,,,48.0,,31.0,45.0,32.0,,34.0,34.0,32.5,32.0,39.5
24/02/2020,,,39.0,27.0,,39.0,,,35.0,,23.0,43.0,24.0,,28.0,30.0,27.5,24.0,36.5
25/02/2020,,,34.0,22.0,,18.0,,,22.0,,20.0,21.0,13.0,,24.0,28.0,23.0,13.0,24.5
26/02/2020,,,35.0,33.0,,31.0,,,32.0,,33.0,38.0,38.0,,33.0,32.0,33.0,38.0,35.0
27/02/2020,,,56.0,37.0,,46.0,,,45.0,,48.0,61.0,49.0,,33.0,47.0,35.0,49.0,54.0
28/02/2020,,,39.0,33.0,,43.0,,,38.0,,39.0,45.0,44.0,,36.0,41.0,34.5,44.0,43.0
29/02/2020,,33.0,38.0,38.0,,42.0,,,35.0,,30.0,47.0,29.0,,36.0,40.0,37.0,29.0,43.5
01/03/2020,,34.0,41.0,46.0,,48.0,,,48.0,,25.0,57.0,32.0,,36.0,43.0,41.0,32.0,50.0
02/03/2020,,33.0,41.0,29.0,,42.0,,,51.0,,25.0,71.0,25.0,,34.0,33.0,31.5,25.0,52.0
03/03/2020,,21.0,29.0,21.0,,42.0,,,44.0,,26.0,30.0,22.0,,26.0,30.0,23.5,22.0,30.0
04/03/2020,,22.0,30.0,20.0,,21.0,,,24.0,,21.0,21.0,21.0,,27.0,20.0,23.5,21.0,20.5
05/03/2020,,43.0,50.0,37.0,,39.0,,,42.0,,50.0,52.0,51.0,,45.0,47.0,41.0,51.0,49.5
06/03/2020,,59.0,56.0,51.0,,60.0,,,65.0,,59.0,67.0,59.0,,56.0,66.0,53.5,59.0,66.5
07/03/2020,,25.0,72.0,54.0,,93.0,,,82.0,,74.0,75.0,68.0,,56.0,75.0,55.0,68.0,75.0
08/03/2020,,,60.0,31.0,,,,,42.0,,36.0,53.0,36.0,,33.0,39.0,32.0,36.0,46.0
09/03/2020,,,43.0,36.0,,,,,38.0,,36.0,56.0,33.0,,36.0,41.0,36.0,33.0,48.5
10/03/2020,,57.0,58.0,39.0,,,,,59.0,,50.0,45.0,58.0,,42.0,42.0,40.5,58.0,43.5
11/03/2020,,64.0,56.0,36.0,,,,,62.0,,47.0,47.0,40.0,,35.0,31.0,35.5,40.0,39.0
12/03/2020,,35.0,43.0,30.0,,,,,50.0,,29.0,67.0,30.0,,35.0,43.0,32.5,30.0,55.0
13/03/2020,,32.0,38.0,40.0,,,,,,,31.0,41.0,24.0,,41.0,36.0,40.5,24.0,38.5
14/03/2020,,29.0,34.0,37.0,,,,,,,28.0,43.0,41.0,,33.0,29.0,35.0,41.0,36.0
15/03/2020,,35.0,46.0,31.0,,,,,,,31.0,41.0,26.0,,31.0,22.0,31.0,26.0,31.5
16/03/2020,,41.0,35.0,29.0,,,,,,,32.0,39.0,28.0,,33.0,36.0,31.0,28.0,37.5
17/03/2020,,28.0,30.0,28.0,,,,,,,27.0,45.0,29.0,,33.0,43.0,30.5,29.0,44.0
18/03/2020,,43.0,52.0,32.0,,,,,,,35.0,45.0,33.0,,40.0,47.0,36.0,33.0,46.0
19/03/2020,,31.0,45.0,29.0,,,,,,,39.0,48.0,25.0,,39.0,37.0,34.0,25.0,42.5
20/03/2020,,45.0,36.0,26.0,,,,,,,31.0,56.0,27.0,,72.0,61.0,49.0,27.0,58.5
21/03/2020,,32.0,34.0,37.0,,,,,,,32.0,50.0,32.0,,43.0,42.0,40.0,32.0,46.0
22/03/2020,,40.0,37.0,26.0,,,,,,,33.0,38.0,33.0,,32.0,31.0,29.0,33.0,34.5
23/03/2020,,27.0,32.0,28.0,,,,,,,31.0,44.0,25.0,,31.0,41.0,29.5,25.0,42.5
24/03/2020,,43.0,31.0,37.0,,,,,,,36.0,57.0,29.0,,50.0,44.0,43.5,29.0,50.5
25/03/2020,,43.0,32.0,43.0,,,,,,,45.0,57.0,29.0,,39.0,45.0,41.0,29.0,51.0
26/03/2020,,40.0,45.0,34.0,,,,,,,95.0,56.0,49.0,,45.0,45.0,39.5,49.0,50.5
27/03/2020,,38.0,41.0,37.0,,,,,37.0,,41.0,110.0,33.0,,34.0,59.0,35.5,33.0,84.5
28/03/2020,,43.0,44.0,40.0,,,,,56.0,,39.0,87.0,37.0,,46.0,46.0,43.0,37.0,66.5
29/03/2020,,44.0,49.0,43.0,,,,,50.0,,40.0,67.0,41.0,,45.0,50.0,44.0,41.0,58.5
30/03/2020,,41.0,48.0,43.0,,,,,48.0,,41.0,56.0,39.0,,56.0,49.0,49.5,39.0,52.5
31/03/2020,,38.0,,34.0,,,,,38.0,,32.0,83.0,27.0,,40.0,36.0,37.0,27.0,59.5
01/04/2020,,35.0,,36.0,,,,,40.0,,33.0,53.0,37.0,,48.0,41.0,42.0,37.0,47.0
02/04/2020,,36.0,,36.0,,,,,39.0,,43.0,66.0,31.0,,42.0,42.0,39.0,31.0,54.0
03/04/2020,,32.0,37.0,39.0,,,,,37.0,,30.0,95.0,35.0,,35.0,41.0,37.0,35.0,68.0
04/04/2020,,28.0,35.0,28.0,,,,,37.0,,25.0,50.0,24.0,,30.0,39.0,29.0,24.0,44.5
05/04/2020,,28.0,31.0,24.0,,,,,27.0,,35.0,29.0,28.0,,30.0,24.0,27.0,28.0,26.5
06/04/2020,,40.0,39.0,25.0,,,,,41.0,,31.0,32.0,39.0,,30.0,40.0,27.5,39.0,36.0
07/04/2020,,32.0,30.0,26.0,,,,,31.0,,29.0,33.0,28.0,,38.0,50.0,32.0,28.0,41.5
08/04/2020,,34.0,33.0,36.0,,,,,59.0,,34.0,35.0,34.0,,35.0,34.0,35.5,34.0,34.5
09/04/2020,,31.0,33.0,29.0,,,,,34.0,,35.0,39.0,31.0,,38.0,37.0,33.5,31.0,38.0
10/04/2020,,30.0,37.0,32.0,,,,,32.0,,30.0,42.0,30.0,,48.0,40.0,40.0,30.0,41.0
11/04/2020,,37.0,32.0,42.0,,,,,35.0,,34.0,37.0,29.0,,35.0,41.0,38.5,29.0,39.0
12/04/2020,,31.0,31.0,36.0,,,,,30.0,,30.0,28.0,26.0,,27.0,32.0,31.5,26.0,30.0
13/04/2020,,38.0,48.0,41.0,,,,,49.0,,32.0,46.0,32.0,,44.0,41.0,42.5,32.0,43.5
14/04/2020,,41.0,54.0,46.0,,,,,53.0,,61.0,59.0,25.0,,44.0,38.0,45.0,25.0,48.5
15/04/2020,,48.0,48.0,49.0,,,,,52.0,,57.0,63.0,41.0,,74.0,53.0,61.5,41.0,58.0
16/04/2020,,53.0,48.0,67.0,,,,,52.0,,44.0,58.0,43.0,,41.0,35.0,54.0,43.0,46.5
17/04/2020,,44.0,44.0,70.0,,,,,47.0,,79.0,56.0,40.0,,48.0,43.0,59.0,40.0,49.5
18/04/2020,,40.0,45.0,43.0,,,,,58.0,,54.0,68.0,46.0,,53.0,47.0,48.0,46.0,57.5
19/04/2020,,50.0,48.0,51.0,,,,,55.0,,49.0,66.0,51.0,,54.0,52.0,52.5,51.0,59.0
20/04/2020,,35.0,36.0,41.0,,,,,44.0,,49.0,49.0,38.0,,54.0,55.0,47.5,38.0,52.0
21/04/2020,,35.0,43.0,37.0,,,,,41.0,,42.0,48.0,30.0,,39.0,42.0,38.0,30.0,45.0
22/04/2020,,31.0,31.0,29.0,,,,,45.0,,44.0,43.0,33.0,,41.0,41.0,35.0,33.0,42.0
23/04/2020,,28.0,33.0,40.0,,,,,36.0,,28.0,40.0,28.0,,38.0,37.0,39.0,28.0,38.5
24/04/2020,,37.0,43.0,34.0,,,,,48.0,,48.0,56.0,34.0,,41.0,43.0,37.5,34.0,49.5
25/04/2020,,35.0,40.0,32.0,,,,,46.0,,37.0,44.0,30.0,,39.0,41.0,35.5,30.0,42.5
26/04/2020,,29.0,27.0,28.0,,,,,27.0,,34.0,46.0,24.0,,36.0,28.0,32.0,24.0,37.0
27/04/2020,,23.0,29.0,20.0,,,,,30.0,,30.0,39.0,17.0,,20.0,24.0,20.0,17.0,31.5
28/04/2020,,37.0,35.0,29.0,,,,,42.0,,29.0,37.0,32.0,,29.0,41.0,29.0,32.0,39.0
29/04/2020,,27.0,35.0,27.0,,,,,36.0,,32.0,42.0,24.0,,26.0,35.0,26.5,24.0,38.5
30/04/2020,,24.0,20.0,30.0,,,,,21.0,,27.0,37.0,25.0,,28.0,22.0,29.0,25.0,29.5
01/05/2020,,15.0,27.0,23.0,,,,,39.0,,29.0,38.0,21.0,,27.0,27.0,25.0,21.0,32.5
02/05/2020,,,30.0,32.0,,,,,38.0,,44.0,53.0,37.0,,35.0,40.0,33.5,37.0,46.5
03/05/2020,,,25.0,25.0,,,,,30.0,,39.0,38.0,29.0,,61.0,43.0,43.0,29.0,40.5
04/05/2020,,,38.0,20.0,,,,,39.0,,38.0,35.0,23.0,,25.0,33.0,22.5,23.0,34.0
05/05/2020,,,35.0,34.0,,,,,31.0,,32.0,34.0,32.0,,34.0,35.0,34.0,32.0,34.5
06/05/2020,,,29.0,31.0,,,,,50.0,,28.0,36.0,35.0,,42.0,31.0,36.5,35.0,33.5
07/05/2020,,,44.0,38.0,,,,,55.0,,54.0,58.0,46.0,,39.0,56.0,38.5,46.0,57.0
08/05/2020,,,33.0,30.0,,,,,41.0,,41.0,44.0,32.0,,38.0,36.0,34.0,32.0,40.0
09/05/2020,,,43.0,42.0,,,,,45.0,,68.0,40.0,39.0,,48.0,44.0,45.0,39.0,42.0
10/05/2020,,,33.0,27.0,,,,,33.0,,41.0,48.0,35.0,,24.0,40.0,25.5,35.0,44.0
11/05/2020,,,35.0,25.0,,,,,37.0,,39.0,40.0,34.0,,23.0,36.0,24.0,34.0,38.0
12/05/2020,,,39.0,36.0,,,,,42.0,,41.0,49.0,28.0,,29.0,40.0,32.5,28.0,44.5
13/05/2020,,44.0,45.0,38.0,,,,,45.0,,51.0,78.0,47.0,,37.0,57.0,37.5,47.0,67.5
14/05/2020,,42.0,41.0,46.0,,,,,46.0,,57.0,73.0,37.0,,49.0,54.0,47.5,37.0,63.5
15/05/2020,,38.0,38.0,37.0,,,,,41.0,,59.0,50.0,38.0,,40.0,47.0,38.5,38.0,48.5
16/05/2020,,31.0,38.0,26.0,,,,,33.0,,46.0,50.0,25.0,,34.0,49.0,30.0,25.0,49.5
17/05/2020,,34.0,43.0,35.0,,,,,39.0,,57.0,45.0,26.0,,42.0,42.0,38.5,26.0,43.5
18/05/2020,,31.0,35.0,36.0,,,,,41.0,,60.0,46.0,31.0,,51.0,50.0,43.5,31.0,48.0
19/05/2020,,32.0,36.0,30.0,,,,,37.0,,,44.0,26.0,,32.0,51.0,31.0,26.0,47.5
20/05/2020,,59.0,63.0,72.0,,,,,68.0,,,75.0,53.0,,59.0,72.0,65.5,53.0,73.5
21/05/2020,,64.0,64.0,87.0,,,,,74.0,,63.0,78.0,58.0,,60.0,85.0,73.5,58.0,81.5
22/05/2020,,46.0,42.0,43.0,,,,,57.0,,39.0,64.0,42.0,,53.0,79.0,48.0,42.0,71.5
23/05/2020,,38.0,46.0,37.0,,,,,45.0,,35.0,49.0,36.0,,34.0,89.0,35.5,36.0,69.0
24/05/2020,,42.0,34.0,36.0,,,,,43.0,,34.0,43.0,31.0,,37.0,43.0,36.5,31.0,43.0
25/05/2020,,34.0,40.0,39.0,,,,,36.0,,120.0,53.0,24.0,,41.0,33.0,40.0,24.0,43.0
26/05/2020,,58.0,45.0,66.0,,,,,47.0,,44.0,48.0,37.0,,48.0,44.0,57.0,37.0,46.0
27/05/2020,,66.0,69.0,69.0,,,,,86.0,,66.0,76.0,68.0,,56.0,60.0,62.5,68.0,68.0
28/05/2020,,48.0,40.0,42.0,,,,,52.0,,45.0,58.0,47.0,,50.0,45.0,46.0,47.0,51.5
29/05/2020,,37.0,38.0,30.0,,,,,45.0,,37.0,56.0,37.0,,26.0,34.0,28.0,37.0,45.0
30/05/2020,,31.0,28.0,27.0,,,,,37.0,,28.0,37.0,36.0,,21.0,22.0,24.0,36.0,29.5
31/05/2020,,28.0,,37.0,,,,,38.0,,33.0,32.0,30.0,,25.0,25.0,31.0,30.0,28.5
01/06/2020,,37.0,,34.0,,,,,47.0,,41.0,22.0,37.0,,34.0,43.0,34.0,37.0,32.5
02/06/2020,,,,34.0,,,,,44.0,,35.0,,37.0,,26.0,32.0,30.0,37.0,32.0
03/06/2020,,,,18.0,,,,,28.0,,18.0,,15.0,,13.0,14.0,15.5,15.0,14.0
04/06/2020,,14.0,,19.0,,,,,25.0,,23.0,,17.0,,20.0,21.0,19.5,17.0,21.0
05/06/2020,,20.0,,25.0,,,,,28.0,,18.0,,20.0,,26.0,22.0,25.5,20.0,22.0
06/06/2020,,29.0,,27.0,,,,,27.0,,32.0,,32.0,,26.0,26.0,26.5,32.0,26.0
07/06/2020,,19.0,,24.0,,,,,25.0,,21.0,,23.0,,30.0,14.0,27.0,23.0,14.0
08/06/2020,,18.0,,24.0,,,,,20.0,,23.0,,21.0,,30.0,13.0,27.0,21.0,13.0
09/06/2020,,26.0,,24.0,,,,,54.0,,29.0,,25.0,,34.0,32.0,29.0,25.0,32.0
10/06/2020,,24.0,,23.0,,,,,43.0,,24.0,,28.0,,27.0,28.0,25.0,28.0,28.0
11/06/2020,,18.0,,23.0,,,,,40.0,,20.0,,22.0,,28.0,15.0,25.5,22.0,15.0
12/06/2020,,11.0,,17.0,,,,,33.0,,12.0,,10.0,,1.0,9.0,9.0,10.0,9.0
13/06/2020,,18.0,,25.0,,,,,31.0,,21.0,,23.0,,19.0,18.0,22.0,23.0,18.0
14/06/2020,,30.0,,29.0,,,,,36.0,,26.0,,26.0,,23.0,29.0,26.0,26.0,29.0
15/06/2020,,46.0,,36.0,,,,,68.0,,39.0,,38.0,,38.0,46.0,37.0,38.0,46.0
16/06/2020,,42.0,,35.0,,,,,47.0,,44.0,,43.0,,31.0,32.0,33.0,43.0,32.0
17/06/2020,,42.0,,39.0,,,,,52.0,,68.0,,43.0,,14.0,44.0,26.5,43.0,44.0
18/06/2020,,34.0,,31.0,,,,,43.0,,37.0,,29.0,,,26.0,31.0,29.0,26.0
19/06/2020,,25.0,,22.0,,,,,40.0,,17.0,,19.0,,,21.0,22.0,19.0,21.0
20/06/2020,,29.0,83.0,27.0,,,,,56.0,,,,33.0,,42.0,51.0,34.5,33.0,51.0
21/06/2020,,37.0,40.0,34.0,,,,,44.0,,,,40.0,,37.0,38.0,35.5,40.0,38.0
22/06/2020,,38.0,40.0,29.0,,,,,41.0,,33.0,,25.0,,37.0,30.0,33.0,25.0,30.0
23/06/2020,,35.0,34.0,19.0,,,,,10.0,,27.0,,25.0,,23.0,24.0,21.0,25.0,24.0
24/06/2020,,15.0,26.0,12.0,,,,,53.0,,12.0,,15.0,,,8.0,12.0,15.0,8.0
25/06/2020,,13.0,18.0,,,,,,21.0,,12.0,,12.0,,16.0,10.0,16.0,12.0,10.0
26/06/2020,,21.0,26.0,17.0,,,,,48.0,,23.0,,19.0,,21.0,16.0,19.0,19.0,16.0
27/06/2020,,32.0,41.0,31.0,,,,,50.0,,32.0,,30.0,,32.0,38.0,31.5,30.0,38.0
28/06/2020,,25.0,32.0,32.0,,,,,49.0,,30.0,,25.0,,36.0,24.0,34.0,25.0,24.0
29/06/2020,,36.0,41.0,52.0,,,,,54.0,,71.0,,40.0,,46.0,28.0,49.0,40.0,28.0
30/06/2020,,39.0,52.0,39.0,,,,,44.0,,64.0,,44.0,,37.0,40.0,38.0,44.0,40.0
01/07/2020,,28.0,23.0,,,,,,23.0,,,,22.0,,18.0,14.0,18.0,22.0,14.0
02/07/2020,,37.0,36.0,,,,,,51.0,,,,34.0,,30.0,27.0,30.0,34.0,27.0
03/07/2020,,28.0,25.0,,,,,,39.0,,,,26.0,,25.0,19.0,25.0,26.0,19.0
04/07/2020,,32.0,38.0,,,,,,38.0,,,,36.0,,38.0,34.0,38.0,36.0,34.0
05/07/2020,,31.0,42.0,,,,,,60.0,,,,35.0,,30.0,24.0,30.0,35.0,24.0
06/07/2020,,20.0,33.0,,,,,,38.0,,,,27.0,,51.0,30.0,51.0,27.0,30.0
07/07/2020,,15.0,39.0,,,,,,38.0,,,,25.0,,17.0,20.0,17.0,25.0,20.0
08/07/2020,,15.0,16.0,,,,,,18.0,,12.0,,17.0,,15.0,12.0,15.0,17.0,12.0
09/07/2020,,29.0,31.0,,,,,,29.0,,37.0,,36.0,,34.0,26.0,34.0,36.0,26.0
10/07/2020,,28.0,34.0,,,,,,54.0,,27.0,35.0,22.0,,28.0,45.0,28.0,22.0,40.0
11/07/2020,,17.0,27.0,,,,,,34.0,,17.0,25.0,19.0,,21.0,18.0,21.0,19.0,21.5
12/07/2020,,15.0,21.0,,,,,,32.0,,23.0,18.0,20.0,,19.0,15.0,19.0,20.0,16.5
13/07/2020,,29.0,30.0,,,,,,37.0,,28.0,38.0,27.0,,27.0,27.0,27.0,27.0,32.5
14/07/2020,,31.0,36.0,,,,,,36.0,,28.0,35.0,35.0,,38.0,36.0,38.0,35.0,35.5
15/07/2020,,30.0,43.0,,,,,,26.0,,32.0,29.0,39.0,,24.0,21.0,24.0,39.0,25.0
16/07/2020,,37.0,38.0,,,,,,45.0,,46.0,54.0,32.0,,34.0,39.0,34.0,32.0,46.5
17/07/2020,,26.0,37.0,,,,,,31.0,,33.0,28.0,26.0,,27.0,26.0,27.0,26.0,27.0
18/07/2020,,35.0,30.0,,,,,,35.0,,35.0,34.0,40.0,,40.0,69.0,40.0,40.0,51.5
19/07/2020,,30.0,32.0,,,,,,45.0,,,43.0,28.0,,32.0,32.0,32.0,28.0,37.5
20/07/2020,,33.0,40.0,,,,,,41.0,,44.0,42.0,36.0,,38.0,51.0,38.0,36.0,46.5
21/07/2020,,31.0,25.0,,,,,,34.0,,36.0,36.0,26.0,,31.0,26.0,31.0,26.0,31.0
22/07/2020,,34.0,31.0,,,,,,,,37.0,43.0,29.0,,28.0,30.0,28.0,29.0,36.5
23/07/2020,,38.0,39.0,,,,,,,,43.0,35.0,37.0,,27.0,35.0,27.0,37.0,35.0
24/07/2020,,23.0,30.0,,,,,,,,36.0,21.0,29.0,,25.0,26.0,25.0,29.0,23.5
25/07/2020,,29.0,29.0,,,,,,,,35.0,52.0,32.0,,29.0,43.0,29.0,32.0,47.5
26/07/2020,,23.0,38.0,,,,,,,,17.0,17.0,17.0,,21.0,11.0,21.0,17.0,14.0
27/07/2020,,23.0,21.0,,,,,,,,18.0,12.0,17.0,,12.0,,12.0,17.0,12.0
28/07/2020,,6.0,31.0,14.0,,,,,,,13.0,11.0,21.0,,10.0,10.0,12.0,21.0,10.5
29/07/2020,,20.0,26.0,20.0,,,,,,,24.0,18.0,20.0,,21.0,16.0,20.5,20.0,17.0
30/07/2020,,44.0,36.0,38.0,,,,,,,40.0,46.0,46.0,,34.0,46.0,36.0,46.0,46.0
31/07/2020,,28.0,24.0,5.0,,,,,,,24.0,31.0,29.0,,24.0,28.0,14.5,29.0,29.5
01/08/2020,,41.0,18.0,30.0,,,,,,,24.0,43.0,26.0,,33.0,44.0,31.5,26.0,43.5
02/08/2020,,34.0,,30.0,,,,,,,34.0,37.0,33.0,,27.0,39.0,28.5,33.0,38.0
03/08/2020,,36.0,,27.0,,,,,,,32.0,33.0,30.0,,26.0,,26.5,30.0,33.0
04/08/2020,,39.0,32.0,29.0,,,,,,,35.0,48.0,41.0,,35.0,38.0,32.0,41.0,43.0
05/08/2020,,27.0,21.0,21.0,,,,,,,24.0,23.0,34.0,,19.0,18.0,20.0,34.0,20.5
06/08/2020,,,,25.0,,,,,,,33.0,39.0,13.0,,29.0,39.0,27.0,13.0,39.0
07/08/2020,,23.0,18.0,17.0,,,,,,,19.0,14.0,23.0,,14.0,19.0,15.5,23.0,16.5
08/08/2020,,16.0,18.0,16.0,,,,,,,11.0,17.0,12.0,,15.0,12.0,15.5,12.0,14.5
09/08/2020,,22.0,32.0,22.0,,,,,,,22.0,19.0,16.0,,30.0,23.0,26.0,16.0,21.0
10/08/2020,,26.0,27.0,22.0,,,,,,,27.0,34.0,39.0,,22.0,29.0,22.0,39.0,31.5
11/08/2020,,28.0,27.0,20.0,,30.0,,,,,29.0,27.0,30.0,,23.0,24.0,21.5,30.0,25.5
12/08/2020,,29.0,33.0,22.0,,29.0,,,,,23.0,28.0,26.0,,26.0,22.0,24.0,26.0,25.0
13/08/2020,,27.0,24.0,15.0,,39.0,,,,,19.0,33.0,18.0,,20.0,33.0,17.5,18.0,33.0
14/08/2020,,37.0,40.0,33.0,,38.0,,,,,36.0,41.0,37.0,,32.0,39.0,32.5,37.0,40.0
15/08/2020,,31.0,41.0,22.0,,48.0,,,,,33.0,44.0,38.0,,37.0,31.0,29.5,38.0,37.5
16/08/2020,,28.0,32.0,25.0,,32.0,,,,,23.0,32.0,24.0,,24.0,36.0,24.5,24.0,34.0
17/08/2020,,26.0,35.0,26.0,,33.0,,,,,27.0,34.0,19.0,,32.0,28.0,29.0,19.0,31.0
18/08/2020,,31.0,32.0,27.0,,32.0,,,,,31.0,29.0,,,21.0,24.0,24.0,,26.5
19/08/2020,,44.0,36.0,38.0,,,,,,,52.0,44.0,41.0,,43.0,47.0,40.5,41.0,45.5
20/08/2020,,41.0,38.0,33.0,,,,,,,42.0,45.0,42.0,,30.0,41.0,31.5,42.0,43.0
21/08/2020,,30.0,49.0,24.0,,47.0,,,,,31.0,47.0,24.0,,35.0,35.0,29.5,24.0,41.0
22/08/2020,,29.0,37.0,25.0,,24.0,,,,,31.0,25.0,25.0,,26.0,51.0,25.5,25.0,38.0
23/08/2020,,25.0,26.0,25.0,,19.0,,,,,23.0,23.0,19.0,,23.0,27.0,24.0,19.0,25.0
24/08/2020,,24.0,27.0,27.0,,23.0,,,,,26.0,20.0,27.0,,20.0,20.0,23.5,27.0,20.0
25/08/2020,,19.0,23.0,17.0,,20.0,,,,,19.0,15.0,14.0,,18.0,19.0,17.5,14.0,17.0
26/08/2020,,14.0,26.0,29.0,,17.0,,,,,19.0,17.0,23.0,,24.0,12.0,26.5,23.0,14.5
27/08/2020,,16.0,15.0,15.0,,17.0,,,,,12.0,13.0,15.0,,15.0,8.0,15.0,15.0,10.5
28/08/2020,,41.0,34.0,48.0,,39.0,,,54.0,,40.0,35.0,39.0,,25.0,38.0,36.5,39.0,36.5
29/08/2020,,49.0,45.0,38.0,,32.0,,,41.0,,36.0,39.0,36.0,,29.0,32.0,33.5,36.0,35.5
30/08/2020,,23.0,20.0,23.0,,21.0,,,43.0,,23.0,16.0,17.0,,18.0,22.0,20.5,17.0,19.0
31/08/2020,,,21.0,28.0,,20.0,,,29.0,,18.0,17.0,18.0,,29.0,19.0,28.5,18.0,18.0
01/09/2020,,,36.0,29.0,,30.0,,,49.0,,31.0,26.0,38.0,,23.0,26.0,26.0,38.0,26.0
02/09/2020,,37.0,39.0,23.0,,45.0,,,46.0,,31.0,37.0,28.0,,29.0,40.0,26.0,28.0,38.5
03/09/2020,,26.0,29.0,27.0,,36.0,,,33.0,,27.0,34.0,22.0,,29.0,32.0,28.0,22.0,33.0
04/09/2020,,15.0,10.0,18.0,,10.0,,,17.0,,12.0,9.0,9.0,,15.0,,16.5,9.0,9.0
05/09/2020,,17.0,11.0,16.0,,13.0,,,20.0,,13.0,22.0,11.0,,18.0,20.0,17.0,11.0,21.0
06/09/2020,,16.0,11.0,13.0,,8.0,,,16.0,,11.0,17.0,12.0,,13.0,13.0,13.0,12.0,15.0
07/09/2020,,29.0,13.0,28.0,,9.0,,,27.0,,17.0,14.0,18.0,,16.0,15.0,22.0,18.0,14.5
08/09/2020,,36.0,35.0,34.0,,44.0,,,52.0,,38.0,26.0,27.0,,30.0,27.0,32.0,27.0,26.5
09/09/2020,,23.0,31.0,28.0,,30.0,,,40.0,,32.0,36.0,22.0,,25.0,37.0,26.5,22.0,36.5
10/09/2020,,35.0,30.0,28.0,,28.0,,,38.0,,41.0,36.0,33.0,,29.0,35.0,28.5,33.0,35.5
11/09/2020,,23.0,26.0,24.0,,20.0,,,34.0,,31.0,31.0,21.0,,20.0,23.0,22.0,21.0,27.0
12/09/2020,,40.0,35.0,36.0,,42.0,,,48.0,,41.0,42.0,32.0,,35.0,39.0,35.5,32.0,40.5
13/09/2020,,25.0,16.0,17.0,,16.0,,,20.0,,20.0,14.0,21.0,,13.0,16.0,15.0,21.0,15.0
14/09/2020,,16.0,26.0,23.0,,26.0,,,33.0,,23.0,29.0,19.0,,21.0,23.0,22.0,19.0,26.0
15/09/2020,,24.0,19.0,26.0,,19.0,,,25.0,,31.0,26.0,26.0,,25.0,21.0,25.5,26.0,23.5
16/09/2020,,24.0,24.0,37.0,,27.0,,,33.0,,32.0,25.0,25.0,,30.0,28.0,33.5,25.0,26.5
17/09/2020,,20.0,23.0,22.0,,17.0,,,32.0,,27.0,23.0,22.0,,19.0,21.0,20.5,22.0,22.0
18/09/2020,,22.0,14.0,23.0,,12.0,,,23.0,,18.0,26.0,18.0,,23.0,27.0,23.0,18.0,26.5
19/09/2020,,21.0,25.0,31.0,,18.0,,,23.0,,23.0,24.0,24.0,,25.0,20.0,28.0,24.0,22.0
20/09/2020,,44.0,40.0,27.0,,38.0,,,55.0,,33.0,52.0,37.0,,41.0,46.0,34.0,37.0,49.0
21/09/2020,,46.0,49.0,42.0,,49.0,,,61.0,,42.0,47.0,43.0,,37.0,44.0,39.5,43.0,45.5
22/09/2020,,48.0,50.0,43.0,,56.0,,,53.0,,51.0,54.0,37.0,,40.0,51.0,41.5,37.0,52.5
23/09/2020,,35.0,36.0,36.0,,45.0,,,65.0,,36.0,51.0,29.0,,34.0,38.0,35.0,29.0,44.5
24/09/2020,,42.0,40.0,34.0,,45.0,,,61.0,,30.0,56.0,34.0,,37.0,48.0,35.5,34.0,52.0
25/09/2020,,61.0,40.0,32.0,,45.0,,,57.0,,47.0,64.0,32.0,,32.0,56.0,32.0,32.0,60.0
26/09/2020,,49.0,48.0,48.0,,59.0,,,,,59.0,66.0,58.0,,51.0,60.0,49.5,58.0,63.0
27/09/2020,,40.0,33.0,59.0,,41.0,,,,,28.0,46.0,27.0,,35.0,37.0,47.0,27.0,41.5
28/09/2020,,17.0,36.0,32.0,,37.0,,,,,22.0,33.0,16.0,,22.0,30.0,27.0,16.0,31.5
29/09/2020,,21.0,24.0,28.0,,20.0,,,,,24.0,19.0,24.0,,24.0,22.0,26.0,24.0,20.5
30/09/2020,,42.0,36.0,29.0,,24.0,,,40.0,,37.0,36.0,44.0,,29.0,32.0,29.0,44.0,34.0
01/10/2020,,34.0,44.0,35.0,,55.0,,,40.0,,42.0,44.0,32.0,,42.0,50.0,38.5,32.0,47.0
02/10/2020,,23.0,24.0,22.0,,21.0,,,26.0,,23.0,20.0,20.0,,26.0,25.0,24.0,20.0,22.5
03/10/2020,,25.0,23.0,22.0,,18.0,,,30.0,,28.0,20.0,35.0,,18.0,24.0,20.0,35.0,22.0
04/10/2020,,22.0,19.0,25.0,,24.0,,,29.0,,27.0,19.0,23.0,,26.0,20.0,25.5,23.0,19.5
05/10/2020,,25.0,32.0,29.0,,25.0,,,32.0,,29.0,34.0,32.0,,23.0,28.0,26.0,32.0,31.0
06/10/2020,,37.0,29.0,32.0,,45.0,,,46.0,,32.0,39.0,24.0,,40.0,42.0,36.0,24.0,40.5
07/10/2020,,39.0,34.0,36.0,,44.0,,,43.0,,33.0,38.0,31.0,,52.0,64.0,44.0,31.0,51.0
08/10/2020,,38.0,34.0,30.0,,43.0,,,37.0,,42.0,40.0,27.0,,33.0,34.0,31.5,27.0,37.0
09/10/2020,,30.0,32.0,28.0,,37.0,,,41.0,,28.0,43.0,36.0,,40.0,30.0,34.0,36.0,36.5
10/10/2020,,26.0,33.0,29.0,,40.0,,,36.0,,28.0,40.0,26.0,,35.0,33.0,32.0,26.0,36.5
11/10/2020,,27.0,18.0,34.0,,33.0,,,40.0,,24.0,32.0,29.0,,26.0,26.0,30.0,29.0,29.0
12/10/2020,,32.0,34.0,21.0,,34.0,,,39.0,,25.0,21.0,22.0,,24.0,24.0,22.5,22.0,22.5
13/10/2020,,45.0,37.0,31.0,,50.0,,,55.0,,43.0,54.0,26.0,,34.0,45.0,32.5,26.0,49.5
14/10/2020,,27.0,27.0,21.0,,27.0,,,36.0,,24.0,17.0,28.0,,20.0,22.0,20.5,28.0,19.5
15/10/2020,,36.0,28.0,19.0,,40.0,,,45.0,,21.0,50.0,19.0,,30.0,58.0,24.5,19.0,54.0
16/10/2020,,20.0,20.0,20.0,,22.0,,,29.0,,16.0,23.0,23.0,,21.0,25.0,20.5,23.0,24.0
17/10/2020,,18.0,16.0,22.0,,25.0,,,21.0,,23.0,19.0,22.0,,20.0,14.0,21.0,22.0,16.5
18/10/2020,,32.0,30.0,33.0,,42.0,,,41.0,,32.0,54.0,32.0,,31.0,49.0,32.0,32.0,51.5
19/10/2020,,52.0,39.0,29.0,,76.0,,,88.0,,34.0,67.0,28.0,,57.0,81.0,43.0,28.0,74.0
20/10/2020,,31.0,,35.0,,42.0,,,44.0,,23.0,47.0,25.0,,34.0,48.0,34.5,25.0,47.5
21/10/2020,,23.0,,25.0,,29.0,,,34.0,,25.0,25.0,26.0,,26.0,28.0,25.5,26.0,26.5
22/10/2020,,47.0,37.0,31.0,,60.0,,,50.0,,29.0,46.0,27.0,,27.0,33.0,29.0,27.0,39.5
23/10/2020,,26.0,30.0,26.0,,44.0,,,41.0,,23.0,45.0,11.0,,20.0,20.0,23.0,11.0,32.5
24/10/2020,,26.0,29.0,24.0,,35.0,,,39.0,,17.0,37.0,19.0,,30.0,37.0,27.0,19.0,37.0
25/10/2020,,26.0,28.0,20.0,,30.0,,,39.0,,22.0,46.0,15.0,,28.0,31.0,24.0,15.0,38.5
26/10/2020,,30.0,34.0,22.0,,34.0,,,39.0,,23.0,51.0,26.0,,24.0,40.0,23.0,26.0,45.5
27/10/2020,,35.0,35.0,34.0,,44.0,,,71.0,,32.0,76.0,29.0,,35.0,44.0,34.5,29.0,60.0
28/10/2020,,37.0,40.0,40.0,,42.0,,,51.0,,30.0,42.0,38.0,,32.0,47.0,36.0,38.0,44.5
29/10/2020,,46.0,57.0,39.0,,47.0,,,55.0,,36.0,71.0,39.0,,37.0,57.0,38.0,39.0,64.0
30/10/2020,,25.0,37.0,28.0,,24.0,,,40.0,,29.0,31.0,32.0,,31.0,,29.5,32.0,31.0
31/10/2020,,37.0,39.0,34.0,,34.0,,,51.0,,31.0,36.0,36.0,,28.0,31.0,31.0,36.0,33.5
01/11/2020,,27.0,35.0,25.0,,37.0,,,37.0,,25.0,33.0,18.0,,30.0,35.0,27.5,18.0,34.0
02/11/2020,,22.0,14.0,23.0,,12.0,,,22.0,,20.0,13.0,16.0,,24.0,13.0,23.5,16.0,13.0
03/11/2020,,22.0,23.0,30.0,,20.0,,,29.0,,30.0,27.0,21.0,,24.0,10.0,27.0,21.0,18.5
04/11/2020,,38.0,49.0,33.0,,57.0,,,59.0,,37.0,44.0,32.0,,34.0,,33.5,32.0,44.0
05/11/2020,,46.0,55.0,40.0,,45.0,,,54.0,,41.0,55.0,42.0,,42.0,49.0,41.0,42.0,52.0
06/11/2020,,67.0,66.0,60.0,,50.0,,,61.0,,64.0,53.0,74.0,,43.0,48.0,51.5,74.0,50.5
07/11/2020,,75.0,85.0,41.0,,70.0,,,98.0,,59.0,89.0,59.0,,69.0,91.0,55.0,59.0,90.0
08/11/2020,,,37.0,31.0,,42.0,,,44.0,,29.0,47.0,35.0,,38.0,34.0,34.5,35.0,40.5
09/11/2020,,,39.0,30.0,,38.0,,,51.0,,34.0,52.0,26.0,,31.0,38.0,30.5,26.0,45.0
10/11/2020,,,39.0,28.0,,42.0,,,52.0,,33.0,51.0,29.0,,32.0,42.0,30.0,29.0,46.5
11/11/2020,,,39.0,33.0,,56.0,,,63.0,,47.0,54.0,44.0,,36.0,42.0,34.5,44.0,48.0
12/11/2020,,,50.0,25.0,,51.0,,,59.0,,34.0,59.0,48.0,,55.0,42.0,40.0,48.0,50.5
13/11/2020,,,34.0,,,40.0,,,47.0,,27.0,40.0,25.0,,38.0,39.0,38.0,25.0,39.5
14/11/2020,,43.0,51.0,34.0,,60.0,,,57.0,,38.0,62.0,33.0,,31.0,50.0,32.5,33.0,56.0
15/11/2020,,37.0,41.0,26.0,,41.0,,,48.0,,24.0,66.0,19.0,,42.0,,34.0,19.0,66.0
16/11/2020,,13.0,22.0,20.0,,13.0,,,26.0,,16.0,51.0,16.0,,21.0,,20.5,16.0,51.0
17/11/2020,,11.0,14.0,11.0,,12.0,,,17.0,,10.0,24.0,12.0,,17.0,,14.0,12.0,24.0
18/11/2020,,17.0,25.0,14.0,,14.0,,,20.0,,13.0,23.0,14.0,,22.0,,18.0,14.0,23.0
19/11/2020,,25.0,22.0,21.0,,,,,35.0,,22.0,36.0,21.0,,26.0,,23.5,21.0,36.0
20/11/2020,,31.0,43.0,26.0,,41.0,,,42.0,,29.0,76.0,29.0,,27.0,,26.5,29.0,76.0
21/11/2020,,15.0,22.0,12.0,,16.0,,,16.0,,10.0,30.0,14.0,,17.0,,14.5,14.0,30.0
22/11/2020,,24.0,29.0,16.0,,33.0,,,54.0,,20.0,37.0,20.0,,13.0,,14.5,20.0,37.0
23/11/2020,,30.0,30.0,26.0,,19.0,,,35.0,,31.0,55.0,24.0,,43.0,,34.5,24.0,55.0
24/11/2020,,38.0,46.0,31.0,,39.0,,,40.0,,26.0,46.0,21.0,,39.0,,35.0,21.0,46.0
25/11/2020,,30.0,37.0,24.0,,57.0,,,52.0,,30.0,61.0,35.0,,46.0,,35.0,35.0,61.0
26/11/2020,,28.0,31.0,22.0,,51.0,,,42.0,,22.0,64.0,29.0,,35.0,,28.5,29.0,64.0
27/11/2020,,33.0,32.0,24.0,,45.0,,,48.0,,25.0,66.0,12.0,,35.0,,29.5,12.0,66.0
28/11/2020,,47.0,46.0,36.0,,42.0,,,49.0,,32.0,101.0,23.0,,38.0,,37.0,23.0,101.0
29/11/2020,,49.0,51.0,33.0,,46.0,,,52.0,,34.0,65.0,38.0,,47.0,,40.0,38.0,65.0
30/11/2020,,51.0,37.0,45.0,,62.0,,,58.0,,52.0,78.0,53.0,,50.0,,47.5,53.0,78.0
01/12/2020,,35.0,,28.0,,39.0,,,43.0,,34.0,39.0,33.0,,28.0,,28.0,33.0,39.0
02/12/2020,,24.0,25.0,22.0,,20.0,,,27.0,,21.0,24.0,20.0,,23.0,,22.5,20.0,24.0
03/12/2020,,33.0,30.0,16.0,,35.0,,,38.0,,19.0,52.0,21.0,,24.0,,20.0,21.0,52.0
04/12/2020,,21.0,35.0,16.0,,24.0,,,40.0,,20.0,74.0,15.0,,25.0,,20.5,15.0,74.0
05/12/2020,,22.0,46.0,17.0,,23.0,,,29.0,,19.0,20.0,11.0,,22.0,24.0,19.5,11.0,22.0
06/12/2020,,21.0,,25.0,,28.0,,,32.0,,15.0,41.0,20.0,,19.0,25.0,22.0,20.0,33.0
07/12/2020,,53.0,,49.0,,39.0,,,51.0,,61.0,50.0,57.0,,51.0,48.0,50.0,57.0,49.0
08/12/2020,,44.0,54.0,40.0,,49.0,,,54.0,,38.0,49.0,39.0,,46.0,44.0,43.0,39.0,46.5
09/12/2020,,41.0,44.0,30.0,,35.0,,,43.0,,37.0,56.0,36.0,,46.0,40.0,38.0,36.0,48.0
10/12/2020,,31.0,38.0,28.0,,33.0,,,43.0,,30.0,50.0,31.0,,29.0,38.0,28.5,31.0,44.0
11/12/2020,,34.0,48.0,34.0,,53.0,,,59.0,,36.0,52.0,35.0,,29.0,41.0,31.5,35.0,46.5
12/12/2020,,81.0,,56.0,,59.0,,,68.0,,44.0,62.0,36.0,,97.0,189.0,76.5,36.0,125.5
13/12/2020,,24.0,,19.0,,29.0,,,35.0,,21.0,24.0,14.0,,32.0,25.0,25.5,14.0,24.5
14/12/2020,,38.0,,25.0,,29.0,,,40.0,,30.0,48.0,35.0,,32.0,39.0,28.5,35.0,43.5
15/12/2020,,25.0,,28.0,,28.0,,,39.0,,25.0,37.0,21.0,,35.0,34.0,31.5,21.0,35.5
16/12/2020,,36.0,,35.0,,36.0,,,39.0,,33.0,43.0,38.0,,35.0,47.0,35.0,38.0,45.0
17/12/2020,,44.0,,29.0,,48.0,,,50.0,,35.0,56.0,32.0,,35.0,48.0,32.0,32.0,52.0
18/12/2020,,36.0,,28.0,,45.0,,,47.0,,27.0,49.0,38.0,,39.0,39.0,33.5,38.0,44.0
19/12/2020,,31.0,,34.0,,42.0,,,42.0,,39.0,63.0,33.0,,35.0,42.0,34.5,33.0,52.5
20/12/2020,,31.0,,33.0,,40.0,,,39.0,,29.0,43.0,27.0,,28.0,34.0,30.5,27.0,38.5
21/12/2020,,50.0,,36.0,,51.0,,,58.0,,38.0,72.0,53.0,,44.0,69.0,40.0,53.0,70.5
22/12/2020,,36.0,,31.0,,56.0,,,52.0,,36.0,52.0,35.0,,36.0,59.0,33.5,35.0,55.5
23/12/2020,,41.0,,42.0,,50.0,,,55.0,,37.0,58.0,39.0,,77.0,61.0,59.5,39.0,59.5
24/12/2020,,54.0,,45.0,,56.0,,,47.0,,66.0,62.0,48.0,,114.0,51.0,79.5,48.0,56.5
25/12/2020,,62.0,,59.0,,73.0,,,84.0,,69.0,82.0,75.0,,60.0,74.0,59.5,75.0,78.0
26/12/2020,,41.0,,51.0,,41.0,,,57.0,,41.0,59.0,27.0,,55.0,55.0,53.0,27.0,57.0
27/12/2020,,26.0,,24.0,,27.0,,,39.0,,22.0,43.0,21.0,,34.0,39.0,29.0,21.0,41.0
28/12/2020,,25.0,,25.0,,32.0,,,44.0,,26.0,54.0,24.0,,44.0,33.0,34.5,24.0,43.5
29/12/2020,,34.0,,43.0,,49.0,,,89.0,,44.0,62.0,44.0,,41.0,101.0,42.0,44.0,81.5
30/12/2020,,31.0,,31.0,,36.0,,,55.0,,25.0,52.0,26.0,,34.0,36.0,32.5,26.0,44.0
31/12/2020,,20.0,,19.0,,22.0,,,18.0,,46.0,32.0,19.0,,18.0,21.0,18.5,19.0,26.5
01/01/2021,,63.0,,51.0,,54.0,,,75.0,,66.0,112.0,56.0,,75.0,80.0,63.0,56.0,96.0
02/01/2021,,42.0,,31.0,,47.0,,,45.0,,25.0,49.0,33.0,,35.0,51.0,33.0,33.0,50.0
03/01/2021,,28.0,,31.0,,59.0,,,30.0,,19.0,24.0,17.0,,26.0,31.0,28.5,17.0,27.5
04/01/2021,,41.0,,38.0,,,,,55.0,,31.0,56.0,42.0,,52.0,45.0,45.0,42.0,50.5
05/01/2021,,33.0,,37.0,,,,,43.0,,46.0,86.0,37.0,,46.0,102.0,41.5,37.0,94.0
06/01/2021,,46.0,,38.0,,48.0,,,61.0,,31.0,51.0,31.0,,36.0,48.0,37.0,31.0,49.5
07/01/2021,,37.0,,32.0,,45.0,,,47.0,,34.0,42.0,35.0,,32.0,39.0,32.0,35.0,40.5
08/01/2021,,32.0,,31.0,,42.0,,,57.0,,27.0,65.0,28.0,,34.0,47.0,32.5,28.0,56.0
09/01/2021,,38.0,,42.0,,51.0,,,57.0,,36.0,55.0,40.0,,31.0,39.0,36.5,40.0,47.0
10/01/2021,,18.0,,19.0,,23.0,,,27.0,,30.0,23.0,12.0,,20.0,23.0,19.5,12.0,23.0
11/01/2021,,22.0,,18.0,,41.0,,,29.0,,22.0,28.0,20.0,,24.0,42.0,21.0,20.0,35.0
12/01/2021,,17.0,,18.0,,24.0,,,23.0,,16.0,16.0,14.0,,16.0,22.0,17.0,14.0,19.0
13/01/2021,,32.0,,30.0,,44.0,,,43.0,,31.0,82.0,38.0,,126.0,89.0,78.0,38.0,85.5
14/01/2021,,30.0,,25.0,,36.0,,,38.0,,29.0,44.0,21.0,,31.0,38.0,28.0,21.0,41.0
15/01/2021,,41.0,,37.0,,44.0,,,51.0,,43.0,53.0,37.0,,35.0,46.0,36.0,37.0,49.5
16/01/2021,,33.0,,29.0,,51.0,,,44.0,,27.0,48.0,28.0,,37.0,73.0,33.0,28.0,60.5
17/01/2021,,16.0,,15.0,,14.0,,,25.0,,22.0,18.0,21.0,,31.0,24.0,23.0,21.0,21.0
18/01/2021,,39.0,,26.0,,42.0,,,51.0,,29.0,55.0,39.0,,65.0,59.0,45.5,39.0,57.0
19/01/2021,,36.0,,23.0,,37.0,,,42.0,,27.0,51.0,33.0,,65.0,47.0,44.0,33.0,49.0
20/01/2021,,47.0,,38.0,,62.0,,,63.0,,37.0,67.0,33.0,,,16.0,38.0,33.0,41.5
21/01/2021,,36.0,39.0,22.0,,34.0,,,51.0,,21.0,40.0,24.0,,,,22.0,24.0,40.0
22/01/2021,,25.0,53.0,26.0,,45.0,,,39.0,,29.0,57.0,28.0,,,,26.0,28.0,57.0
23/01/2021,,31.0,39.0,29.0,,58.0,,,46.0,,36.0,89.0,30.0,,,,29.0,30.0,89.0
24/01/2021,,34.0,43.0,27.0,,38.0,,,40.0,,26.0,38.0,26.0,,,,27.0,26.0,38.0
25/01/2021,,29.0,43.0,23.0,,37.0,,,47.0,,21.0,40.0,20.0,,,,23.0,20.0,40.0
26/01/2021,,24.0,33.0,24.0,,36.0,,,40.0,,18.0,43.0,20.0,,,,24.0,20.0,43.0
27/01/2021,,52.0,67.0,42.0,,49.0,,,51.0,,40.0,67.0,34.0,,,,42.0,34.0,67.0
28/01/2021,,30.0,25.0,20.0,,17.0,,,22.0,,18.0,37.0,22.0,,24.0,,22.0,22.0,37.0
29/01/2021,,36.0,43.0,29.0,,38.0,,,49.0,,34.0,55.0,41.0,,33.0,,31.0,41.0,55.0
30/01/2021,,33.0,44.0,39.0,,45.0,,,58.0,,27.0,46.0,30.0,,45.0,,42.0,30.0,46.0
31/01/2021,,36.0,38.0,31.0,,46.0,,,48.0,,27.0,49.0,23.0,,50.0,,40.5,23.0,49.0
01/02/2021,,18.0,27.0,22.0,,15.0,,,26.0,,20.0,18.0,23.0,,24.0,,23.0,23.0,18.0
02/02/2021,,69.0,64.0,54.0,,70.0,,,78.0,,59.0,54.0,39.0,,47.0,,50.5,39.0,54.0
03/02/2021,,47.0,37.0,27.0,,52.0,,,58.0,,32.0,53.0,20.0,,39.0,,33.0,20.0,53.0
04/02/2021,,57.0,56.0,36.0,,46.0,,,68.0,,37.0,80.0,20.0,,59.0,,47.5,20.0,80.0
05/02/2021,,41.0,63.0,42.0,,61.0,,,67.0,,37.0,106.0,41.0,,54.0,,48.0,41.0,106.0
06/02/2021,,29.0,40.0,33.0,,35.0,,,45.0,,27.0,70.0,26.0,,39.0,,36.0,26.0,70.0
07/02/2021,,48.0,45.0,46.0,,43.0,,,51.0,,44.0,50.0,35.0,,46.0,,46.0,35.0,50.0
08/02/2021,,20.0,32.0,24.0,,33.0,,,48.0,,16.0,50.0,14.0,,34.0,,29.0,14.0,50.0
09/02/2021,,46.0,40.0,44.0,,41.0,,,42.0,,30.0,62.0,30.0,,39.0,,41.5,30.0,62.0
10/02/2021,,27.0,36.0,27.0,,32.0,,,43.0,,26.0,65.0,25.0,,33.0,,30.0,25.0,65.0
11/02/2021,,21.0,46.0,21.0,,35.0,,,39.0,,23.0,34.0,17.0,,30.0,,25.5,17.0,34.0
12/02/2021,,16.0,38.0,15.0,,27.0,,,33.0,,17.0,21.0,13.0,,22.0,,18.5,13.0,21.0
13/02/2021,,20.0,16.0,27.0,,23.0,,,20.0,,26.0,50.0,15.0,,32.0,,29.5,15.0,50.0
14/02/2021,,20.0,24.0,28.0,,15.0,,,22.0,,18.0,43.0,15.0,,26.0,,27.0,15.0,43.0
15/02/2021,,16.0,26.0,40.0,,28.0,,,24.0,,23.0,65.0,20.0,,28.0,,34.0,20.0,65.0
16/02/2021,,19.0,39.0,28.0,,25.0,,,40.0,,25.0,36.0,16.0,,27.0,,27.5,16.0,36.0
17/02/2021,,19.0,23.0,27.0,,21.0,,,24.0,,19.0,,27.0,,36.0,,31.5,27.0,
18/02/2021,,30.0,47.0,43.0,,38.0,,,46.0,,31.0,,28.0,,45.0,,44.0,28.0,
19/02/2021,,65.0,71.0,65.0,,98.0,,,80.0,,63.0,,71.0,,56.0,,60.5,71.0,
20/02/2021,,47.0,57.0,50.0,,52.0,,,54.0,,41.0,,27.0,,43.0,,46.5,27.0,
21/02/2021,,35.0,41.0,42.0,,42.0,,,40.0,,34.0,,51.0,,52.0,,47.0,51.0,
22/02/2021,,49.0,69.0,57.0,,117.0,,,122.0,,48.0,,37.0,,47.0,,52.0,37.0,
23/02/2021,,38.0,63.0,47.0,,45.0,,,55.0,,38.0,,40.0,,38.0,,42.5,40.0,
24/02/2021,,32.0,46.0,42.0,,,,,45.0,,31.0,,29.0,,54.0,,48.0,29.0,
25/02/2021,,30.0,40.0,41.0,,,,,46.0,,31.0,,41.0,,40.0,37.0,40.5,41.0,37.0
26/02/2021,,52.0,53.0,45.0,,,,,57.0,,42.0,,34.0,,71.0,81.0,58.0,34.0,81.0
27/02/2021,,42.0,95.0,56.0,,55.0,,,52.0,,39.0,,40.0,,55.0,54.0,55.5,40.0,54.0
28/02/2021,,35.0,47.0,38.0,,46.0,,,51.0,,32.0,,34.0,,49.0,39.0,43.5,34.0,39.0
01/03/2021,,32.0,73.0,58.0,,54.0,,,55.0,,31.0,,32.0,,50.0,46.0,54.0,32.0,46.0
02/03/2021,,44.0,50.0,59.0,,51.0,,,52.0,,69.0,,52.0,,47.0,50.0,53.0,52.0,50.0
03/03/2021,,35.0,45.0,49.0,,46.0,,,50.0,,37.0,,35.0,,44.0,45.0,46.5,35.0,45.0
04/03/2021,,29.0,45.0,33.0,,55.0,,,53.0,,27.0,,,,38.0,91.0,35.5,,91.0
05/03/2021,,46.0,46.0,32.0,,52.0,,,52.0,,36.0,,,,45.0,48.0,38.5,,48.0
06/03/2021,,45.0,58.0,45.0,,48.0,,,59.0,,49.0,,,,51.0,53.0,48.0,,53.0
07/03/2021,,45.0,50.0,40.0,,45.0,,,49.0,,44.0,,,,41.0,44.0,40.5,,44.0
08/03/2021,,48.0,66.0,49.0,,73.0,,,72.0,,50.0,,,,49.0,58.0,49.0,,58.0
09/03/2021,,34.0,57.0,29.0,,62.0,,,54.0,,38.0,,,,33.0,39.0,31.0,,39.0
10/03/2021,,37.0,37.0,52.0,,42.0,,,67.0,,32.0,,,,48.0,57.0,50.0,,57.0
11/03/2021,,59.0,63.0,52.0,,67.0,,,66.0,,40.0,,33.0,,57.0,57.0,54.5,33.0,57.0
12/03/2021,,42.0,52.0,43.0,,39.0,,,44.0,,39.0,,36.0,,48.0,39.0,45.5,36.0,39.0
13/03/2021,,46.0,63.0,67.0,,53.0,,,58.0,,52.0,,57.0,,50.0,53.0,58.5,57.0,53.0
14/03/2021,,38.0,57.0,47.0,,44.0,,,40.0,,40.0,,35.0,,54.0,38.0,50.5,35.0,38.0
15/03/2021,,36.0,49.0,43.0,,41.0,,,48.0,,30.0,,31.0,,50.0,33.0,46.5,31.0,33.0
16/03/2021,,33.0,37.0,42.0,,46.0,,,51.0,,28.0,,28.0,,64.0,41.0,53.0,28.0,41.0
17/03/2021,,28.0,46.0,35.0,,29.0,,,37.0,,25.0,,32.0,,41.0,29.0,38.0,32.0,29.0
18/03/2021,,28.0,38.0,33.0,,31.0,,,88.0,,31.0,,41.0,,35.0,35.0,34.0,41.0,35.0
19/03/2021,,47.0,54.0,41.0,,52.0,,,53.0,,45.0,,44.0,,52.0,52.0,46.5,44.0,52.0
20/03/2021,,45.0,61.0,44.0,,53.0,,,55.0,,45.0,,48.0,,50.0,56.0,47.0,48.0,56.0
21/03/2021,,32.0,50.0,37.0,,51.0,,,44.0,,34.0,,35.0,,46.0,42.0,41.5,35.0,42.0
22/03/2021,,28.0,37.0,28.0,,35.0,,,33.0,,24.0,,21.0,,34.0,30.0,31.0,21.0,30.0
23/03/2021,,32.0,33.0,31.0,,35.0,,,79.0,,19.0,,27.0,,34.0,37.0,32.5,27.0,37.0
24/03/2021,,30.0,45.0,40.0,,51.0,,,38.0,,41.0,,25.0,,36.0,38.0,38.0,25.0,38.0
25/03/2021,,41.0,44.0,54.0,,50.0,,,54.0,,36.0,,17.0,,58.0,51.0,56.0,17.0,51.0
26/03/2021,,49.0,52.0,58.0,,49.0,,,62.0,,52.0,,,,58.0,49.0,58.0,,49.0
27/03/2021,,49.0,68.0,,,58.0,,,56.0,,76.0,,,,62.0,47.0,62.0,,47.0
28/03/2021,,48.0,126.0,,,90.0,,,50.0,,61.0,,,,92.0,62.0,92.0,,62.0
29/03/2021,,32.0,30.0,,,30.0,,,40.0,,28.0,,,,32.0,34.0,32.0,,34.0
30/03/2021,,38.0,54.0,37.0,,46.0,,,53.0,,37.0,,,,41.0,41.0,39.0,,41.0
31/03/2021,,34.0,42.0,40.0,,50.0,,,38.0,,36.0,,,,49.0,55.0,44.5,,55.0
01/04/2021,,19.0,26.0,27.0,,17.0,,,21.0,,19.0,,,,28.0,20.0,27.5,,20.0
02/04/2021,,11.0,20.0,18.0,,10.0,,,12.0,,12.0,,,,17.0,10.0,17.5,,10.0
03/04/2021,,32.0,39.0,30.0,,36.0,,,35.0,,29.0,,,,22.0,29.0,26.0,,29.0
04/04/2021,,33.0,46.0,26.0,,47.0,,,38.0,,29.0,,,,31.0,35.0,28.5,,35.0
05/04/2021,,44.0,50.0,33.0,,36.0,,,39.0,,35.0,,,,39.0,29.0,36.0,,29.0
06/04/2021,,23.0,36.0,31.0,,30.0,,,36.0,,22.0,,,,38.0,39.0,34.5,,39.0
07/04/2021,,29.0,45.0,25.0,,34.0,,,49.0,,20.0,,,,30.0,31.0,27.5,,31.0
08/04/2021,,38.0,46.0,34.0,,49.0,,,44.0,,23.0,,,,41.0,41.0,37.5,,41.0
09/04/2021,,27.0,39.0,38.0,,47.0,,,42.0,,34.0,,,,33.0,40.0,35.5,,40.0
10/04/2021,,31.0,37.0,38.0,,33.0,,,36.0,,32.0,,,,34.0,47.0,36.0,,47.0
11/04/2021,,31.0,44.0,54.0,,42.0,,,38.0,,30.0,,,,47.0,43.0,50.5,,43.0
12/04/2021,,39.0,52.0,59.0,,52.0,,,50.0,,45.0,,,,87.0,81.0,73.0,,81.0
13/04/2021,,46.0,60.0,48.0,,56.0,,,62.0,,39.0,,,,62.0,67.0,55.0,,67.0
14/04/2021,,49.0,63.0,41.0,,,,,54.0,,41.0,,,,45.0,64.0,43.0,,64.0
15/04/2021,,27.0,41.0,55.0,,,,,38.0,,26.0,,,,29.0,37.0,42.0,,37.0
16/04/2021,,38.0,66.0,50.0,,,,,39.0,,36.0,,,,46.0,56.0,48.0,,56.0
17/04/2021,,39.0,54.0,55.0,,,,,49.0,,41.0,,,,50.0,49.0,52.5,,49.0
18/04/2021,,46.0,63.0,45.0,,,,,62.0,,41.0,,,,62.0,78.0,53.5,,78.0
19/04/2021,,31.0,54.0,43.0,,,,,42.0,,50.0,,,,42.0,49.0,42.5,,49.0
20/04/2021,,46.0,54.0,47.0,,,,,56.0,,88.0,,,,46.0,45.0,46.5,,45.0
21/04/2021,,72.0,79.0,80.0,,,,,69.0,,74.0,,,,82.0,98.0,81.0,,98.0
22/04/2021,,53.0,62.0,80.0,,,,,56.0,,54.0,,,,62.0,63.0,71.0,,63.0
23/04/2021,,50.0,61.0,65.0,,,,,53.0,,62.0,,,,61.0,67.0,63.0,,67.0
24/04/2021,,49.0,57.0,64.0,,,,,72.0,,61.0,,,,64.0,64.0,64.0,,64.0
25/04/2021,,48.0,,73.0,,,,,56.0,,44.0,,,,67.0,67.0,70.0,,67.0
26/04/2021,,45.0,,52.0,,,,,56.0,,44.0,,,,52.0,59.0,52.0,,59.0
27/04/2021,,49.0,55.0,47.0,,,,,50.0,,43.0,,,,49.0,55.0,48.0,,55.0
28/04/2021,,37.0,53.0,52.0,,,,,40.0,,38.0,,,,48.0,61.0,50.0,,61.0
29/04/2021,,47.0,57.0,47.0,,,,,52.0,,43.0,,,,46.0,66.0,46.5,,66.0
30/04/2021,,50.0,69.0,56.0,,,,,66.0,,47.0,,,,54.0,67.0,55.0,,67.0
01/05/2021,,53.0,53.0,44.0,,,,,53.0,,46.0,,,,57.0,54.0,50.5,,54.0
02/05/2021,,41.0,43.0,39.0,,,,,45.0,,45.0,,,,39.0,40.0,39.0,,40.0
03/05/2021,,30.0,51.0,47.0,,,,,42.0,,26.0,,,,54.0,32.0,50.5,,32.0
04/05/2021,,28.0,52.0,40.0,,,,,35.0,,27.0,,28.0,,38.0,44.0,39.0,28.0,44.0
05/05/2021,,46.0,56.0,47.0,,,,,56.0,,,,50.0,,53.0,63.0,50.0,50.0,63.0
06/05/2021,,41.0,47.0,31.0,,,,,39.0,,,,43.0,,29.0,,30.0,43.0,
07/05/2021,,26.0,33.0,22.0,,,,,24.0,,29.0,,26.0,,27.0,,24.5,26.0,
08/05/2021,,40.0,47.0,30.0,,,,,40.0,,33.0,54.0,31.0,,32.0,,31.0,31.0,54.0
09/05/2021,,31.0,38.0,35.0,,,,,39.0,,32.0,53.0,33.0,,34.0,,34.5,33.0,53.0
10/05/2021,,37.0,51.0,40.0,,,,,44.0,,45.0,80.0,43.0,,40.0,,40.0,43.0,80.0
11/05/2021,,47.0,49.0,48.0,,,,,48.0,,42.0,52.0,46.0,,42.0,,45.0,46.0,52.0
12/05/2021,,32.0,45.0,26.0,,,,,45.0,,31.0,66.0,37.0,,30.0,,28.0,37.0,66.0
13/05/2021,,23.0,42.0,20.0,,,,,26.0,,19.0,22.0,17.0,,27.0,29.0,23.5,17.0,25.5
14/05/2021,,20.0,24.0,14.0,,,,,14.0,,21.0,18.0,16.0,,16.0,17.0,15.0,16.0,17.5
15/05/2021,,40.0,58.0,32.0,,,,,41.0,,34.0,40.0,40.0,,29.0,40.0,30.5,40.0,40.0
16/05/2021,,26.0,32.0,28.0,,,,,19.0,,17.0,44.0,20.0,,22.0,21.0,25.0,20.0,32.5
17/05/2021,,26.0,27.0,21.0,,,,,28.0,,21.0,39.0,17.0,,25.0,31.0,23.0,17.0,35.0
18/05/2021,,31.0,39.0,24.0,,,,,31.0,,28.0,45.0,24.0,,29.0,29.0,26.5,24.0,37.0
19/05/2021,,35.0,49.0,27.0,,,,,36.0,,25.0,34.0,25.0,,28.0,32.0,27.5,25.0,33.0
20/05/2021,,30.0,,22.0,,,,,37.0,,26.0,66.0,27.0,,25.0,33.0,23.5,27.0,49.5
21/05/2021,,37.0,28.0,35.0,,,,,39.0,,30.0,53.0,27.0,,31.0,50.0,33.0,27.0,51.5
22/05/2021,,30.0,56.0,34.0,,,,,29.0,,27.0,119.0,29.0,,30.0,25.0,32.0,29.0,72.0
23/05/2021,,38.0,56.0,39.0,,,,,35.0,,33.0,46.0,36.0,,43.0,33.0,41.0,36.0,39.5
24/05/2021,,24.0,29.0,34.0,,,,,26.0,,27.0,40.0,30.0,,34.0,31.0,34.0,30.0,35.5
25/05/2021,,28.0,31.0,32.0,,,,,29.0,,25.0,43.0,37.0,,40.0,44.0,36.0,37.0,43.5
26/05/2021,,46.0,58.0,28.0,,,,,43.0,,37.0,41.0,35.0,,41.0,44.0,34.5,35.0,42.5
27/05/2021,,31.0,35.0,29.0,,,,,34.0,,29.0,32.0,22.0,,36.0,29.0,32.5,22.0,30.5
28/05/2021,,43.0,58.0,33.0,,,,,46.0,,35.0,66.0,37.0,,39.0,47.0,36.0,37.0,56.5
29/05/2021,,41.0,44.0,43.0,,,,,38.0,,40.0,82.0,34.0,,40.0,50.0,41.5,34.0,66.0
30/05/2021,,32.0,41.0,24.0,,,,,28.0,,23.0,38.0,23.0,,65.0,34.0,44.5,23.0,36.0
31/05/2021,,40.0,30.0,41.0,,,,,37.0,,33.0,41.0,28.0,,33.0,41.0,37.0,28.0,41.0
01/06/2021,,48.0,46.0,37.0,,,,,37.0,,38.0,117.0,33.0,,34.0,19.0,35.5,33.0,68.0
02/06/2021,,41.0,32.0,33.0,,,,,29.0,,18.0,44.0,15.0,,26.0,,29.5,15.0,44.0
03/06/2021,,38.0,46.0,24.0,,,,,28.0,,26.0,55.0,26.0,,27.0,,25.5,26.0,55.0
04/06/2021,,36.0,42.0,24.0,,,,,46.0,,26.0,38.0,28.0,,28.0,,26.0,28.0,38.0
05/06/2021,,45.0,58.0,32.0,,,,,62.0,,34.0,55.0,32.0,,46.0,,39.0,32.0,55.0
06/06/2021,,37.0,40.0,23.0,,,,,40.0,,28.0,31.0,29.0,,28.0,,25.5,29.0,31.0
07/06/2021,,34.0,33.0,24.0,,,,,36.0,,25.0,38.0,21.0,,33.0,,28.5,21.0,38.0
08/06/2021,,34.0,47.0,28.0,,,,,35.0,,33.0,45.0,32.0,,34.0,,31.0,32.0,45.0
09/06/2021,,60.0,58.0,47.0,,,,,57.0,,48.0,74.0,48.0,,79.0,,63.0,48.0,74.0
10/06/2021,,28.0,,20.0,,,,,34.0,,21.0,33.0,21.0,,26.0,,23.0,21.0,33.0
11/06/2021,,31.0,,26.0,,,,,27.0,,27.0,38.0,39.0,,36.0,,31.0,39.0,38.0
12/06/2021,,23.0,,27.0,,,,,24.0,,28.0,31.0,24.0,,25.0,,26.0,24.0,31.0
13/06/2021,,41.0,,28.0,,,,,35.0,,33.0,49.0,28.0,,39.0,,33.5,28.0,49.0
14/06/2021,,15.0,,11.0,,,,,11.0,,16.0,10.0,14.0,,22.0,,16.5,14.0,10.0
15/06/2021,,15.0,,,,,,,15.0,,24.0,11.0,16.0,,12.0,,12.0,16.0,11.0
16/06/2021,,17.0,,15.0,,,,,11.0,,16.0,19.0,20.0,,16.0,,15.5,20.0,19.0
17/06/2021,,13.0,,13.0,,,,,13.0,,13.0,13.0,15.0,,18.0,,15.5,15.0,13.0
18/06/2021,,23.0,,19.0,,,,,19.0,,19.0,20.0,18.0,,22.0,,20.5,18.0,20.0
19/06/2021,,7.0,,10.0,,,,,7.0,,10.0,3.0,6.0,,7.0,,8.5,6.0,3.0
20/06/2021,,14.0,,17.0,,,,,13.0,,14.0,9.0,14.0,,21.0,,19.0,14.0,9.0
21/06/2021,,34.0,,24.0,,,,,23.0,,28.0,,33.0,,34.0,,29.0,33.0,
22/06/2021,,41.0,,27.0,,,,,39.0,,39.0,,43.0,,33.0,30.0,30.0,43.0,30.0
23/06/2021,,23.0,,19.0,,,,,18.0,,22.0,15.0,22.0,,17.0,16.0,18.0,22.0,15.5
24/06/2021,,42.0,57.0,28.0,,,,,40.0,,36.0,46.0,37.0,,33.0,44.0,30.5,37.0,45.0
25/06/2021,,21.0,31.0,20.0,,,,,21.0,,18.0,14.0,16.0,,22.0,19.0,21.0,16.0,16.5
26/06/2021,,14.0,23.0,12.0,,,,,12.0,,12.0,10.0,15.0,,12.0,20.0,12.0,15.0,15.0
27/06/2021,,8.0,,9.0,,,,,9.0,,7.0,4.0,11.0,,10.0,6.0,9.5,11.0,5.0
28/06/2021,,11.0,16.0,12.0,,,,,9.0,,11.0,10.0,10.0,,8.0,8.0,10.0,10.0,9.0
29/06/2021,,24.0,25.0,24.0,,,,,19.0,,34.0,3.0,29.0,,21.0,16.0,22.5,29.0,9.5
30/06/2021,,41.0,31.0,37.0,,,,,50.0,,37.0,,30.0,,31.0,23.0,34.0,30.0,23.0
01/07/2021,,35.0,25.0,27.0,,,,,31.0,,35.0,,34.0,,39.0,28.0,33.0,34.0,28.0
02/07/2021,,32.0,41.0,20.0,,,,,31.0,,26.0,,32.0,,22.0,25.0,21.0,32.0,25.0
03/07/2021,,26.0,28.0,19.0,,,,,28.0,,19.0,,17.0,,16.0,24.0,17.5,17.0,24.0
04/07/2021,,46.0,48.0,40.0,,,,,51.0,,46.0,,34.0,,47.0,47.0,43.5,34.0,47.0
05/07/2021,,46.0,51.0,28.0,,,,,53.0,,45.0,,43.0,,37.0,51.0,32.5,43.0,51.0
06/07/2021,,43.0,64.0,32.0,,,,,62.0,,35.0,64.0,33.0,,40.0,42.0,36.0,33.0,53.0
07/07/2021,,51.0,76.0,43.0,,,,,61.0,,43.0,54.0,70.0,,41.0,,42.0,70.0,54.0
08/07/2021,,36.0,47.0,38.0,,,,,47.0,,36.0,30.0,35.0,,39.0,39.0,38.5,35.0,34.5
09/07/2021,,21.0,27.0,21.0,,,,,26.0,,13.0,19.0,24.0,,24.0,19.0,22.5,24.0,19.0
10/07/2021,,50.0,44.0,34.0,,,,,40.0,,40.0,31.0,41.0,,37.0,41.0,35.5,41.0,36.0
11/07/2021,,44.0,54.0,45.0,,,,,55.0,,46.0,49.0,49.0,,44.0,51.0,44.5,49.0,50.0
12/07/2021,,40.0,49.0,34.0,,,,,42.0,,36.0,40.0,47.0,,37.0,40.0,35.5,47.0,40.0
13/07/2021,,38.0,36.0,38.0,,,,,39.0,,33.0,39.0,42.0,,41.0,43.0,39.5,42.0,41.0
14/07/2021,,40.0,33.0,16.0,,,,,30.0,,39.0,43.0,36.0,,43.0,30.0,29.5,36.0,36.5
15/07/2021,,41.0,43.0,,,,,,42.0,,41.0,41.0,36.0,,54.0,37.0,54.0,36.0,39.0
16/07/2021,,21.0,30.0,,,,,,26.0,,21.0,23.0,21.0,,25.0,17.0,25.0,21.0,20.0
17/07/2021,,49.0,52.0,,,,,,49.0,,43.0,44.0,41.0,,47.0,38.0,47.0,41.0,41.0
18/07/2021,,37.0,40.0,,,,,,39.0,,26.0,42.0,27.0,,37.0,41.0,37.0,27.0,41.5
19/07/2021,,23.0,,,,,,,23.0,,28.0,25.0,34.0,,23.0,20.0,23.0,34.0,22.5
20/07/2021,,39.0,,,,,,,38.0,,33.0,40.0,39.0,,33.0,43.0,33.0,39.0,41.5
21/07/2021,,39.0,,36.0,,,,,41.0,,41.0,47.0,28.0,,30.0,46.0,33.0,28.0,46.5
22/07/2021,,26.0,,22.0,,,,,30.0,,30.0,31.0,36.0,,24.0,36.0,23.0,36.0,33.5
23/07/2021,,44.0,,41.0,,,,,52.0,,35.0,47.0,46.0,,51.0,59.0,46.0,46.0,53.0
24/07/2021,,43.0,,39.0,,,,,56.0,,45.0,46.0,28.0,,39.0,,39.0,28.0,46.0
25/07/2021,,34.0,,28.0,,,,,34.0,,24.0,36.0,26.0,,39.0,,33.5,26.0,36.0
26/07/2021,,37.0,,27.0,,,,,28.0,,33.0,35.0,30.0,,39.0,,33.0,30.0,35.0
27/07/2021,,32.0,43.0,24.0,,,,,41.0,,30.0,42.0,37.0,,34.0,40.0,29.0,37.0,41.0
28/07/2021,,40.0,36.0,36.0,,,,,40.0,,46.0,32.0,40.0,,37.0,26.0,36.5,40.0,29.0
29/07/2021,,16.0,24.0,19.0,,,,,31.0,,27.0,,29.0,,21.0,28.0,20.0,29.0,28.0
30/07/2021,,20.0,19.0,18.0,,,,,17.0,,18.0,19.0,26.0,,23.0,11.0,20.5,26.0,15.0
31/07/2021,,34.0,46.0,38.0,,,,,43.0,,24.0,46.0,48.0,,42.0,38.0,40.0,48.0,42.0
01/08/2021,,35.0,46.0,24.0,,,,,29.0,,28.0,50.0,27.0,,44.0,47.0,34.0,27.0,48.5
02/08/2021,,46.0,46.0,28.0,,,,,,,39.0,39.0,30.0,,41.0,42.0,34.5,30.0,40.5
03/08/2021,,35.0,32.0,16.0,,,,,36.0,,21.0,26.0,36.0,,34.0,26.0,25.0,36.0,26.0
04/08/2021,,46.0,35.0,32.0,,,,,37.0,,44.0,41.0,41.0,,27.0,42.0,29.5,41.0,41.5
05/08/2021,,30.0,29.0,15.0,,,,,37.0,,21.0,31.0,25.0,,22.0,28.0,18.5,25.0,29.5
06/08/2021,,42.0,32.0,36.0,,,,,36.0,,38.0,30.0,36.0,,29.0,37.0,32.5,36.0,33.5
07/08/2021,,39.0,39.0,30.0,,,,,43.0,,38.0,40.0,37.0,,27.0,38.0,28.5,37.0,39.0
08/08/2021,,30.0,32.0,22.0,,,,,39.0,,25.0,22.0,36.0,,26.0,25.0,24.0,36.0,23.5
09/08/2021,,43.0,39.0,26.0,,,,,50.0,,36.0,39.0,35.0,,31.0,46.0,28.5,35.0,42.5
10/08/2021,,34.0,34.0,26.0,,,,,35.0,,30.0,33.0,25.0,,29.0,34.0,27.5,25.0,33.5
11/08/2021,,27.0,28.0,17.0,,,,,24.0,,27.0,33.0,37.0,,21.0,29.0,19.0,37.0,31.0
12/08/2021,,40.0,45.0,31.0,,,,,52.0,,58.0,49.0,32.0,,37.0,40.0,34.0,32.0,44.5
13/08/2021,,57.0,48.0,37.0,,,,,57.0,,44.0,45.0,40.0,,42.0,,39.5,40.0,45.0
14/08/2021,,25.0,23.0,18.0,,,,,26.0,,22.0,29.0,25.0,,26.0,,22.0,25.0,29.0
15/08/2021,,18.0,15.0,17.0,,,,,15.0,,14.0,12.0,16.0,,17.0,,17.0,16.0,12.0
16/08/2021,,25.0,24.0,24.0,,,,,23.0,,35.0,21.0,26.0,,28.0,,26.0,26.0,21.0
17/08/2021,,25.0,16.0,19.0,,,,,32.0,,22.0,28.0,35.0,,19.0,,19.0,35.0,28.0
18/08/2021,,42.0,,30.0,,,,,47.0,,38.0,48.0,49.0,,30.0,,30.0,49.0,48.0
19/08/2021,,37.0,,29.0,,,,,37.0,,34.0,44.0,33.0,,35.0,,32.0,33.0,44.0
20/08/2021,,20.0,,16.0,,,,,30.0,,19.0,31.0,13.0,,28.0,,22.0,13.0,31.0
21/08/2021,,14.0,,10.0,,,,,14.0,,8.0,18.0,13.0,,16.0,,13.0,13.0,18.0
22/08/2021,,21.0,,19.0,,,,,18.0,,15.0,24.0,15.0,,24.0,,21.5,15.0,24.0
23/08/2021,,22.0,,19.0,,,,,24.0,,19.0,27.0,28.0,,20.0,,19.5,28.0,27.0
24/08/2021,,18.0,19.0,15.0,,,,,17.0,,15.0,18.0,22.0,,18.0,,16.5,22.0,18.0
25/08/2021,,18.0,14.0,12.0,,,,,12.0,,11.0,13.0,18.0,,8.0,,10.0,18.0,13.0
26/08/2021,,18.0,26.0,23.0,,,,,22.0,,23.0,30.0,26.0,,26.0,,24.5,26.0,30.0
27/08/2021,,23.0,28.0,21.0,,,,,34.0,,19.0,27.0,27.0,,23.0,,22.0,27.0,27.0
28/08/2021,,10.0,12.0,7.0,,,,,9.0,,11.0,11.0,13.0,,8.0,,7.5,13.0,11.0
29/08/2021,,13.0,23.0,14.0,,,,,20.0,,10.0,22.0,17.0,,16.0,,15.0,17.0,22.0
30/08/2021,,25.0,23.0,20.0,,,,,23.0,,18.0,20.0,21.0,,14.0,,17.0,21.0,20.0
31/08/2021,,23.0,31.0,22.0,,,,,26.0,,19.0,19.0,21.0,,18.0,,20.0,21.0,19.0
01/09/2021,,29.0,35.0,28.0,,,,,36.0,,29.0,33.0,37.0,,26.0,,27.0,37.0,33.0
02/09/2021,,28.0,27.0,21.0,,,,,28.0,,19.0,31.0,38.0,,28.0,29.0,24.5,38.0,30.0
03/09/2021,,29.0,40.0,23.0,,,,,44.0,,29.0,32.0,26.0,,18.0,31.0,20.5,26.0,31.5
04/09/2021,,36.0,35.0,21.0,,,,,36.0,,31.0,37.0,46.0,,22.0,37.0,21.5,46.0,37.0
05/09/2021,,40.0,40.0,33.0,,,,,47.0,,32.0,48.0,38.0,,40.0,47.0,36.5,38.0,47.5
06/09/2021,,29.0,35.0,19.0,,,,,39.0,,22.0,26.0,26.0,,27.0,33.0,23.0,26.0,29.5
07/09/2021,,14.0,47.0,13.0,,,,,43.0,,20.0,24.0,33.0,,22.0,28.0,17.5,33.0,26.0
08/09/2021,,29.0,31.0,26.0,,,,,31.0,,28.0,37.0,,,23.0,29.0,24.5,,33.0
09/09/2021,,19.0,23.0,24.0,,,,,23.0,,27.0,22.0,,,20.0,25.0,22.0,,23.5
10/09/2021,,19.0,21.0,18.0,,,,,17.0,,16.0,19.0,,,14.0,14.0,16.0,,16.5
11/09/2021,,16.0,20.0,18.0,,,,,19.0,,19.0,17.0,,,15.0,14.0,16.5,,15.5
12/09/2021,,13.0,15.0,13.0,,,,,10.0,,14.0,11.0,,,12.0,12.0,12.5,,11.5
13/09/2021,,12.0,12.0,12.0,,,,,4.0,,10.0,8.0,,,11.0,13.0,11.5,,10.5
14/09/2021,,12.0,22.0,9.0,,,,,12.0,,15.0,13.0,,,11.0,9.0,10.0,,11.0
15/09/2021,,32.0,39.0,25.0,,,,,101.0,,29.0,130.0,,,30.0,66.0,27.5,,98.0
16/09/2021,,41.0,47.0,42.0,,,,,71.0,,32.0,84.0,,,72.0,74.0,57.0,,79.0
17/09/2021,,48.0,53.0,36.0,,,,,55.0,,45.0,60.0,44.0,,40.0,60.0,38.0,44.0,60.0
18/09/2021,,26.0,25.0,17.0,,,,,26.0,,23.0,30.0,27.0,,21.0,22.0,19.0,27.0,26.0
19/09/2021,,16.0,16.0,13.0,,,,,14.0,,13.0,13.0,12.0,,10.0,13.0,11.5,12.0,13.0
20/09/2021,,35.0,34.0,24.0,,,,,37.0,,29.0,42.0,43.0,,27.0,37.0,25.5,43.0,39.5
21/09/2021,,40.0,44.0,36.0,,,,,47.0,,44.0,62.0,47.0,,46.0,63.0,41.0,47.0,62.5
22/09/2021,,18.0,28.0,17.0,,,,,22.0,,13.0,15.0,22.0,,16.0,21.0,16.5,22.0,18.0
23/09/2021,,19.0,33.0,21.0,,,,,23.0,,24.0,20.0,29.0,,17.0,22.0,19.0,29.0,21.0
24/09/2021,,26.0,30.0,27.0,,,,,42.0,,21.0,28.0,28.0,,34.0,41.0,30.5,28.0,34.5
25/09/2021,,40.0,62.0,32.0,,,,,53.0,,39.0,66.0,44.0,,41.0,59.0,36.5,44.0,62.5
26/09/2021,,38.0,60.0,37.0,,,,,48.0,,27.0,60.0,30.0,,41.0,58.0,39.0,30.0,59.0
27/09/2021,,22.0,69.0,20.0,,,,,27.0,,20.0,20.0,21.0,,22.0,27.0,21.0,21.0,23.5
28/09/2021,,42.0,45.0,23.0,,,,,46.0,,30.0,50.0,31.0,,34.0,44.0,28.5,31.0,47.0
29/09/2021,,55.0,86.0,36.0,,,,,60.0,,,47.0,49.0,,50.0,61.0,43.0,49.0,54.0
30/09/2021,,58.0,56.0,41.0,,,,,59.0,,,67.0,31.0,,53.0,,47.0,31.0,67.0
01/10/2021,,22.0,36.0,16.0,,,,,27.0,,,23.0,33.0,,25.0,,20.5,33.0,23.0
02/10/2021,,40.0,43.0,39.0,,,,,43.0,,44.0,62.0,58.0,,33.0,,36.0,58.0,62.0
03/10/2021,,34.0,29.0,24.0,,,,,28.0,,24.0,41.0,30.0,,23.0,,23.5,30.0,41.0
04/10/2021,,19.0,37.0,18.0,,,,,15.0,,33.0,22.0,20.0,,17.0,,17.5,20.0,22.0
05/10/2021,,13.0,29.0,15.0,,,,,10.0,,15.0,15.0,10.0,,13.0,12.0,14.0,10.0,13.5
06/10/2021,,23.0,30.0,29.0,,,,,23.0,,18.0,32.0,21.0,,36.0,23.0,32.5,21.0,27.5
07/10/2021,,36.0,51.0,29.0,,,,,40.0,,29.0,15.0,41.0,,32.0,40.0,30.5,41.0,27.5
08/10/2021,,21.0,29.0,16.0,,,,,37.0,,18.0,,18.0,,19.0,30.0,17.5,18.0,30.0
09/10/2021,,36.0,50.0,,,,,,42.0,,33.0,,31.0,,37.0,64.0,37.0,31.0,64.0
10/10/2021,,15.0,,,,,,,20.0,,,,13.0,,16.0,18.0,16.0,13.0,18.0
11/10/2021,,34.0,,,,,,,41.0,,,,35.0,,34.0,40.0,34.0,35.0,40.0
12/10/2021,,20.0,,,,,,,42.0,,,,33.0,,27.0,41.0,27.0,33.0,41.0
13/10/2021,,26.0,,,,,,,50.0,,,36.0,21.0,,27.0,20.0,27.0,21.0,28.0
14/10/2021,,29.0,,,,,,,49.0,,,48.0,28.0,,30.0,34.0,30.0,28.0,41.0
15/10/2021,,38.0,,,,,,,56.0,,,49.0,25.0,,40.0,40.0,40.0,25.0,44.5
16/10/2021,,23.0,,,,,,,25.0,,,23.0,17.0,,19.0,17.0,19.0,17.0,20.0
17/10/2021,,11.0,,,,,,,10.0,,,8.0,8.0,,8.0,12.0,8.0,8.0,10.0
18/10/2021,,34.0,,,,,,,34.0,,,30.0,20.0,,26.0,31.0,26.0,20.0,30.5
19/10/2021,,25.0,26.0,,,,,,37.0,,,41.0,23.0,,28.0,33.0,28.0,23.0,37.0
20/10/2021,,62.0,66.0,,,,,,77.0,,,84.0,42.0,,67.0,84.0,67.0,42.0,84.0
21/10/2021,,19.0,23.0,,,,,,24.0,,,23.0,24.0,,23.0,15.0,23.0,24.0,19.0
22/10/2021,,17.0,16.0,,,,,,18.0,,,19.0,14.0,,17.0,14.0,17.0,14.0,16.5
23/10/2021,,37.0,47.0,,,,,,56.0,,,62.0,34.0,,43.0,58.0,43.0,34.0,60.0
24/10/2021,,22.0,30.0,,,,,,20.0,,,23.0,29.0,,20.0,23.0,20.0,29.0,23.0
25/10/2021,,34.0,35.0,,,,,,30.0,,,37.0,20.0,,24.0,34.0,24.0,20.0,35.5
26/10/2021,,27.0,38.0,,,,,,35.0,,18.0,27.0,,,17.0,35.0,17.0,,31.0
27/10/2021,,15.0,26.0,,,,,,14.0,,19.0,18.0,,,24.0,17.0,24.0,,17.5
28/10/2021,,42.0,49.0,,,,,,41.0,,45.0,52.0,,,44.0,39.0,44.0,,45.5
29/10/2021,,53.0,61.0,41.0,,,,,55.0,,56.0,75.0,,,46.0,71.0,43.5,,73.0
30/10/2021,,34.0,37.0,26.0,,,,,34.0,,32.0,61.0,,,44.0,61.0,35.0,,61.0
31/10/2021,,38.0,36.0,21.0,,,,,39.0,,23.0,58.0,,,37.0,43.0,29.0,,50.5
01/11/2021,,47.0,53.0,32.0,,,,,44.0,,43.0,41.0,,,34.0,36.0,33.0,,38.5
02/11/2021,,25.0,29.0,9.0,,,,,38.0,,22.0,42.0,,,27.0,38.0,18.0,,40.0
03/11/2021,,36.0,35.0,24.0,,,,,34.0,,29.0,43.0,,,34.0,81.0,29.0,,62.0
04/11/2021,,33.0,39.0,41.0,,,,,53.0,,35.0,49.0,,,41.0,45.0,41.0,,47.0
05/11/2021,,39.0,43.0,38.0,,,,,51.0,,37.0,47.0,,,32.0,40.0,35.0,,43.5
06/11/2021,,33.0,29.0,22.0,,,,,40.0,,22.0,32.0,,,30.0,33.0,26.0,,32.5
07/11/2021,,29.0,34.0,21.0,,,,,30.0,,24.0,31.0,,,27.0,29.0,24.0,,30.0
08/11/2021,,39.0,41.0,28.0,,,,,42.0,,34.0,37.0,,,32.0,32.0,30.0,,34.5
09/11/2021,,61.0,66.0,52.0,,,,,75.0,,54.0,68.0,,,,74.0,52.0,,71.0
10/11/2021,,47.0,82.0,33.0,,,,,48.0,,41.0,53.0,47.0,,33.0,46.0,33.0,47.0,49.5
11/11/2021,,33.0,33.0,44.0,,,,,54.0,,26.0,59.0,22.0,,44.0,48.0,44.0,22.0,53.5
12/11/2021,,26.0,29.0,39.0,,,,,30.0,,26.0,25.0,24.0,,21.0,28.0,30.0,24.0,26.5
13/11/2021,,21.0,24.0,23.0,,,,,27.0,,21.0,31.0,22.0,,24.0,27.0,23.5,22.0,29.0
14/11/2021,,27.0,35.0,23.0,,,,,24.0,,26.0,32.0,30.0,,25.0,,24.0,30.0,32.0
15/11/2021,,33.0,44.0,21.0,,,,,55.0,,23.0,42.0,32.0,,25.0,,23.0,32.0,42.0
16/11/2021,,38.0,38.0,22.0,,,,,56.0,,18.0,54.0,26.0,,29.0,,25.5,26.0,54.0
17/11/2021,,35.0,49.0,25.0,,,,,43.0,,31.0,58.0,38.0,,30.0,,27.5,38.0,58.0
18/11/2021,,,48.0,23.0,,,,,44.0,,28.0,75.0,29.0,,36.0,32.0,29.5,29.0,53.5
19/11/2021,,20.0,26.0,22.0,,,,,24.0,,22.0,26.0,16.0,,21.0,22.0,21.5,16.0,24.0
20/11/2021,,36.0,30.0,27.0,,,,,31.0,,33.0,48.0,28.0,,36.0,36.0,31.5,28.0,42.0
21/11/2021,,34.0,37.0,26.0,,,,,36.0,,32.0,67.0,29.0,,28.0,38.0,27.0,29.0,52.5
22/11/2021,,37.0,33.0,30.0,,,,,34.0,,30.0,35.0,27.0,,38.0,29.0,34.0,27.0,32.0
23/11/2021,,25.0,24.0,20.0,,,,,23.0,,21.0,31.0,27.0,,35.0,23.0,27.5,27.0,27.0
24/11/2021,,37.0,37.0,24.0,,,,,33.0,,29.0,38.0,33.0,,30.0,26.0,27.0,33.0,32.0
25/11/2021,,,48.0,43.0,,,,,53.0,,53.0,64.0,45.0,,100.0,44.0,71.5,45.0,54.0
26/11/2021,,,36.0,28.0,,,,,30.0,,28.0,44.0,33.0,,27.0,28.0,27.5,33.0,36.0
27/11/2021,,,56.0,33.0,,,,,60.0,,36.0,61.0,50.0,,39.0,39.0,36.0,50.0,50.0
28/11/2021,,,60.0,36.0,,,,,53.0,,40.0,63.0,31.0,,43.0,,39.5,31.0,63.0
29/11/2021,,,61.0,32.0,,,,,58.0,,49.0,67.0,49.0,,32.0,,32.0,49.0,67.0
30/11/2021,,,40.0,28.0,,,,,53.0,,37.0,76.0,30.0,,33.0,44.0,30.5,30.0,60.0
01/12/2021,,,34.0,28.0,,,,,42.0,,25.0,54.0,19.0,,35.0,48.0,31.5,19.0,51.0
02/12/2021,,29.0,23.0,15.0,,,,,33.0,,14.0,43.0,18.0,,26.0,36.0,20.5,18.0,39.5
03/12/2021,,47.0,34.0,32.0,,,,,41.0,,34.0,69.0,17.0,,37.0,82.0,34.5,17.0,75.5
04/12/2021,,,42.0,25.0,,,,,45.0,,26.0,55.0,18.0,,31.0,63.0,28.0,18.0,59.0
05/12/2021,,49.0,37.0,28.0,,,,,33.0,,36.0,50.0,38.0,,34.0,34.0,31.0,38.0,42.0
06/12/2021,,50.0,48.0,34.0,,,,,49.0,,41.0,66.0,40.0,,45.0,49.0,39.5,40.0,57.5
07/12/2021,,56.0,23.0,33.0,,,,,59.0,,35.0,54.0,29.0,,43.0,54.0,38.0,29.0,54.0
08/12/2021,,45.0,57.0,35.0,,,,,52.0,,35.0,78.0,36.0,,47.0,45.0,41.0,36.0,61.5
09/12/2021,,82.0,60.0,37.0,,,,,68.0,,49.0,84.0,54.0,,53.0,59.0,45.0,54.0,71.5
10/12/2021,,58.0,53.0,36.0,,,,,59.0,,49.0,97.0,28.0,,62.0,59.0,49.0,28.0,78.0
11/12/2021,,59.0,51.0,33.0,,,,,60.0,,38.0,85.0,,,50.0,51.0,41.5,,68.0
12/12/2021,,41.0,33.0,30.0,,,,,40.0,,34.0,58.0,,,36.0,45.0,33.0,,51.5
13/12/2021,,40.0,41.0,25.0,,,,,37.0,,34.0,48.0,,,29.0,36.0,27.0,,42.0
14/12/2021,,37.0,40.0,29.0,,,,,45.0,,35.0,58.0,,,35.0,44.0,32.0,,51.0
15/12/2021,,49.0,53.0,32.0,,,,,49.0,,33.0,64.0,,,41.0,46.0,36.5,,55.0
16/12/2021,,46.0,49.0,35.0,,,,,61.0,,,67.0,,,45.0,63.0,40.0,,65.0
17/12/2021,,42.0,47.0,28.0,,,,,65.0,,,84.0,,,43.0,42.0,35.5,,63.0
18/12/2021,,46.0,50.0,30.0,,,,,53.0,,,62.0,,,,43.0,30.0,,52.5
19/12/2021,,59.0,51.0,38.0,,,,,57.0,,,71.0,,,,59.0,38.0,,65.0
20/12/2021,,42.0,49.0,34.0,,,,,38.0,,42.0,53.0,,,,35.0,34.0,,44.0
21/12/2021,,53.0,59.0,45.0,,,,,54.0,,45.0,53.0,55.0,,,82.0,45.0,55.0,67.5
22/12/2021,,48.0,64.0,28.0,,,,,60.0,,34.0,71.0,30.0,,,51.0,28.0,30.0,61.0
23/12/2021,,49.0,60.0,39.0,,,,,69.0,,41.0,91.0,17.0,,,45.0,39.0,17.0,68.0
24/12/2021,,47.0,43.0,35.0,,,,,50.0,,34.0,89.0,25.0,,,56.0,35.0,25.0,72.5
25/12/2021,,126.0,95.0,81.0,,,,,115.0,,71.0,256.0,24.0,,,114.0,81.0,24.0,185.0
26/12/2021,,50.0,23.0,38.0,,,,,69.0,,37.0,54.0,22.0,,,37.0,38.0,22.0,45.5
27/12/2021,,53.0,59.0,34.0,,,,,71.0,,36.0,71.0,31.0,,,52.0,34.0,31.0,61.5
28/12/2021,,57.0,66.0,40.0,,,,,61.0,,46.0,84.0,50.0,,,46.0,40.0,50.0,65.0
29/12/2021,,32.0,36.0,26.0,,,,,43.0,,22.0,43.0,27.0,,,29.0,26.0,27.0,36.0
30/12/2021,,37.0,48.0,25.0,,,,,70.0,,32.0,89.0,31.0,,,38.0,25.0,31.0,63.5
31/12/2021,,45.0,44.0,30.0,,,,,59.0,,48.0,79.0,40.0,,,44.0,30.0,40.0,61.5
01/01/2022,,141.0,113.0,101.0,,,,,,,,,,,,,101.0,,
02/01/2022,,45.0,,42.0,,,,,,,,,,,,,42.0,,
03/01/2022,,52.0,,40.0,,,,,,,,,,,,,40.0,,
04/01/2022,,54.0,,44.0,,,,,,,,,,,,,44.0,,
05/01/2022,,43.0,,32.0,,,,,,,,,,,,,32.0,,
06/01/2022,,39.0,,34.0,,,,,,,,,,,,,34.0,,
07/01/2022,,50.0,,29.0,,,,,,,,,,,,,29.0,,
08/01/2022,,35.0,,24.0,,,,,,,,,,,,,24.0,,
09/01/2022,,33.0,,20.0,,,,,,,,,,,,,20.0,,
10/01/2022,,26.0,,21.0,,,,,,,,,,,,,21.0,,
11/01/2022,,21.0,,19.0,,,,,,,,,,,,,19.0,,
12/01/2022,,44.0,,27.0,,,,,,,,,,,,,27.0,,
13/01/2022,,33.0,,29.0,,,,,,,,,,,,,29.0,,
14/01/2022,,43.0,,32.0,,,,,,,,,,,,,32.0,,
15/01/2022,,29.0,,27.0,,,,,,,,,,,,,27.0,,
16/01/2022,,91.0,,75.0,,,,,,,,,,,,,75.0,,
17/01/2022,,39.0,,24.0,,,,,,,,,,,,,24.0,,
18/01/2022,,48.0,,27.0,,,,,,,,,,,,,27.0,,
19/01/2022,,45.0,,27.0,,,,,,,,,,,,,27.0,,
20/01/2022,,41.0,,28.0,,,,,,,,,,,,,28.0,,
21/01/2022,,30.0,,24.0,,,,,,,,,,,,,24.0,,
22/01/2022,,30.0,,29.0,,,,,,,,,,,,,29.0,,
23/01/2022,,40.0,,30.0,,,,,,,,,,,,,30.0,,
24/01/2022,,23.0,,19.0,,,,,,,,,,,,,19.0,,
25/01/2022,,24.0,,16.0,,,,,,,,,,,,,16.0,,
26/01/2022,,29.0,,20.0,,,,,,,,,,,,,20.0,,
27/01/2022,,24.0,,18.0,,,,,,,,,,,,,18.0,,
28/01/2022,,44.0,,35.0,,,,,,,,,,,,,35.0,,
29/01/2022,,35.0,,26.0,,,,,,,,,,,,,26.0,,
30/01/2022,,43.0,,27.0,,,,,,,,,,,,,27.0,,
31/01/2022,,23.0,,21.0,,,,,,,,,,,,,21.0,,
01/02/2022,,14.0,,15.0,,,,,,,,,,,,,15.0,,
02/02/2022,,27.0,,22.0,,,,,,,,,,,,,22.0,,
03/02/2022,,18.0,,16.0,,,,,,,,,,,,,16.0,,
04/02/2022,,19.0,,18.0,,,,,,,,,,,,,18.0,,
05/02/2022,,48.0,,40.0,,,,,,,,,,,,,40.0,,
06/02/2022,,27.0,,25.0,,,,,,,,,,,,,25.0,,
07/02/2022,,40.0,,23.0,,,,,,,,,,,,,23.0,,
08/02/2022,,51.0,,49.0,,,,,,,,,,,,,49.0,,
09/02/2022,,27.0,,21.0,,,,,,,,,,,,,21.0,,
10/02/2022,,17.0,,14.0,,,,,,,,,,,,,14.0,,
11/02/2022,,14.0,,10.0,,,,,,,,,,,,,10.0,,
12/02/2022,,16.0,,18.0,,,,,,,,,,,,,18.0,,
13/02/2022,,29.0,,25.0,,,,,,,,,,,,,25.0,,
14/02/2022,,37.0,,32.0,,,,,,,,,,,,,32.0,,
15/02/2022,,48.0,,37.0,,,,,,,,,,,,,37.0,,
16/02/2022,,22.0,38.0,21.0,,,,,,,,,,,,,21.0,,
17/02/2022,,36.0,50.0,21.0,,,,,,,,,,,,,21.0,,
18/02/2022,,51.0,53.0,36.0,,,,,,,,,,,,,36.0,,
19/02/2022,,50.0,60.0,45.0,,,,,,,,,,,,,45.0,,
20/02/2022,,40.0,54.0,34.0,,,,,,,,,,,,,34.0,,
21/02/2022,,33.0,47.0,33.0,,,,,,,,,,,,,33.0,,
22/02/2022,,39.0,39.0,20.0,,,,,,,,,,,,,20.0,,
23/02/2022,,31.0,36.0,,,,,,,,,,,,,,,,
24/02/2022,,44.0,52.0,54.0,,,,,,,,,,,,,54.0,,
25/02/2022,,56.0,50.0,73.0,,,,,,,,,,,,,73.0,,
26/02/2022,,37.0,49.0,54.0,,,,,,,,,,,,,54.0,,
27/02/2022,,28.0,24.0,25.0,,,,,,,,,,,,,25.0,,
28/02/2022,,52.0,60.0,42.0,,,,,,,,,,,,,42.0,,
01/03/2022,,33.0,36.0,28.0,,,,,,,,,,,,,28.0,,
02/03/2022,,28.0,44.0,34.0,,,,,,,,,,,,,34.0,,
03/03/2022,,51.0,57.0,65.0,,,,,,,,,,,,,65.0,,
04/03/2022,,31.0,36.0,46.0,,,,,,,,,,,,,46.0,,
05/03/2022,,29.0,47.0,37.0,,,,,,,,,,,,,37.0,,
06/03/2022,,35.0,43.0,36.0,,,,,,,,,,,,,36.0,,
07/03/2022,,36.0,32.0,40.0,,,,,,,,,,,,,40.0,,
08/03/2022,,29.0,42.0,32.0,,,,,,,,,,,,,32.0,,
09/03/2022,,18.0,25.0,15.0,,,,,,,,,,,,,15.0,,
10/03/2022,,18.0,29.0,18.0,,,,,,,,,,,,,18.0,,
11/03/2022,,23.0,23.0,19.0,,,,,,,,,,,,,19.0,,
12/03/2022,,36.0,30.0,43.0,,,,,,,,,,,,,43.0,,
13/03/2022,,37.0,50.0,42.0,,,,,,,,,,,,,42.0,,
14/03/2022,,33.0,32.0,36.0,,,,,,,,,,,,,36.0,,
15/03/2022,,48.0,45.0,55.0,,,,,,,,,,,,,55.0,,
16/03/2022,,39.0,52.0,40.0,,,,,,,,,,,,,40.0,,
17/03/2022,,27.0,49.0,33.0,,,,,,,,,,,,,33.0,,
18/03/2022,,32.0,29.0,33.0,,,,,,,,,,,,,33.0,,
19/03/2022,,59.0,55.0,63.0,,,,,,,,,,,,,63.0,,
20/03/2022,,42.0,45.0,34.0,,,,,,,,,,,,,34.0,,
21/03/2022,,25.0,27.0,23.0,,,,,,,,,,,,,23.0,,
22/03/2022,,22.0,19.0,49.0,,,,,,,,,,,,,49.0,,
23/03/2022,,35.0,50.0,51.0,,,,,,,,,,,,,51.0,,
24/03/2022,,40.0,46.0,44.0,,,,,,,,,,,,,44.0,,
25/03/2022,,41.0,43.0,42.0,,,,,,,,,,,,,42.0,,
26/03/2022,,36.0,43.0,40.0,,,,,,,,,,,,,40.0,,
27/03/2022,,35.0,42.0,32.0,,,,,,,,,,,,,32.0,,
28/03/2022,,37.0,34.0,41.0,,,,,,,,,,,,,41.0,,
29/03/2022,,37.0,42.0,49.0,,,,,,,,,,,,,49.0,,
30/03/2022,,31.0,,34.0,,,,,,,,,,,,,34.0,,
31/03/2022,,41.0,,41.0,,,,,,,,,,,,,41.0,,
01/04/2022,,59.0,,102.0,,,,,,,,,,,,,102.0,,
02/04/2022,,104.0,65.0,118.0,,,,,,,,,,,,,118.0,,
03/04/2022,,49.0,42.0,56.0,,,,,,,,,,,,,56.0,,
04/04/2022,,42.0,47.0,55.0,,,,,,,,,,,,,55.0,,
05/04/2022,,46.0,42.0,67.0,,,,,,,,,,,,,67.0,,
06/04/2022,,69.0,62.0,72.0,,,,,,,,,,,,,72.0,,
07/04/2022,,55.0,70.0,64.0,,,,,,,,,,,,,64.0,,
08/04/2022,,80.0,65.0,92.0,,,,,,,,,,,,,92.0,,
09/04/2022,,65.0,76.0,77.0,,,,,,,,,,,,,77.0,,
10/04/2022,,33.0,59.0,37.0,,,,,,,,,,,,,37.0,,
11/04/2022,,39.0,40.0,42.0,,,,,,,,,,,,,42.0,,
12/04/2022,,28.0,42.0,32.0,,,,,,,,,,,,,32.0,,
13/04/2022,,34.0,39.0,40.0,,,,,,,,,,,,,40.0,,
14/04/2022,,37.0,37.0,41.0,,,,,,,,,,,,,41.0,,
15/04/2022,,29.0,46.0,37.0,,,,,,,,,,,,,37.0,,
16/04/2022,,37.0,40.0,41.0,,,,,,,,,,,,,41.0,,
17/04/2022,,19.0,53.0,23.0,,,,,,,,,,,,,23.0,,
18/04/2022,,24.0,34.0,38.0,,,,,,,,,,,,,38.0,,
19/04/2022,,23.0,41.0,37.0,,,,,,,,,,,,,37.0,,
20/04/2022,,18.0,34.0,26.0,,,,,,,,,,,,,26.0,,
21/04/2022,,,58.0,47.0,,,,,,,,,,,,,47.0,,
22/04/2022,,,25.0,28.0,,,,,,,,,,,,,28.0,,
23/04/2022,,,38.0,36.0,,,,,,,,,,,,,36.0,,
24/04/2022,,,36.0,37.0,,,,,,,,,,,,,37.0,,
25/04/2022,,,31.0,36.0,,,,,,,,,,,,,36.0,,
26/04/2022,,,,32.0,,,,,,,,,,,,,32.0,,
27/04/2022,,,,17.0,,,,,,,,,,,,,17.0,,
28/04/2022,,,,43.0,,,,,,,,,,,,,43.0,,
29/04/2022,,,,46.0,,,,,,,,,,,,,46.0,,
30/04/2022,,32.0,,38.0,,,,,,,,,,,,,38.0,,
01/05/2022,,28.0,,35.0,,,,,,,,,,,,,35.0,,
02/05/2022,,39.0,,52.0,,,,,,,,,,,,,52.0,,
03/05/2022,,41.0,,55.0,,,,,,,,,,,,,55.0,,
04/05/2022,,44.0,,62.0,,,,,,,,,,,,,62.0,,
05/05/2022,,47.0,,59.0,,,,,,,,,,,,,59.0,,
06/05/2022,,56.0,,54.0,,,,,,,,,,,,,54.0,,
07/05/2022,,32.0,,31.0,,,,,,,,,,,,,31.0,,
08/05/2022,,36.0,,42.0,,,,,,,,,,,,,42.0,,
09/05/2022,,43.0,,42.0,,,,,,,,,,,,,42.0,,
10/05/2022,,25.0,,34.0,,,,,,,,,,,,,34.0,,
11/05/2022,,25.0,,26.0,,,,,,,,,,,,,26.0,,
12/05/2022,,25.0,,25.0,,,,,,,,,,,,,25.0,,
13/05/2022,,26.0,,28.0,,,,,,,,,,,,,28.0,,
14/05/2022,,36.0,,40.0,,,,,,,,,,,,,40.0,,
15/05/2022,,30.0,,37.0,,,,,,,,,,,,,37.0,,
16/05/2022,,27.0,,29.0,,,,,,,,,,,,,29.0,,
17/05/2022,,38.0,,45.0,,,,,,,,,,,,,45.0,,
18/05/2022,,38.0,,57.0,,,,,,,,,,,,,57.0,,
19/05/2022,,37.0,,50.0,,,,,,,,,,,,,50.0,,
20/05/2022,,44.0,,61.0,,,,,,,,,,,,,61.0,,
21/05/2022,,44.0,,69.0,,,,,,,,,,,,,69.0,,
22/05/2022,,57.0,,70.0,,,,,,,,,,,,,70.0,,
23/05/2022,,41.0,,50.0,,,,,,,,,,,,,50.0,,
24/05/2022,,42.0,,44.0,,,,,,,,,,,,,44.0,,
25/05/2022,,38.0,,47.0,,,,,,,,,,,,,47.0,,
26/05/2022,,47.0,,47.0,,,,,,,,,,,,,47.0,,
27/05/2022,,30.0,,33.0,,,,,,,,,,,,,33.0,,
28/05/2022,,25.0,,25.0,,,,,,,,,,,,,25.0,,
29/05/2022,,25.0,,24.0,,,,,,,,,,,,,24.0,,
30/05/2022,,42.0,,37.0,,,,,,,,,,,,,37.0,,
31/05/2022,,30.0,,28.0,,,,,,,,,,,,,28.0,,
01/06/2022,,25.0,,24.0,,,,,,,,,,,,,24.0,,
02/06/2022,,13.0,,17.0,,,,,,,,,,,,,17.0,,
03/06/2022,,25.0,,29.0,,,,,,,,,,,,,29.0,,
04/06/2022,,43.0,,56.0,,,,,,,,,,,,,56.0,,
05/06/2022,,43.0,,44.0,,,,,,,,,,,,,44.0,,
06/06/2022,,24.0,,38.0,,,,,,,,,,,,,38.0,,
07/06/2022,,41.0,,50.0,,,,,,,,,,,,,50.0,,
08/06/2022,,52.0,,55.0,,,,,,,,,,,,,55.0,,
09/06/2022,,22.0,,20.0,,,,,,,,,,,,,20.0,,
10/06/2022,,37.0,,36.0,,,,,,,,,,,,,36.0,,
11/06/2022,,38.0,,31.0,,,,,,,,,,,,,31.0,,
12/06/2022,,32.0,,25.0,,,,,,,,,,,,,25.0,,
13/06/2022,,30.0,,29.0,,,,,,,,,,,,,29.0,,
14/06/2022,,38.0,,34.0,,,,,,,,,,,,,34.0,,
15/06/2022,,23.0,,13.0,,,,,,,,,,,,,13.0,,
16/06/2022,,24.0,,18.0,,,,,,,,,,,,,18.0,,
17/06/2022,,36.0,,37.0,,,,,,,,,,,,,37.0,,
18/06/2022,,40.0,,39.0,,,,,,,,,,,,,39.0,,
19/06/2022,,16.0,,21.0,,,,,,,,,,,,,21.0,,
20/06/2022,,24.0,,24.0,,,,,,,,,,,,,24.0,,
21/06/2022,,17.0,,14.0,,,,,,,,,,,,,14.0,,
22/06/2022,,19.0,,15.0,,,,,,,,,,,,,15.0,,
23/06/2022,,29.0,,20.0,,,,,,,,,,,,,20.0,,
24/06/2022,,41.0,,40.0,,,,,,,,,,,,,40.0,,
25/06/2022,,40.0,,44.0,,,,,,,,,,,,,44.0,,
26/06/2022,,42.0,,32.0,,,,,,,,,,,,,32.0,,
27/06/2022,,16.0,,20.0,,,,,,,,,,,,,20.0,,
28/06/2022,,28.0,,28.0,,,,,,,,,,,,,28.0,,
29/06/2022,,28.0,,26.0,,,,,,,,,,,,,26.0,,
30/06/2022,,34.0,,36.0,,,,,,,,,,,,,36.0,,
01/07/2022,,43.0,,37.0,,,,,,,,,,,,,37.0,,
02/07/2022,,51.0,,44.0,,,,,,,,,,,,,44.0,,
03/07/2022,,31.0,,32.0,,,,,,,,,,,,,32.0,,
04/07/2022,,17.0,,16.0,,,,,,,,,,,,,16.0,,
05/07/2022,,20.0,,13.0,,,,,,,,,,,,,13.0,,
06/07/2022,,42.0,54.0,43.0,,,,,,,,,,,,,43.0,,
07/07/2022,,39.0,53.0,36.0,,,,,,,,,,,,,36.0,,
08/07/2022,,44.0,47.0,41.0,,,,,,,,,,,,,41.0,,
09/07/2022,,28.0,33.0,30.0,,,,,,,,,,,,,30.0,,
10/07/2022,,29.0,39.0,24.0,,,,,,,,,,,,,24.0,,
11/07/2022,,40.0,61.0,30.0,,,,,,,,,,,,,30.0,,
12/07/2022,,39.0,43.0,44.0,,,,,,,,,,,,,44.0,,
13/07/2022,,34.0,67.0,33.0,,,,,,,,,,,,,33.0,,
14/07/2022,,31.0,55.0,33.0,,,,,,,,,,,,,33.0,,
15/07/2022,,35.0,56.0,31.0,,,,,,,,,,,,,31.0,,
16/07/2022,,23.0,39.0,21.0,,,,,,,,,,,,,21.0,,
17/07/2022,,24.0,25.0,19.0,,,,,,,,,,,,,19.0,,
18/07/2022,,48.0,60.0,41.0,,,,,,,,,,,,,41.0,,
19/07/2022,,55.0,64.0,43.0,,,,,,,,,,,,,43.0,,
20/07/2022,,36.0,33.0,27.0,,,,,,,,,,,,,27.0,,
21/07/2022,,25.0,57.0,30.0,,,,,,,,,,,,,30.0,,
22/07/2022,,53.0,47.0,49.0,,,,,,,,,,,,,49.0,,
23/07/2022,,31.0,42.0,16.0,,,,,,,,,,,,,16.0,,
24/07/2022,,25.0,27.0,27.0,,,,,,,,,,,,,27.0,,
25/07/2022,,31.0,44.0,41.0,,,,,,,,,,,,,41.0,,
26/07/2022,,18.0,35.0,15.0,,,,,,,,,,,,,15.0,,
27/07/2022,,31.0,38.0,33.0,,,,,,,,,,,,,33.0,,
28/07/2022,,38.0,53.0,42.0,,,,,,,,,,,,,42.0,,
29/07/2022,,43.0,44.0,35.0,,,,,,,,,,,,,35.0,,
30/07/2022,,36.0,33.0,37.0,,,,,,,,,,,,,37.0,,
31/07/2022,,25.0,31.0,,,,,,,,,,,,,,,,
01/08/2022,,27.0,33.0,20.0,,,,,,,,,,,,,20.0,,
02/08/2022,,49.0,71.0,42.0,,,,,,,,,,,,,42.0,,
03/08/2022,,36.0,40.0,24.0,,,,,,,,,,,,,24.0,,
04/08/2022,,36.0,71.0,40.0,,,,,,,,,,,,,40.0,,
05/08/2022,,36.0,48.0,40.0,,,,,,,,,,,,,40.0,,
06/08/2022,,38.0,53.0,32.0,,,,,,,,,,,,,32.0,,
07/08/2022,,23.0,41.0,24.0,,,,,,,,,,,,,24.0,,
08/08/2022,,22.0,35.0,17.0,,,,,,,,,,,,,17.0,,
09/08/2022,,31.0,41.0,34.0,,,,,,,,,,,,,34.0,,
10/08/2022,,40.0,41.0,38.0,,,,,,,,,,,,,38.0,,
11/08/2022,,28.0,28.0,33.0,,,,,,,,,,,,,33.0,,
12/08/2022,,25.0,26.0,30.0,,,,,,,,,,,,,30.0,,
13/08/2022,,41.0,52.0,38.0,,,,,,,,,,,,,38.0,,
14/08/2022,,22.0,,26.0,,,,,,,,,,,,,26.0,,
15/08/2022,,23.0,,14.0,,,,,,,,,,,,,14.0,,
16/08/2022,,34.0,,16.0,,,,,,,,,,,,,16.0,,
17/08/2022,,39.0,,38.0,,,,,,,,,,,,,38.0,,
18/08/2022,,41.0,40.0,39.0,,,,,,,,,,,,,39.0,,
19/08/2022,,39.0,50.0,44.0,,,,,,,,,,,,,44.0,,
20/08/2022,,20.0,20.0,18.0,,,,,,,,,,,,,18.0,,
21/08/2022,,41.0,43.0,33.0,,,,,,,,,,,,,33.0,,
22/08/2022,,51.0,,48.0,,,,,,,,,,,,,48.0,,
23/08/2022,,18.0,,16.0,,,,,,,,,,,,,16.0,,
24/08/2022,,43.0,47.0,43.0,,,,,,,,,,,,,43.0,,
25/08/2022,,28.0,26.0,34.0,,,,,,,,,,,,,34.0,,
26/08/2022,,21.0,31.0,25.0,,,,,,,,,,,,,25.0,,
27/08/2022,,48.0,48.0,50.0,,,,,,,,,,,,,50.0,,
28/08/2022,,25.0,31.0,29.0,,,,,,,,,,,,,29.0,,
29/08/2022,,35.0,36.0,33.0,,,,,,,,,,,,,33.0,,
30/08/2022,,20.0,26.0,17.0,,,,,,,,,,,,,17.0,,
31/08/2022,,37.0,35.0,33.0,,,,,,,,,,,,,33.0,,
01/09/2022,,20.0,25.0,20.0,,,,,,,,,,,,,20.0,,
02/09/2022,,11.0,25.0,11.0,,,,,,,,,,,,,11.0,,
03/09/2022,,14.0,17.0,12.0,,,,,,,,,,,,,12.0,,
04/09/2022,,12.0,12.0,10.0,,,,,,,,,,,,,10.0,,
05/09/2022,,11.0,,8.0,,,,,,,,,,,,,8.0,,
06/09/2022,,42.0,29.0,7.0,,,,,,,,,,,,,7.0,,
07/09/2022,,25.0,22.0,21.0,,,,,,,,,,,,,21.0,,
08/09/2022,,16.0,18.0,15.0,,,,,,,,,,,,,15.0,,
09/09/2022,,30.0,30.0,27.0,,,,,,,,,,,,,27.0,,
10/09/2022,,33.0,33.0,20.0,,,,,,,,,,,,,20.0,,
11/09/2022,,19.0,29.0,17.0,,,,,,,,,,,,,17.0,,
12/09/2022,,19.0,,19.0,,,,,,,,,,,,,19.0,,
13/09/2022,,34.0,,21.0,,,,,,,,,,,,,21.0,,
14/09/2022,,28.0,,28.0,,,,,,,,,,,,,28.0,,
15/09/2022,,14.0,,17.0,,,,,,,,,,,,,17.0,,
16/09/2022,,18.0,,,,,,,,,,,,,,,,,
17/09/2022,,18.0,,,,,,,,,,,,,,,,,
18/09/2022,,21.0,,19.0,,,,,,,,,,,,,19.0,,
19/09/2022,,27.0,,20.0,,,,,,,,,,,,,20.0,,
20/09/2022,,20.0,,15.0,,,,,,,,,,,,,15.0,,
21/09/2022,,23.0,,14.0,,,,,,,,,,,,,14.0,,
22/09/2022,,13.0,,14.0,,,,,,,,,,,,,14.0,,
23/09/2022,,17.0,,17.0,,,,,,,,,,,,,17.0,,
24/09/2022,,39.0,,32.0,,,,,,,,,,,,,32.0,,
25/09/2022,,24.0,,18.0,,,,,,,,,,,,,18.0,,
26/09/2022,,14.0,,17.0,,,,,,,,,,,,,17.0,,
27/09/2022,,15.0,,5.0,,,,,,,,,,,,,5.0,,
28/09/2022,,11.0,,9.0,,,,,,,,,,,,,9.0,,
29/09/2022,,17.0,,13.0,,,,,,,,,,,,,13.0,,
30/09/2022,,49.0,,32.0,,,,,,,,,,,,,32.0,,
01/10/2022,,49.0,,32.0,,,,,,,,,,,,,32.0,,
02/10/2022,,37.0,,31.0,,45.0,,,,,,,,,,,31.0,,
03/10/2022,,70.0,,49.0,,56.0,,,,,,,,,,,49.0,,
04/10/2022,,48.0,,33.0,,48.0,,,,,,,,,,,33.0,,
05/10/2022,,63.0,,39.0,,52.0,,,,,,,,,,,39.0,,
06/10/2022,,35.0,,27.0,,33.0,,,,,,,,,,,27.0,,
07/10/2022,,53.0,,30.0,,33.0,,,,,,,,,,,30.0,,
08/10/2022,,15.0,,14.0,,15.0,,,,,,,,,,,14.0,,
09/10/2022,,12.0,,8.0,,16.0,,,,,,,,,,,8.0,,
10/10/2022,,14.0,,16.0,,15.0,,,,,,,,,,,16.0,,
11/10/2022,,20.0,,20.0,,31.0,,,,,,,,,,,20.0,,
12/10/2022,,28.0,,20.0,,34.0,,,,,,,,,,,20.0,,
13/10/2022,,38.0,,25.0,,23.0,,,,,,,,,,,25.0,,
14/10/2022,,35.0,,25.0,,50.0,,,,,,,,,,,25.0,,
15/10/2022,,34.0,,26.0,,39.0,,,,,,,,,,,26.0,,
16/10/2022,,37.0,,23.0,,38.0,,,,,,,,,,,23.0,,
17/10/2022,,45.0,,29.0,,46.0,,,,,,,,,,,29.0,,
18/10/2022,,28.0,,11.0,,33.0,,,,,,,,,,,11.0,,
19/10/2022,,14.0,,15.0,,14.0,,,,,,,,,,,15.0,,
20/10/2022,,43.0,,33.0,,51.0,,,,,,,,,,,33.0,,
21/10/2022,,41.0,,24.0,,61.0,,,,,,,,,,,24.0,,
22/10/2022,,52.0,,,,50.0,,,,,,,,,,,,,
23/10/2022,,67.0,,,,46.0,,,,,,,,,,,,,
24/10/2022,,42.0,,,,55.0,,,,,,,,,,,,,
25/10/2022,,46.0,,,,72.0,,,,,,,,,,,,,
26/10/2022,,57.0,,,,37.0,,,,,,,,,,,,,
27/10/2022,,54.0,106.0,,,54.0,,,,,,,,,,,,,
28/10/2022,,44.0,69.0,36.0,,52.0,,,,,,,,,,,36.0,,
29/10/2022,,44.0,83.0,35.0,,41.0,,,,,,,,,,,35.0,,
30/10/2022,,38.0,58.0,37.0,,38.0,,,,,,,,,,,37.0,,
31/10/2022,,40.0,42.0,33.0,,33.0,,,,,,,,,,,33.0,,
01/11/2022,,56.0,56.0,38.0,,59.0,,,,,,,,,,,38.0,,
02/11/2022,,38.0,50.0,28.0,,41.0,,,,,,,,,,,28.0,,
03/11/2022,,57.0,72.0,38.0,,44.0,,,,,,,,,,,38.0,,
04/11/2022,,45.0,62.0,28.0,,44.0,,,,,,,,,,,28.0,,
05/11/2022,,41.0,52.0,26.0,,55.0,,,,,,,,,,,26.0,,
06/11/2022,,53.0,38.0,38.0,,56.0,,,,,,,,,,,38.0,,
07/11/2022,,33.0,,23.0,,36.0,,,,,,,,,,,23.0,,
08/11/2022,,18.0,,25.0,,14.0,,,,,,,,,,,25.0,,
09/11/2022,,27.0,,19.0,,47.0,,,,,,,,,,,19.0,,
10/11/2022,,31.0,,21.0,,31.0,,,,,,,,,,,21.0,,
11/11/2022,,44.0,,32.0,,41.0,,,,,,,,,,,32.0,,
12/11/2022,,72.0,,61.0,,72.0,,,,,,,,,,,61.0,,
13/11/2022,,45.0,,33.0,,46.0,,,,,,,,,,,33.0,,
14/11/2022,,33.0,,30.0,,35.0,,,,,,,,,,,30.0,,
15/11/2022,,56.0,,38.0,,49.0,,,,,,,,,,,38.0,,
16/11/2022,,47.0,,32.0,,52.0,,,,,,,,,,,32.0,,
17/11/2022,,49.0,,30.0,,57.0,,,,,,,,,,,30.0,,
18/11/2022,,44.0,,34.0,,45.0,,,,,,,,,,,34.0,,
19/11/2022,,41.0,,27.0,,58.0,,,,,,,,,,,27.0,,
20/11/2022,,52.0,,40.0,,43.0,,,,,,,,,,,40.0,,
21/11/2022,,30.0,,29.0,,30.0,,,,,,,,,,,29.0,,
22/11/2022,,51.0,,31.0,,49.0,,,,,,,,,,,31.0,,
23/11/2022,,88.0,76.0,63.0,,84.0,,,,,,,,,,,63.0,,
24/11/2022,,50.0,61.0,42.0,,45.0,,,,,,,,,,,42.0,,
25/11/2022,,47.0,70.0,31.0,,63.0,,,,,,,,,,,31.0,,
26/11/2022,,22.0,36.0,21.0,,35.0,,,,,,,,,,,21.0,,
27/11/2022,,41.0,41.0,30.0,,41.0,,,,,,,,,,,30.0,,
28/11/2022,,42.0,43.0,24.0,,39.0,,,,,,,,,,,24.0,,
29/11/2022,,55.0,64.0,33.0,,45.0,,,,,,,,,,,33.0,,
30/11/2022,,46.0,48.0,33.0,,37.0,,,,,,,,,,,33.0,,
01/12/2022,,23.0,36.0,21.0,,19.0,,,,,,,,,,,21.0,,
02/12/2022,,48.0,61.0,33.0,,62.0,,,,,,,,,,,33.0,,
03/12/2022,,64.0,69.0,48.0,,82.0,,,,,,,,,,,48.0,,
04/12/2022,,17.0,32.0,16.0,,18.0,,,,,,,,,,,16.0,,
05/12/2022,,34.0,42.0,24.0,,34.0,,,,,,,,,,,24.0,,
06/12/2022,,40.0,54.0,30.0,,47.0,,,,,,,,,,,30.0,,
07/12/2022,,40.0,66.0,27.0,,52.0,,,,,,,,,,,27.0,,
08/12/2022,,42.0,53.0,32.0,,51.0,,,,,,,,,,,32.0,,
09/12/2022,,90.0,83.0,70.0,,80.0,,,,,,,,,,,70.0,,
10/12/2022,,45.0,59.0,35.0,,40.0,,,,,,,,,,,35.0,,
11/12/2022,,29.0,39.0,27.0,,41.0,,,,,,,,,,,27.0,,
12/12/2022,,39.0,41.0,28.0,,35.0,,,,,,,,,,,28.0,,
13/12/2022,,41.0,52.0,31.0,,46.0,,,,,,,,,,,31.0,,
14/12/2022,,31.0,48.0,32.0,,46.0,,,,,,,,,,,32.0,,
15/12/2022,,47.0,52.0,32.0,,52.0,,,,,,,,,,,32.0,,
16/12/2022,,51.0,56.0,32.0,,45.0,,,,,,,,,,,32.0,,
17/12/2022,,36.0,52.0,32.0,,42.0,,,,,,,,,,,32.0,,
18/12/2022,,48.0,64.0,36.0,,44.0,,,,,,,,,,,36.0,,
19/12/2022,,39.0,49.0,32.0,,52.0,,,,,,,,,,,32.0,,
20/12/2022,,67.0,,50.0,,69.0,,,,,,,,,,,50.0,,
21/12/2022,,33.0,,23.0,,30.0,,,,,,,,,,,23.0,,
22/12/2022,,44.0,,32.0,,42.0,,,,,,,,,,,32.0,,
23/12/2022,,38.0,46.0,29.0,,41.0,,,,,,,,,,,29.0,,
24/12/2022,,40.0,46.0,30.0,,42.0,,,,,,,,,,,30.0,,
25/12/2022,,80.0,92.0,64.0,,81.0,,,,,,,,,,,64.0,,
26/12/2022,,34.0,47.0,25.0,,41.0,,,,,,,,,,,25.0,,
27/12/2022,,35.0,46.0,23.0,,38.0,,,,,,,,,,,23.0,,
28/12/2022,,31.0,47.0,24.0,,40.0,,,,,,,,,,,24.0,,
29/12/2022,,19.0,36.0,20.0,,34.0,,,,,,,,,,,20.0,,
30/12/2022,,29.0,21.0,21.0,,24.0,,,,,,,,,,,21.0,,
31/12/2022,,24.0,29.0,23.0,,30.0,,,,,,,,,,,23.0,,
01/01/2023,,144.0,139.0,94.0,,225.0,,,146.0,,,269.0,,,128.0,172.0,111.0,,220.5
02/01/2023,,22.0,34.0,17.0,,26.0,,,28.0,,,22.0,,,24.0,19.0,20.5,,20.5
03/01/2023,,17.0,44.0,14.0,,22.0,,,39.0,,,32.0,,,38.0,18.0,26.0,,25.0
04/01/2023,,34.0,38.0,26.0,,51.0,,,50.0,,,95.0,,,34.0,38.0,30.0,,66.5
05/01/2023,,41.0,36.0,32.0,,47.0,,,45.0,,,130.0,,,39.0,49.0,35.5,,89.5
06/01/2023,,39.0,52.0,28.0,,47.0,,,55.0,,,63.0,,,40.0,32.0,34.0,,47.5
07/01/2023,,35.0,39.0,27.0,,49.0,,,46.0,,,48.0,,,41.0,47.0,34.0,,47.5
08/01/2023,,32.0,34.0,24.0,,36.0,,,40.0,,,47.0,,,40.0,32.0,32.0,,39.5
09/01/2023,,50.0,56.0,42.0,,53.0,,,58.0,,54.0,61.0,,,42.0,45.0,42.0,,53.0
10/01/2023,,41.0,48.0,41.0,,52.0,,,51.0,,34.0,52.0,,,48.0,46.0,44.5,,49.0
11/01/2023,,38.0,56.0,37.0,,49.0,,,46.0,,41.0,55.0,,,54.0,40.0,45.5,,47.5
12/01/2023,,47.0,38.0,35.0,,65.0,,,70.0,,37.0,60.0,,,36.0,31.0,35.5,,45.5
13/01/2023,,29.0,33.0,25.0,,36.0,,,42.0,,30.0,26.0,,,30.0,30.0,27.5,,28.0
14/01/2023,,38.0,39.0,29.0,,55.0,,,38.0,,37.0,38.0,,,31.0,86.0,30.0,,62.0
15/01/2023,,38.0,38.0,29.0,,44.0,,,37.0,,46.0,45.0,,,42.0,41.0,35.5,,43.0
16/01/2023,,41.0,57.0,34.0,,76.0,,,51.0,,55.0,53.0,,,48.0,58.0,41.0,,55.5
17/01/2023,,46.0,,40.0,,56.0,,,71.0,,45.0,63.0,,,47.0,57.0,43.5,,60.0
18/01/2023,,39.0,,35.0,,49.0,,,47.0,,33.0,55.0,,,50.0,50.0,42.5,,52.5
19/01/2023,,58.0,,37.0,,64.0,,,69.0,,36.0,73.0,,,50.0,63.0,43.5,,68.0
20/01/2023,,70.0,,50.0,,69.0,,,83.0,,51.0,104.0,,,62.0,72.0,56.0,,88.0
21/01/2023,,33.0,52.0,35.0,,45.0,,,52.0,,33.0,61.0,,,49.0,42.0,42.0,,51.5
22/01/2023,,45.0,45.0,32.0,,35.0,,,52.0,,41.0,97.0,,,35.0,43.0,33.5,,70.0
23/01/2023,,19.0,41.0,21.0,,28.0,,,29.0,,23.0,41.0,,,29.0,26.0,25.0,,33.5
24/01/2023,,19.0,29.0,23.0,,32.0,,,30.0,,14.0,21.0,,,26.0,23.0,24.5,,22.0
25/01/2023,,38.0,51.0,34.0,,41.0,,,86.0,,43.0,84.0,,,32.0,49.0,33.0,,66.5
26/01/2023,,41.0,49.0,35.0,,44.0,,,57.0,,37.0,53.0,,,34.0,94.0,34.5,,73.5
27/01/2023,,41.0,54.0,28.0,,49.0,,,49.0,,36.0,51.0,,,35.0,41.0,31.5,,46.0
28/01/2023,,32.0,48.0,28.0,,46.0,,,77.0,,37.0,61.0,,,30.0,37.0,29.0,,49.0
29/01/2023,,30.0,40.0,22.0,,40.0,,,86.0,,39.0,75.0,,,36.0,44.0,29.0,,59.5
30/01/2023,,36.0,46.0,28.0,,44.0,,,53.0,,47.0,73.0,,,49.0,55.0,38.5,,64.0
31/01/2023,,56.0,45.0,32.0,,39.0,,,42.0,,39.0,83.0,,,31.0,58.0,31.5,,70.5
01/02/2023,,72.0,66.0,56.0,,55.0,,,,,58.0,63.0,,,51.0,19.0,53.5,,41.0
02/02/2023,,36.0,42.0,27.0,,34.0,,,,,43.0,46.0,,,36.0,38.0,31.5,,42.0
03/02/2023,,28.0,27.0,31.0,,25.0,,,,,33.0,33.0,,,39.0,30.0,35.0,,31.5
04/02/2023,,49.0,48.0,30.0,,39.0,,,,,45.0,67.0,,,34.0,48.0,32.0,,57.5
05/02/2023,,23.0,24.0,32.0,,26.0,,,,,27.0,44.0,,,32.0,35.0,32.0,,39.5
06/02/2023,,34.0,32.0,26.0,,50.0,,,,,35.0,57.0,,,34.0,47.0,30.0,,52.0
07/02/2023,,38.0,48.0,47.0,,39.0,,,,,32.0,58.0,,,39.0,46.0,43.0,,52.0
08/02/2023,,43.0,52.0,37.0,,47.0,,,55.0,,61.0,80.0,,,39.0,49.0,38.0,,64.5
09/02/2023,,45.0,51.0,38.0,,55.0,,,51.0,,46.0,57.0,,,42.0,45.0,40.0,,51.0
10/02/2023,,47.0,48.0,39.0,,56.0,,,53.0,,74.0,56.0,,,51.0,50.0,45.0,,53.0
11/02/2023,,41.0,49.0,35.0,,42.0,57.0,,49.0,,45.0,45.0,,,38.0,38.0,36.5,,41.5
12/02/2023,,31.0,39.0,32.0,,46.0,38.0,,44.0,,51.0,76.0,,,31.0,38.0,31.5,,57.0
13/02/2023,,37.0,49.0,30.0,,37.0,42.0,,50.0,,35.0,62.0,,,37.0,39.0,33.5,,50.5
14/02/2023,,26.0,29.0,20.0,,30.0,30.0,,27.0,,24.0,21.0,,,25.0,43.0,22.5,,32.0
15/02/2023,,17.0,24.0,20.0,,31.0,21.0,,33.0,,41.0,25.0,,,26.0,26.0,23.0,,25.5
16/02/2023,,21.0,38.0,24.0,,33.0,39.0,,48.0,,30.0,31.0,,,33.0,28.0,28.5,,29.5
17/02/2023,,57.0,54.0,48.0,,66.0,58.0,,69.0,,64.0,57.0,,,38.0,50.0,43.0,,53.5
18/02/2023,,38.0,43.0,31.0,,34.0,44.0,,42.0,,44.0,43.0,,,31.0,33.0,31.0,,38.0
19/02/2023,,26.0,26.0,24.0,,31.0,27.0,,29.0,,27.0,87.0,,,27.0,33.0,25.5,,60.0
20/02/2023,,28.0,35.0,28.0,,55.0,32.0,,47.0,,,41.0,,,38.0,34.0,33.0,,37.5
21/02/2023,,35.0,34.0,27.0,,36.0,51.0,,36.0,,,35.0,,,30.0,33.0,28.5,,34.0
22/02/2023,,26.0,27.0,24.0,,36.0,27.0,,40.0,,,22.0,,,29.0,64.0,26.5,,43.0
23/02/2023,,45.0,42.0,39.0,,37.0,48.0,,19.0,,,87.0,,,41.0,35.0,40.0,,61.0
24/02/2023,,37.0,43.0,34.0,,39.0,48.0,,39.0,,,50.0,,,46.0,41.0,40.0,,45.5
25/02/2023,,46.0,58.0,46.0,,53.0,62.0,,59.0,,,95.0,,,45.0,64.0,45.5,,79.5
26/02/2023,,42.0,40.0,38.0,,52.0,44.0,,45.0,,,49.0,,,62.0,39.0,50.0,,44.0
27/02/2023,,22.0,25.0,23.0,,45.0,35.0,,36.0,,,54.0,,,31.0,26.0,27.0,,40.0
28/02/2023,,28.0,28.0,25.0,,43.0,42.0,,37.0,,,44.0,,,33.0,33.0,29.0,,38.5
01/03/2023,,30.0,49.0,38.0,,42.0,46.0,,38.0,,,56.0,,,45.0,32.0,41.5,,44.0
02/03/2023,,29.0,47.0,34.0,,44.0,32.0,,50.0,,,50.0,,,42.0,41.0,38.0,,45.5
03/03/2023,,28.0,38.0,28.0,,37.0,33.0,,43.0,,,40.0,,,35.0,32.0,31.5,,36.0
04/03/2023,,28.0,45.0,48.0,,48.0,35.0,,37.0,,,75.0,,,47.0,28.0,47.5,,51.5
05/03/2023,,35.0,39.0,46.0,,34.0,36.0,,38.0,,,51.0,,,42.0,38.0,44.0,,44.5
06/03/2023,,39.0,39.0,39.0,,41.0,48.0,,39.0,,,46.0,,,37.0,38.0,38.0,,42.0
07/03/2023,,28.0,38.0,25.0,,55.0,38.0,,49.0,,,41.0,,,42.0,41.0,33.5,,41.0
08/03/2023,,52.0,76.0,52.0,,54.0,55.0,,54.0,,,53.0,,,37.0,46.0,44.5,,49.5
09/03/2023,,36.0,51.0,34.0,,52.0,48.0,,46.0,,,49.0,,,33.0,41.0,33.5,,45.0
10/03/2023,,44.0,34.0,47.0,,50.0,35.0,,48.0,,,44.0,,,42.0,43.0,44.5,,43.5
11/03/2023,43.0,39.0,39.0,38.0,,43.0,40.0,,44.0,,,44.0,,,37.0,49.0,37.5,,46.5
12/03/2023,35.0,29.0,50.0,29.0,,46.0,40.0,,49.0,,,40.0,,,40.0,32.0,34.5,,36.0
13/03/2023,29.0,31.0,31.0,29.0,,34.0,40.0,,40.0,,,34.0,,,34.0,32.0,31.5,,33.0
14/03/2023,,,59.0,41.0,,35.0,49.0,,33.0,,28.0,31.0,,,48.0,30.0,44.5,,30.5
15/03/2023,,,26.0,62.0,,30.0,33.0,,29.0,,22.0,28.0,,,47.0,26.0,54.5,,27.0
16/03/2023,,,28.0,19.0,,29.0,13.0,,32.0,,20.0,26.0,,,27.0,29.0,23.0,,27.5
17/03/2023,,,34.0,22.0,,22.0,28.0,,31.0,,27.0,31.0,,,28.0,32.0,25.0,,31.5
18/03/2023,,,26.0,19.0,,25.0,24.0,,25.0,,17.0,22.0,,,24.0,25.0,21.5,,23.5
19/03/2023,,,53.0,38.0,,35.0,49.0,,49.0,,,48.0,,,43.0,38.0,40.5,,43.0
20/03/2023,,,28.0,20.0,,25.0,33.0,,34.0,,,43.0,,,21.0,31.0,20.5,,37.0
21/03/2023,,,30.0,30.0,,33.0,32.0,,28.0,,,25.0,,,31.0,20.0,30.5,,22.5
22/03/2023,,,40.0,29.0,,41.0,41.0,,,,,55.0,,,40.0,30.0,34.5,,42.5
23/03/2023,,,38.0,26.0,,33.0,30.0,,32.0,,,27.0,,,32.0,26.0,29.0,,26.5
24/03/2023,,,42.0,27.0,,42.0,36.0,,45.0,,,38.0,,,37.0,37.0,32.0,,37.5
25/03/2023,,,56.0,37.0,,50.0,52.0,,47.0,,,59.0,,,35.0,42.0,36.0,,50.5
26/03/2023,,,53.0,61.0,,50.0,65.0,,50.0,,,48.0,,,53.0,38.0,57.0,,43.0
27/03/2023,,,48.0,39.0,,56.0,58.0,,61.0,,,63.0,,,44.0,56.0,41.5,,59.5
28/03/2023,,,36.0,62.0,,46.0,49.0,,57.0,,,55.0,,,63.0,38.0,62.5,,46.5
29/03/2023,46.0,,42.0,44.0,,42.0,47.0,,56.0,,,68.0,,,47.0,51.0,45.5,,59.5
30/03/2023,25.0,,39.0,25.0,,56.0,51.0,,53.0,,23.0,65.0,,,31.0,29.0,28.0,,47.0
31/03/2023,42.0,,44.0,38.0,,49.0,46.0,,47.0,,46.0,58.0,,,42.0,46.0,40.0,,52.0
01/04/2023,31.0,31.0,31.0,29.0,,42.0,41.0,,61.0,,30.0,52.0,,,52.0,44.0,40.5,,48.0
02/04/2023,35.0,47.0,43.0,35.0,,41.0,49.0,,63.0,,34.0,117.0,,,41.0,58.0,38.0,,87.5
03/04/2023,61.0,52.0,49.0,60.0,,41.0,47.0,,62.0,,65.0,42.0,,,42.0,45.0,51.0,,43.5
04/04/2023,28.0,36.0,45.0,35.0,,,41.0,,47.0,,31.0,65.0,,,52.0,39.0,43.5,,52.0
05/04/2023,36.0,50.0,53.0,38.0,,,54.0,,54.0,,,73.0,,,55.0,56.0,46.5,,64.5
06/04/2023,53.0,33.0,43.0,35.0,,,41.0,,67.0,,24.0,49.0,,,44.0,38.0,39.5,,43.5
07/04/2023,31.0,31.0,32.0,37.0,,,,,48.0,,36.0,36.0,,,42.0,34.0,39.5,,35.0
08/04/2023,38.0,47.0,48.0,42.0,,,,,61.0,,42.0,43.0,,,68.0,44.0,55.0,,43.5
09/04/2023,30.0,35.0,29.0,29.0,,,,,51.0,,31.0,33.0,,,35.0,27.0,32.0,,30.0
10/04/2023,40.0,40.0,37.0,40.0,,,,,54.0,,37.0,33.0,,,40.0,44.0,40.0,,38.5
11/04/2023,30.0,28.0,30.0,25.0,,21.0,,,34.0,,26.0,30.0,,,44.0,25.0,34.5,,27.5
12/04/2023,17.0,18.0,20.0,13.0,,26.0,,,18.0,,20.0,48.0,,,29.0,29.0,21.0,,38.5
13/04/2023,22.0,19.0,25.0,20.0,,25.0,,,45.0,,23.0,68.0,,,23.0,25.0,21.5,,46.5
14/04/2023,22.0,28.0,49.0,21.0,,31.0,,,46.0,,24.0,47.0,,,35.0,25.0,28.0,,36.0
15/04/2023,17.0,20.0,,28.0,,35.0,,,40.0,,20.0,54.0,,,47.0,33.0,37.5,,43.5
16/04/2023,27.0,31.0,,33.0,,33.0,,,39.0,,32.0,50.0,,,42.0,27.0,37.5,,38.5
17/04/2023,31.0,28.0,,24.0,,36.0,,,50.0,,21.0,31.0,,,29.0,,26.5,,31.0
18/04/2023,21.0,27.0,,25.0,,34.0,,,29.0,,,52.0,,,32.0,,28.5,,52.0
19/04/2023,30.0,26.0,,32.0,,43.0,,,38.0,,,109.0,,,40.0,,36.0,,109.0
20/04/2023,28.0,35.0,,31.0,,53.0,,,51.0,,,46.0,,,40.0,34.0,35.5,,40.0
21/04/2023,23.0,40.0,,24.0,,50.0,,,34.0,,,35.0,,,27.0,39.0,25.5,,37.0
22/04/2023,26.0,39.0,,30.0,,30.0,,,29.0,,,40.0,,,30.0,28.0,30.0,,34.0
23/04/2023,25.0,42.0,,23.0,,32.0,,,35.0,,,70.0,,,31.0,31.0,27.0,,50.5
24/04/2023,30.0,36.0,,35.0,,34.0,,,33.0,,,47.0,,,35.0,29.0,35.0,,38.0
25/04/2023,22.0,28.0,,28.0,,30.0,,,23.0,,,48.0,,,35.0,23.0,31.5,,35.5
26/04/2023,28.0,74.0,,37.0,,45.0,,,44.0,,,51.0,,,37.0,37.0,37.0,,44.0
27/04/2023,59.0,71.0,,62.0,,64.0,,,78.0,,,78.0,,,62.0,59.0,62.0,,68.5
28/04/2023,34.0,63.0,,38.0,,54.0,,,53.0,,,84.0,,,49.0,40.0,43.5,,62.0
29/04/2023,42.0,86.0,,40.0,,52.0,,,48.0,,,46.0,,,48.0,40.0,44.0,,43.0
30/04/2023,34.0,45.0,,33.0,,39.0,,,37.0,,,37.0,,,35.0,37.0,34.0,,37.0
01/05/2023,27.0,32.0,,29.0,,42.0,,,38.0,,,44.0,,,42.0,33.0,35.5,,38.5
02/05/2023,41.0,55.0,,45.0,,37.0,,,,,,42.0,,,49.0,39.0,47.0,,40.5
03/05/2023,44.0,54.0,,40.0,,60.0,,,,,,56.0,,,60.0,41.0,50.0,,48.5
04/05/2023,48.0,61.0,,50.0,,39.0,,,,,,39.0,,,51.0,41.0,50.5,,40.0
05/05/2023,48.0,71.0,,47.0,,72.0,,,,,,114.0,,,58.0,72.0,52.5,,93.0
06/05/2023,41.0,66.0,,46.0,,55.0,,,,,,79.0,,,53.0,48.0,49.5,,63.5
07/05/2023,36.0,63.0,,34.0,,46.0,,,,,,41.0,,,45.0,28.0,39.5,,34.5
08/05/2023,29.0,50.0,,29.0,,57.0,,,,,,31.0,,,35.0,34.0,32.0,,32.5
09/05/2023,27.0,63.0,,26.0,,35.0,,,,,,43.0,,,39.0,26.0,32.5,,34.5
10/05/2023,30.0,37.0,,35.0,,45.0,,,,,,44.0,,,45.0,30.0,40.0,,37.0
11/05/2023,25.0,55.0,,38.0,,57.0,,,,,,69.0,,,39.0,36.0,38.5,,52.5
12/05/2023,27.0,51.0,,39.0,,53.0,,,,,40.0,57.0,,,33.0,39.0,36.0,,48.0
13/05/2023,31.0,56.0,,29.0,,39.0,,,,,27.0,49.0,,,42.0,34.0,35.5,,41.5
14/05/2023,41.0,49.0,,30.0,,38.0,,,,,29.0,39.0,,,30.0,33.0,30.0,,36.0
15/05/2023,28.0,28.0,,21.0,,34.0,,,,,20.0,27.0,,,32.0,22.0,26.5,,24.5
16/05/2023,45.0,40.0,,35.0,,46.0,,,43.0,,45.0,47.0,,,48.0,36.0,41.5,,41.5
17/05/2023,29.0,57.0,,30.0,,47.0,,,43.0,,33.0,52.0,,,36.0,32.0,33.0,,42.0
18/05/2023,36.0,60.0,,29.0,,51.0,,,50.0,,35.0,53.0,,,33.0,31.0,31.0,,42.0
19/05/2023,42.0,67.0,,29.0,,48.0,,,46.0,,40.0,77.0,,,41.0,41.0,35.0,,59.0
20/05/2023,32.0,37.0,,26.0,,67.0,,,38.0,,35.0,75.0,,,39.0,36.0,32.5,,55.5
21/05/2023,33.0,41.0,,27.0,,58.0,,,28.0,,32.0,42.0,,,42.0,28.0,34.5,,35.0
22/05/2023,47.0,59.0,,43.0,,51.0,,,50.0,,41.0,70.0,,,47.0,37.0,45.0,,53.5
23/05/2023,36.0,45.0,,41.0,,63.0,,,61.0,,37.0,84.0,,,43.0,47.0,42.0,,65.5
24/05/2023,42.0,60.0,,31.0,,62.0,,,53.0,,37.0,58.0,,,,47.0,31.0,,52.5
25/05/2023,43.0,63.0,43.0,38.0,,52.0,,,46.0,,45.0,54.0,,,,39.0,38.0,,46.5
26/05/2023,33.0,66.0,31.0,32.0,,37.0,,,37.0,,36.0,40.0,,,,34.0,32.0,,37.0
27/05/2023,33.0,54.0,33.0,30.0,,47.0,,,36.0,,28.0,37.0,,,,28.0,30.0,,32.5
28/05/2023,33.0,51.0,28.0,25.0,,45.0,,,36.0,,24.0,57.0,,,,30.0,25.0,,43.5
29/05/2023,21.0,36.0,35.0,23.0,,41.0,,,28.0,,21.0,33.0,,,,24.0,23.0,,28.5
30/05/2023,34.0,52.0,50.0,26.0,,48.0,,,41.0,,31.0,43.0,,,35.0,28.0,30.5,,35.5
31/05/2023,36.0,71.0,38.0,32.0,,45.0,,,32.0,,39.0,41.0,,,43.0,27.0,37.5,,34.0
01/06/2023,30.0,58.0,35.0,33.0,,45.0,,,37.0,,31.0,47.0,,,50.0,29.0,41.5,,38.0
02/06/2023,33.0,50.0,43.0,34.0,,57.0,,,40.0,,32.0,49.0,,,45.0,37.0,39.5,,43.0
03/06/2023,27.0,43.0,34.0,30.0,,29.0,,,29.0,,32.0,39.0,,,39.0,50.0,34.5,,44.5
04/06/2023,18.0,48.0,31.0,23.0,,,,,22.0,,22.0,27.0,,,31.0,20.0,27.0,,23.5
05/06/2023,48.0,69.0,39.0,39.0,,,,,41.0,,47.0,46.0,,,48.0,37.0,43.5,,41.5
06/06/2023,27.0,57.0,26.0,27.0,,,,,29.0,,24.0,45.0,,,54.0,33.0,40.5,,39.0
07/06/2023,33.0,74.0,41.0,35.0,,,,,47.0,,,42.0,,,41.0,39.0,38.0,,40.5
08/06/2023,25.0,62.0,41.0,24.0,,,,,41.0,,,62.0,,,42.0,29.0,33.0,,45.5
09/06/2023,30.0,39.0,31.0,27.0,,,,,37.0,,,42.0,,,39.0,35.0,33.0,,38.5
10/06/2023,30.0,38.0,39.0,34.0,,,,,31.0,,38.0,41.0,,,46.0,55.0,40.0,,48.0
11/06/2023,31.0,38.0,41.0,41.0,,,,,40.0,,36.0,41.0,,,43.0,36.0,42.0,,38.5
12/06/2023,30.0,32.0,39.0,30.0,,,,,38.0,,30.0,42.0,,,40.0,38.0,35.0,,40.0
13/06/2023,17.0,31.0,38.0,26.0,,,,,32.0,,30.0,39.0,,,34.0,23.0,30.0,,31.0
14/06/2023,21.0,29.0,41.0,26.0,,,,,28.0,,27.0,41.0,,,33.0,27.0,29.5,,34.0
15/06/2023,36.0,40.0,40.0,34.0,,,,,38.0,,43.0,,,,44.0,31.0,39.0,,31.0
16/06/2023,33.0,41.0,34.0,36.0,,,,,39.0,,30.0,,,,39.0,31.0,37.5,,31.0
17/06/2023,21.0,40.0,32.0,31.0,,,,,37.0,,30.0,,,,38.0,27.0,34.5,,27.0
18/06/2023,22.0,39.0,28.0,23.0,,,,,42.0,,26.0,,,,34.0,22.0,28.5,,22.0
19/06/2023,22.0,33.0,30.0,25.0,,,,,28.0,,28.0,,,,26.0,19.0,25.5,,19.0
20/06/2023,31.0,40.0,26.0,31.0,,,,,39.0,,25.0,,,,35.0,31.0,33.0,,31.0
21/06/2023,20.0,57.0,31.0,30.0,,,,,32.0,,25.0,,,,29.0,32.0,29.5,,32.0
22/06/2023,57.0,26.0,25.0,69.0,,,,,31.0,,50.0,,,,98.0,81.0,83.5,,81.0
23/06/2023,22.0,32.0,,24.0,,,,,31.0,,22.0,,,,30.0,31.0,27.0,,31.0
24/06/2023,19.0,32.0,,19.0,,,,,17.0,,18.0,,,,27.0,15.0,23.0,,15.0
25/06/2023,14.0,,,18.0,,,,,11.0,,,,,,,13.0,18.0,,13.0
26/06/2023,21.0,26.0,,18.0,,,,,29.0,,,,,,,20.0,18.0,,20.0
27/06/2023,29.0,46.0,,22.0,,,,,36.0,,,,,,,27.0,22.0,,27.0
28/06/2023,29.0,35.0,11.0,19.0,,,,,27.0,,,,,,,22.0,19.0,,22.0
29/06/2023,31.0,31.0,26.0,32.0,,,,,24.0,,,,,,,23.0,32.0,,23.0
30/06/2023,10.0,20.0,17.0,15.0,,,,,17.0,,,,,,,12.0,15.0,,12.0
01/07/2023,37.0,35.0,38.0,20.0,,,,,21.0,,,,,,,22.0,20.0,,22.0
02/07/2023,21.0,19.0,29.0,16.0,,,,,17.0,,,,,,,15.0,16.0,,15.0
03/07/2023,38.0,47.0,41.0,31.0,,,,,36.0,,,,,,,34.0,31.0,,34.0
04/07/2023,60.0,63.0,40.0,37.0,,,,,48.0,,,,,,,44.0,37.0,,44.0
05/07/2023,51.0,54.0,55.0,48.0,,,,,68.0,,54.0,,,,,45.0,48.0,,45.0
06/07/2023,38.0,38.0,37.0,30.0,,,,,34.0,,30.0,,,,,22.0,30.0,,22.0
07/07/2023,18.0,26.0,31.0,21.0,,,,,27.0,,21.0,,,,,28.0,21.0,,28.0
08/07/2023,45.0,50.0,48.0,36.0,,,,,44.0,,40.0,,,,,45.0,36.0,,45.0
09/07/2023,31.0,24.0,22.0,14.0,,,,,27.0,,19.0,,,,,25.0,14.0,,25.0
10/07/2023,14.0,42.0,32.0,20.0,,,,,31.0,,18.0,,,,,31.0,20.0,,31.0
11/07/2023,31.0,36.0,42.0,22.0,,,,,49.0,,28.0,,,,,29.0,22.0,,29.0
12/07/2023,34.0,35.0,40.0,19.0,,,,,37.0,,26.0,,,,,,19.0,,
13/07/2023,32.0,33.0,30.0,20.0,,,,,43.0,,27.0,,,,,,20.0,,
14/07/2023,25.0,27.0,35.0,20.0,,,,,44.0,,22.0,,,,,,20.0,,
15/07/2023,40.0,49.0,42.0,29.0,,,,,58.0,,31.0,,,,,,29.0,,
16/07/2023,18.0,24.0,19.0,21.0,,,,,25.0,,16.0,,,,,,21.0,,
17/07/2023,25.0,39.0,24.0,21.0,,,,,38.0,,23.0,,,,,,21.0,,
18/07/2023,28.0,35.0,25.0,25.0,,,,,32.0,,22.0,,,,27.0,,26.0,,
19/07/2023,43.0,47.0,41.0,33.0,,,,,33.0,,45.0,,,,37.0,33.0,35.0,,33.0
20/07/2023,31.0,33.0,28.0,22.0,,,,,31.0,,32.0,,,,25.0,23.0,23.5,,23.0
21/07/2023,35.0,54.0,34.0,28.0,,,,,33.0,,20.0,,,,55.0,28.0,41.5,,28.0
22/07/2023,31.0,39.0,25.0,23.0,,,,,30.0,,24.0,,,,31.0,25.0,27.0,,25.0
23/07/2023,32.0,34.0,20.0,22.0,,,,,18.0,,25.0,,,,18.0,19.0,20.0,,19.0
24/07/2023,27.0,27.0,16.0,17.0,,,,,17.0,,21.0,,,,23.0,14.0,20.0,,14.0
25/07/2023,34.0,63.0,31.0,36.0,,,,,41.0,,44.0,,,,29.0,47.0,32.5,,47.0
26/07/2023,49.0,48.0,60.0,29.0,,,,,50.0,,47.0,,,,33.0,46.0,31.0,,46.0
27/07/2023,46.0,42.0,45.0,36.0,,,,,43.0,,45.0,52.0,,,48.0,29.0,42.0,,40.5
28/07/2023,29.0,34.0,31.0,18.0,,,,,32.0,,25.0,37.0,,,27.0,16.0,22.5,,26.5
29/07/2023,32.0,53.0,30.0,17.0,,,,,32.0,,30.0,47.0,,,21.0,34.0,19.0,,40.5
30/07/2023,17.0,23.0,19.0,14.0,,,,,15.0,,13.0,21.0,,,,17.0,14.0,,19.0
31/07/2023,27.0,41.0,31.0,19.0,,,,,20.0,,20.0,23.0,,,20.0,17.0,19.5,,20.0
01/08/2023,22.0,33.0,29.0,16.0,,,,,21.0,,16.0,19.0,,,25.0,20.0,20.5,,19.5
02/08/2023,23.0,25.0,19.0,19.0,,,,,16.0,,17.0,17.0,,,23.0,15.0,21.0,,16.0
03/08/2023,54.0,34.0,18.0,31.0,,,,,25.0,,36.0,51.0,,,39.0,32.0,35.0,,41.5
04/08/2023,14.0,21.0,19.0,12.0,,,,,22.0,,14.0,19.0,,,13.0,16.0,12.5,,17.5
05/08/2023,28.0,41.0,22.0,19.0,,,,,29.0,,29.0,36.0,,,32.0,30.0,25.5,,33.0
06/08/2023,13.0,34.0,17.0,9.0,,,,,39.0,,12.0,11.0,,,13.0,8.0,11.0,,9.5
07/08/2023,21.0,61.0,35.0,21.0,,,,,20.0,,40.0,32.0,,,21.0,27.0,21.0,,29.5
08/08/2023,19.0,46.0,27.0,19.0,,,,,24.0,,16.0,20.0,,,26.0,19.0,22.5,,19.5
09/08/2023,16.0,27.0,33.0,19.0,,,,,27.0,,28.0,14.0,,,24.0,15.0,21.5,,14.5
10/08/2023,20.0,41.0,40.0,30.0,,,,,27.0,,23.0,27.0,,,25.0,20.0,27.5,,23.5
11/08/2023,35.0,73.0,40.0,25.0,,,,,49.0,,42.0,48.0,,,27.0,40.0,26.0,,44.0
12/08/2023,38.0,54.0,37.0,26.0,,,,,41.0,,36.0,42.0,,,24.0,33.0,25.0,,37.5
13/08/2023,31.0,54.0,20.0,18.0,,,,,36.0,,38.0,43.0,,,,27.0,18.0,,35.0
14/08/2023,25.0,21.0,18.0,17.0,,,,,16.0,,20.0,19.0,,,,18.0,17.0,,18.5
15/08/2023,21.0,23.0,17.0,22.0,,,,,24.0,,14.0,20.0,,,11.0,18.0,16.5,,19.0
16/08/2023,17.0,15.0,19.0,14.0,,,,,20.0,,15.0,18.0,,,20.0,17.0,17.0,,17.5
17/08/2023,22.0,23.0,33.0,19.0,,,,,32.0,,23.0,19.0,,,15.0,21.0,17.0,,20.0
18/08/2023,29.0,44.0,39.0,24.0,,,,,30.0,,32.0,35.0,,,25.0,29.0,24.5,,32.0
19/08/2023,34.0,34.0,34.0,19.0,,,,,38.0,,27.0,40.0,,,40.0,36.0,29.5,,38.0
20/08/2023,37.0,32.0,26.0,32.0,,,,,,,35.0,39.0,,,31.0,,31.5,,39.0
21/08/2023,25.0,23.0,20.0,23.0,,,,,,,16.0,26.0,,,27.0,,25.0,,26.0
22/08/2023,23.0,18.0,20.0,22.0,,,,,,,22.0,18.0,,,26.0,,24.0,,18.0
23/08/2023,24.0,16.0,20.0,16.0,,23.0,,,18.0,,16.0,17.0,,,11.0,,13.5,,17.0
24/08/2023,14.0,14.0,14.0,10.0,,11.0,,,9.0,,12.0,10.0,,,,,10.0,,10.0
25/08/2023,19.0,16.0,19.0,16.0,,15.0,,,19.0,,17.0,22.0,,,,,16.0,,22.0
26/08/2023,48.0,43.0,33.0,34.0,,37.0,,,42.0,,39.0,52.0,,,37.0,,35.5,,52.0
27/08/2023,24.0,21.0,18.0,19.0,,14.0,,,18.0,,18.0,20.0,,,28.0,,23.5,,20.0
28/08/2023,42.0,30.0,26.0,30.0,,29.0,,,23.0,,31.0,32.0,,,34.0,,32.0,,32.0
29/08/2023,33.0,28.0,26.0,23.0,,16.0,,,32.0,,30.0,25.0,,,21.0,,22.0,,25.0
30/08/2023,25.0,21.0,24.0,19.0,,,,,29.0,,30.0,33.0,,,32.0,,25.5,,33.0
31/08/2023,51.0,50.0,44.0,41.0,,,,,48.0,,48.0,57.0,,,49.0,42.0,45.0,,49.5
01/09/2023,51.0,50.0,52.0,42.0,,,,,44.0,,55.0,51.0,,,51.0,46.0,46.5,,48.5
02/09/2023,40.0,26.0,31.0,32.0,,,,,29.0,,30.0,34.0,,,32.0,33.0,32.0,,33.5
03/09/2023,31.0,35.0,35.0,21.0,,,,,30.0,,31.0,40.0,,,26.0,33.0,23.5,,36.5
04/09/2023,31.0,28.0,31.0,17.0,,,,,32.0,,26.0,32.0,,,22.0,30.0,19.5,,31.0
05/09/2023,19.0,33.0,38.0,21.0,,,,,34.0,,21.0,38.0,,,29.0,32.0,25.0,,35.0
06/09/2023,29.0,40.0,33.0,24.0,,,,,45.0,,28.0,41.0,,,24.0,,24.0,,41.0
07/09/2023,26.0,28.0,24.0,18.0,,,,,25.0,,25.0,31.0,,,27.0,,22.5,,31.0
08/09/2023,19.0,22.0,,21.0,,,,,23.0,,24.0,21.0,,,16.0,,18.5,,21.0
09/09/2023,18.0,17.0,,15.0,,,,,23.0,,16.0,23.0,,,19.0,,17.0,,23.0
10/09/2023,13.0,15.0,,17.0,,,,,12.0,,18.0,8.0,,,16.0,,16.5,,8.0
11/09/2023,13.0,14.0,7.0,14.0,,,,,26.0,,13.0,17.0,,,22.0,,18.0,,17.0
12/09/2023,21.0,19.0,21.0,17.0,,,,,19.0,,18.0,16.0,,,21.0,,19.0,,16.0
13/09/2023,32.0,30.0,33.0,30.0,,,,,38.0,,31.0,47.0,,,34.0,,32.0,,47.0
14/09/2023,38.0,41.0,37.0,34.0,,,,,42.0,,39.0,55.0,,,52.0,,43.0,,55.0
15/09/2023,46.0,40.0,37.0,34.0,,,,,35.0,,32.0,55.0,,,40.0,40.0,37.0,,47.5
16/09/2023,33.0,46.0,37.0,28.0,,,,,56.0,,42.0,107.0,,,57.0,59.0,42.5,,83.0
17/09/2023,25.0,34.0,32.0,27.0,,,,,35.0,,29.0,55.0,,,39.0,35.0,33.0,,45.0
18/09/2023,42.0,38.0,52.0,33.0,,,,,34.0,,46.0,26.0,,,31.0,29.0,32.0,,27.5
19/09/2023,31.0,31.0,32.0,23.0,,,,,27.0,,29.0,37.0,,,40.0,32.0,31.5,,34.5
20/09/2023,24.0,22.0,24.0,16.0,,,,,36.0,,20.0,29.0,,,29.0,35.0,22.5,,32.0
21/09/2023,38.0,29.0,43.0,32.0,,,,,40.0,,46.0,31.0,,,23.0,29.0,27.5,,30.0
22/09/2023,30.0,25.0,22.0,27.0,,,,,24.0,,28.0,32.0,,,28.0,21.0,27.5,,26.5
23/09/2023,35.0,43.0,31.0,39.0,,,,,33.0,,43.0,36.0,,,33.0,24.0,36.0,,30.0
24/09/2023,15.0,16.0,16.0,11.0,,,,,18.0,,17.0,27.0,,,18.0,22.0,14.5,,24.5
25/09/2023,14.0,16.0,15.0,15.0,,,,,16.0,,10.0,49.0,,,17.0,22.0,16.0,,35.5
26/09/2023,9.0,13.0,16.0,10.0,,21.0,,,19.0,,11.0,19.0,,,13.0,20.0,11.5,,19.5
27/09/2023,,22.0,22.0,18.0,,29.0,,,26.0,,22.0,25.0,,,20.0,28.0,19.0,,26.5
28/09/2023,,18.0,22.0,,,27.0,,,28.0,,13.0,29.0,,,26.0,24.0,26.0,,26.5
29/09/2023,,32.0,29.0,,,28.0,,,31.0,,,27.0,,,26.0,26.0,26.0,,26.5
30/09/2023,,42.0,42.0,,,31.0,,,43.0,,,36.0,,,27.0,30.0,27.0,,33.0
01/10/2023,,29.0,29.0,,,30.0,,,34.0,,,44.0,,,24.0,31.0,24.0,,37.5
02/10/2023,,31.0,34.0,,,26.0,,,32.0,,23.0,28.0,,,26.0,24.0,26.0,,26.0
03/10/2023,,31.0,24.0,,,18.0,,,23.0,,26.0,41.0,,,34.0,29.0,34.0,,35.0
04/10/2023,,41.0,35.0,,,37.0,,,45.0,,28.0,42.0,,,23.0,37.0,23.0,,39.5
05/10/2023,,33.0,34.0,,,52.0,,,35.0,,33.0,37.0,,,29.0,35.0,29.0,,36.0
06/10/2023,,20.0,27.0,,,13.0,,,19.0,,22.0,14.0,,,16.0,21.0,16.0,,17.5
07/10/2023,,11.0,12.0,,,13.0,,,11.0,,12.0,8.0,,,11.0,11.0,11.0,,9.5
08/10/2023,,16.0,16.0,,,12.0,,,18.0,,13.0,17.0,,,17.0,14.0,17.0,,15.5
09/10/2023,,19.0,24.0,,,13.0,,,17.0,,21.0,21.0,,,15.0,17.0,15.0,,19.0
10/10/2023,23.0,11.0,17.0,,,12.0,,,14.0,,10.0,8.0,,,10.0,8.0,10.0,,8.0
11/10/2023,8.0,9.0,12.0,,,14.0,10.0,,8.0,,7.0,6.0,,,12.0,11.0,12.0,,8.5
12/10/2023,23.0,22.0,35.0,,,26.0,23.0,,20.0,,22.0,18.0,,,20.0,17.0,20.0,,17.5
13/10/2023,29.0,29.0,40.0,,,42.0,33.0,,35.0,,31.0,38.0,,,45.0,34.0,45.0,,36.0
14/10/2023,15.0,19.0,22.0,,,21.0,21.0,,26.0,,18.0,33.0,,,24.0,28.0,24.0,,30.5
15/10/2023,12.0,12.0,12.0,,,10.0,14.0,,11.0,,11.0,11.0,,,9.0,16.0,9.0,,13.5
16/10/2023,15.0,7.0,18.0,,,11.0,12.0,,20.0,,12.0,8.0,,,12.0,16.0,12.0,,12.0
17/10/2023,63.0,49.0,49.0,,,49.0,43.0,,40.0,,43.0,70.0,,,45.0,48.0,45.0,,59.0
18/10/2023,34.0,41.0,52.0,,,40.0,47.0,,42.0,,32.0,43.0,,,31.0,36.0,31.0,,39.5
19/10/2023,35.0,41.0,57.0,,,66.0,37.0,,45.0,,33.0,37.0,,,37.0,40.0,37.0,,38.5
20/10/2023,37.0,38.0,52.0,,,32.0,42.0,,37.0,,36.0,29.0,,,26.0,34.0,26.0,,31.5
21/10/2023,33.0,46.0,54.0,,,44.0,44.0,,48.0,,37.0,60.0,,,42.0,41.0,42.0,,50.5
22/10/2023,25.0,30.0,41.0,,,32.0,29.0,,34.0,,34.0,31.0,,,28.0,30.0,28.0,,30.5
23/10/2023,29.0,30.0,34.0,,,35.0,35.0,,36.0,,23.0,29.0,,,25.0,31.0,25.0,,30.0
24/10/2023,33.0,40.0,35.0,23.0,,31.0,36.0,,38.0,,30.0,39.0,,,27.0,34.0,25.0,,36.5
25/10/2023,35.0,40.0,63.0,33.0,,47.0,33.0,,33.0,,38.0,36.0,,,24.0,31.0,28.5,,33.5
26/10/2023,17.0,23.0,31.0,20.0,,13.0,23.0,,24.0,,18.0,18.0,,,26.0,26.0,23.0,,22.0
27/10/2023,35.0,39.0,34.0,27.0,,25.0,32.0,,35.0,,34.0,38.0,,,33.0,36.0,30.0,,37.0
28/10/2023,25.0,25.0,33.0,20.0,,19.0,23.0,,25.0,,24.0,28.0,,,25.0,22.0,22.5,,25.0
29/10/2023,34.0,42.0,44.0,28.0,,39.0,42.0,,35.0,,35.0,49.0,,,36.0,40.0,32.0,,44.5
30/10/2023,42.0,55.0,42.0,47.0,,58.0,47.0,,55.0,,44.0,45.0,,,60.0,58.0,53.5,,51.5
31/10/2023,32.0,40.0,51.0,30.0,,50.0,51.0,,36.0,,37.0,35.0,,,30.0,29.0,30.0,,32.0
01/11/2023,63.0,59.0,58.0,48.0,,56.0,56.0,,,,54.0,64.0,,,55.0,60.0,51.5,,62.0
02/11/2023,39.0,47.0,42.0,35.0,,49.0,46.0,,,,40.0,57.0,,,35.0,52.0,35.0,,54.5
03/11/2023,25.0,37.0,36.0,28.0,,61.0,49.0,,,,33.0,48.0,,,30.0,54.0,29.0,,51.0
04/11/2023,25.0,75.0,50.0,53.0,,58.0,68.0,,,,30.0,64.0,,,58.0,65.0,55.5,,64.5
05/11/2023,32.0,40.0,35.0,24.0,,48.0,41.0,,,,27.0,39.0,,,42.0,30.0,33.0,,34.5
06/11/2023,28.0,52.0,55.0,31.0,,52.0,51.0,,,,35.0,56.0,,,33.0,51.0,32.0,,53.5
07/11/2023,26.0,45.0,41.0,32.0,,36.0,34.0,,,,28.0,49.0,,,27.0,39.0,29.5,,44.0
08/11/2023,26.0,32.0,48.0,27.0,,68.0,36.0,,40.0,,34.0,42.0,,,34.0,31.0,30.5,,36.5
09/11/2023,27.0,40.0,45.0,42.0,,47.0,38.0,,42.0,,40.0,37.0,,,33.0,27.0,37.5,,32.0
10/11/2023,56.0,60.0,88.0,47.0,,69.0,53.0,,49.0,,52.0,72.0,,,50.0,54.0,48.5,,63.0
11/11/2023,40.0,38.0,37.0,29.0,,44.0,35.0,,37.0,,39.0,34.0,,,30.0,,29.5,,34.0
12/11/2023,26.0,26.0,30.0,23.0,,,32.0,,21.0,,24.0,45.0,,,33.0,,28.0,,45.0
13/11/2023,40.0,41.0,33.0,34.0,,,37.0,,34.0,,39.0,77.0,,,43.0,,38.5,,77.0
14/11/2023,31.0,30.0,,26.0,,,29.0,,34.0,,27.0,35.0,,,33.0,,29.5,,35.0
15/11/2023,34.0,48.0,,25.0,,49.0,44.0,,34.0,,27.0,31.0,,,24.0,,24.5,,31.0
16/11/2023,34.0,43.0,,30.0,,75.0,37.0,,49.0,,44.0,47.0,,,35.0,39.0,32.5,,43.0
17/11/2023,29.0,35.0,,34.0,,58.0,47.0,,44.0,,29.0,61.0,,,41.0,48.0,37.5,,54.5
18/11/2023,24.0,,,20.0,,54.0,34.0,,39.0,,27.0,48.0,,,28.0,36.0,24.0,,42.0
19/11/2023,24.0,32.0,,23.0,,58.0,40.0,,45.0,,26.0,83.0,,,37.0,42.0,30.0,,62.5
20/11/2023,36.0,51.0,,63.0,,54.0,56.0,,43.0,,41.0,52.0,,,36.0,47.0,49.5,,49.5
21/11/2023,54.0,61.0,,34.0,,53.0,62.0,,57.0,,51.0,,,,53.0,53.0,43.5,,53.0
22/11/2023,40.0,41.0,,49.0,,47.0,45.0,,40.0,,49.0,12.0,,,34.0,45.0,41.5,,28.5
23/11/2023,6.0,14.0,33.0,11.0,,16.0,14.0,,22.0,,16.0,22.0,,,7.0,24.0,9.0,,23.0
24/11/2023,17.0,23.0,44.0,22.0,,16.0,34.0,,29.0,,18.0,21.0,,,23.0,21.0,22.5,,21.0
25/11/2023,20.0,22.0,48.0,24.0,,42.0,30.0,,35.0,,20.0,48.0,,,21.0,27.0,22.5,,37.5
26/11/2023,21.0,25.0,36.0,16.0,,29.0,25.0,,26.0,,,28.0,,,16.0,23.0,16.0,,25.5
27/11/2023,45.0,53.0,48.0,29.0,,31.0,42.0,,46.0,,,73.0,,,37.0,51.0,33.0,,62.0
28/11/2023,26.0,35.0,44.0,28.0,,,31.0,,35.0,,35.0,30.0,,,35.0,31.0,31.5,,30.5
29/11/2023,18.0,21.0,28.0,21.0,,,22.0,,28.0,,21.0,31.0,,,15.0,25.0,18.0,,28.0
30/11/2023,20.0,27.0,39.0,19.0,,,30.0,,33.0,,23.0,28.0,,,26.0,32.0,22.5,,30.0
01/12/2023,21.0,21.0,44.0,18.0,,41.0,19.0,,22.0,,18.0,26.0,,,18.0,20.0,18.0,,23.0
02/12/2023,34.0,43.0,35.0,28.0,,37.0,42.0,,47.0,,35.0,42.0,,,26.0,31.0,27.0,,36.5
03/12/2023,62.0,69.0,76.0,46.0,,63.0,59.0,,64.0,,64.0,72.0,,,53.0,61.0,49.5,,66.5
04/12/2023,37.0,39.0,40.0,37.0,,41.0,36.0,,33.0,,43.0,36.0,,,29.0,34.0,33.0,,35.0
05/12/2023,73.0,69.0,64.0,61.0,,57.0,60.0,,55.0,,65.0,60.0,,,56.0,62.0,58.5,,61.0
06/12/2023,18.0,19.0,21.0,18.0,,16.0,25.0,,18.0,,22.0,20.0,,,,26.0,18.0,,23.0
07/12/2023,42.0,48.0,47.0,34.0,,51.0,46.0,,44.0,,47.0,44.0,,,,40.0,34.0,,42.0
08/12/2023,14.0,36.0,49.0,23.0,,39.0,39.0,,37.0,,20.0,57.0,,,,36.0,23.0,,46.5
09/12/2023,30.0,36.0,45.0,27.0,,43.0,48.0,,47.0,,34.0,53.0,,,,47.0,27.0,,50.0
10/12/2023,26.0,32.0,34.0,27.0,,29.0,29.0,,31.0,,24.0,42.0,,,,47.0,27.0,,44.5
11/12/2023,42.0,39.0,34.0,33.0,,32.0,31.0,,30.0,,40.0,45.0,,,,41.0,33.0,,43.0
12/12/2023,63.0,96.0,79.0,68.0,,80.0,80.0,,82.0,,71.0,109.0,,,,94.0,68.0,,101.5
13/12/2023,72.0,78.0,66.0,63.0,,83.0,63.0,,66.0,,68.0,80.0,,,,62.0,63.0,,71.0
14/12/2023,89.0,90.0,85.0,81.0,,94.0,76.0,,83.0,,87.0,114.0,,,,92.0,81.0,,103.0
15/12/2023,46.0,47.0,31.0,34.0,,39.0,41.0,,38.0,,40.0,47.0,,,,38.0,34.0,,42.5
16/12/2023,29.0,27.0,34.0,26.0,,25.0,24.0,,22.0,,33.0,31.0,,,,36.0,26.0,,33.5
17/12/2023,32.0,48.0,42.0,26.0,,56.0,42.0,,47.0,,35.0,38.0,,,,43.0,26.0,,40.5
18/12/2023,32.0,41.0,38.0,30.0,,54.0,38.0,,46.0,,37.0,51.0,,,,40.0,30.0,,45.5
19/12/2023,61.0,85.0,80.0,72.0,,71.0,77.0,,71.0,,60.0,88.0,,,,78.0,72.0,,83.0
20/12/2023,38.0,53.0,61.0,38.0,,74.0,89.0,,55.0,,41.0,84.0,,,,63.0,38.0,,73.5
21/12/2023,65.0,52.0,45.0,47.0,,80.0,37.0,,53.0,,55.0,49.0,,,,58.0,47.0,,53.5
22/12/2023,38.0,68.0,48.0,42.0,,92.0,57.0,,60.0,,61.0,,,,,60.0,42.0,,60.0
23/12/2023,55.0,52.0,62.0,46.0,,48.0,54.0,,54.0,,60.0,,,,,61.0,46.0,,61.0
24/12/2023,25.0,46.0,58.0,44.0,,44.0,45.0,,79.0,,43.0,,,,,51.0,44.0,,51.0
25/12/2023,33.0,72.0,114.0,65.0,,146.0,76.0,,102.0,,74.0,,,,,106.0,65.0,,106.0
26/12/2023,37.0,38.0,30.0,36.0,,29.0,37.0,,37.0,,39.0,24.0,,,,36.0,36.0,,30.0
27/12/2023,19.0,21.0,33.0,17.0,,18.0,25.0,,53.0,,24.0,19.0,,,,29.0,17.0,,24.0
28/12/2023,17.0,28.0,44.0,24.0,,34.0,29.0,,43.0,,19.0,43.0,,,,35.0,24.0,,39.0
29/12/2023,34.0,30.0,43.0,27.0,,48.0,32.0,,57.0,,26.0,32.0,,,,35.0,27.0,,33.5
30/12/2023,37.0,34.0,37.0,22.0,,39.0,32.0,,35.0,,38.0,50.0,,,,41.0,22.0,,45.5
31/12/2023,36.0,34.0,37.0,32.0,,,34.0,,43.0,,51.0,52.0,,,,53.0,32.0,,52.5
